{
  "type": "FeatureCollection",
  "features": [
    {
      "type": "Feature",
      "id": 1,
      "geometry": {
        "type": "Point",
        "coordinates": [
          42.134544,
          47.551418
        ]
      },
      "properties": {
        "time": "141609"
      }
    },
    {
      "type": "Feature",
      "id": 2,
      "geometry": {
        "type": "Point",
        "coordinates": [
          42.134548,
          47.551388
        ]
      },
      "properties": {
        "time": "141610"
      }
    },
    {
      "type": "Feature",
      "id": 3,
      "geometry": {
        "type": "Point",
        "coordinates": [
          42.134697,
          47.551331
        ]
      },
      "properties": {
        "time": "141611"
      }
    },
    {
      "type": "Feature",
      "id": 4,
      "geometry": {
        "type": "Point",
        "coordinates": [
          42.134804,
          47.551273
        ]
      },
      "properties": {
        "time": "141612"
      }
    },
    {
      "type": "Feature",
      "id": 5,
      "geometry": {
        "type": "Point",
        "coordinates": [
          42.134804,
          47.551273
        ]
      },
      "properties": {
        "time": "141613"
      }
    },
    {
      "type": "Feature",
      "id": 6,
      "geometry": {
        "type": "Point",
        "coordinates": [
          42.134804,
          47.551273
        ]
      },
      "properties": {
        "time": "141614"
      }
    },
    {
      "type": "Feature",
      "id": 7,
      "geometry": {
        "type": "Point",
        "coordinates": [
          42.134804,
          47.551273
        ]
      },
      "properties": {
        "time": "141615"
      }
    },
    {
      "type": "Feature",
      "id": 8,
      "geometry": {
        "type": "Point",
        "coordinates": [
          42.134804,
          47.551273
        ]
      },
      "properties": {
        "time": "141616"
      }
    },
    {
      "type": "Feature",
      "id": 9,
      "geometry": {
        "type": "Point",
        "coordinates": [
          42.134804,
          47.551273
        ]
      },
      "properties": {
        "time": "141617"
      }
    },
    {
      "type": "Feature",
      "id": 10,
      "geometry": {
        "type": "Point",
        "coordinates": [
          42.134804,
          47.551273
        ]
      },
      "properties": {
        "time": "141618"
      }
    },
    {
      "type": "Feature",
      "id": 11,
      "geometry": {
        "type": "Point",
        "coordinates": [
          42.134804,
          47.551273
        ]
      },
      "properties": {
        "time": "141619"
      }
    },
    {
      "type": "Feature",
      "id": 12,
      "geometry": {
        "type": "Point",
        "coordinates": [
          42.135864,
          47.551601
        ]
      },
      "properties": {
        "time": "141620"
      }
    },
    {
      "type": "Feature",
      "id": 13,
      "geometry": {
        "type": "Point",
        "coordinates": [
          42.13591,
          47.55151
        ]
      },
      "properties": {
        "time": "141621"
      }
    },
    {
      "type": "Feature",
      "id": 14,
      "geometry": {
        "type": "Point",
        "coordinates": [
          42.136223,
          47.551609
        ]
      },
      "properties": {
        "time": "141622"
      }
    },
    {
      "type": "Feature",
      "id": 15,
      "geometry": {
        "type": "Point",
        "coordinates": [
          42.136475,
          47.551689
        ]
      },
      "properties": {
        "time": "141623"
      }
    },
    {
      "type": "Feature",
      "id": 16,
      "geometry": {
        "type": "Point",
        "coordinates": [
          42.136757,
          47.551811
        ]
      },
      "properties": {
        "time": "141624"
      }
    },
    {
      "type": "Feature",
      "id": 17,
      "geometry": {
        "type": "Point",
        "coordinates": [
          42.137039,
          47.551773
        ]
      },
      "properties": {
        "time": "141625"
      }
    },
    {
      "type": "Feature",
      "id": 18,
      "geometry": {
        "type": "Point",
        "coordinates": [
          42.137379,
          47.551884
        ]
      },
      "properties": {
        "time": "141626"
      }
    },
    {
      "type": "Feature",
      "id": 19,
      "geometry": {
        "type": "Point",
        "coordinates": [
          42.137562,
          47.552013
        ]
      },
      "properties": {
        "time": "141627"
      }
    },
    {
      "type": "Feature",
      "id": 20,
      "geometry": {
        "type": "Point",
        "coordinates": [
          42.137917,
          47.552143
        ]
      },
      "properties": {
        "time": "141628"
      }
    },
    {
      "type": "Feature",
      "id": 21,
      "geometry": {
        "type": "Point",
        "coordinates": [
          42.138058,
          47.552151
        ]
      },
      "properties": {
        "time": "141629"
      }
    },
    {
      "type": "Feature",
      "id": 22,
      "geometry": {
        "type": "Point",
        "coordinates": [
          42.138134,
          47.552364
        ]
      },
      "properties": {
        "time": "141630"
      }
    },
    {
      "type": "Feature",
      "id": 23,
      "geometry": {
        "type": "Point",
        "coordinates": [
          42.138126,
          47.552509
        ]
      },
      "properties": {
        "time": "141631"
      }
    },
    {
      "type": "Feature",
      "id": 24,
      "geometry": {
        "type": "Point",
        "coordinates": [
          42.138302,
          47.552055
        ]
      },
      "properties": {
        "time": "141632"
      }
    },
    {
      "type": "Feature",
      "id": 25,
      "geometry": {
        "type": "Point",
        "coordinates": [
          42.137917,
          47.551853
        ]
      },
      "properties": {
        "time": "141633"
      }
    },
    {
      "type": "Feature",
      "id": 26,
      "geometry": {
        "type": "Point",
        "coordinates": [
          42.138176,
          47.551971
        ]
      },
      "properties": {
        "time": "141634"
      }
    },
    {
      "type": "Feature",
      "id": 27,
      "geometry": {
        "type": "Point",
        "coordinates": [
          42.138233,
          47.551998
        ]
      },
      "properties": {
        "time": "141635"
      }
    },
    {
      "type": "Feature",
      "id": 28,
      "geometry": {
        "type": "Point",
        "coordinates": [
          42.138908,
          47.5527
        ]
      },
      "properties": {
        "time": "141636"
      }
    },
    {
      "type": "Feature",
      "id": 29,
      "geometry": {
        "type": "Point",
        "coordinates": [
          42.139595,
          47.553219
        ]
      },
      "properties": {
        "time": "141637"
      }
    },
    {
      "type": "Feature",
      "id": 30,
      "geometry": {
        "type": "Point",
        "coordinates": [
          42.139729,
          47.553181
        ]
      },
      "properties": {
        "time": "141638"
      }
    },
    {
      "type": "Feature",
      "id": 31,
      "geometry": {
        "type": "Point",
        "coordinates": [
          42.139507,
          47.552792
        ]
      },
      "properties": {
        "time": "141639"
      }
    },
    {
      "type": "Feature",
      "id": 32,
      "geometry": {
        "type": "Point",
        "coordinates": [
          42.139332,
          47.552681
        ]
      },
      "properties": {
        "time": "141640"
      }
    },
    {
      "type": "Feature",
      "id": 33,
      "geometry": {
        "type": "Point",
        "coordinates": [
          42.139431,
          47.552238
        ]
      },
      "properties": {
        "time": "141641"
      }
    },
    {
      "type": "Feature",
      "id": 34,
      "geometry": {
        "type": "Point",
        "coordinates": [
          42.138073,
          47.552364
        ]
      },
      "properties": {
        "time": "141642"
      }
    },
    {
      "type": "Feature",
      "id": 35,
      "geometry": {
        "type": "Point",
        "coordinates": [
          42.137676,
          47.551678
        ]
      },
      "properties": {
        "time": "141643"
      }
    },
    {
      "type": "Feature",
      "id": 36,
      "geometry": {
        "type": "Point",
        "coordinates": [
          42.136459,
          47.551529
        ]
      },
      "properties": {
        "time": "141644"
      }
    },
    {
      "type": "Feature",
      "id": 37,
      "geometry": {
        "type": "Point",
        "coordinates": [
          42.135201,
          47.55209
        ]
      },
      "properties": {
        "time": "141645"
      }
    },
    {
      "type": "Feature",
      "id": 38,
      "geometry": {
        "type": "Point",
        "coordinates": [
          42.134483,
          47.552582
        ]
      },
      "properties": {
        "time": "141646"
      }
    },
    {
      "type": "Feature",
      "id": 39,
      "geometry": {
        "type": "Point",
        "coordinates": [
          42.132893,
          47.553188
        ]
      },
      "properties": {
        "time": "141647"
      }
    },
    {
      "type": "Feature",
      "id": 40,
      "geometry": {
        "type": "Point",
        "coordinates": [
          42.132893,
          47.553188
        ]
      },
      "properties": {
        "time": "141648"
      }
    },
    {
      "type": "Feature",
      "id": 41,
      "geometry": {
        "type": "Point",
        "coordinates": [
          42.140991,
          47.546558
        ]
      },
      "properties": {
        "time": "141649"
      }
    },
    {
      "type": "Feature",
      "id": 42,
      "geometry": {
        "type": "Point",
        "coordinates": [
          42.139008,
          47.54776
        ]
      },
      "properties": {
        "time": "141650"
      }
    },
    {
      "type": "Feature",
      "id": 43,
      "geometry": {
        "type": "Point",
        "coordinates": [
          42.147175,
          47.552719
        ]
      },
      "properties": {
        "time": "141651"
      }
    },
    {
      "type": "Feature",
      "id": 44,
      "geometry": {
        "type": "Point",
        "coordinates": [
          42.15073,
          47.556541
        ]
      },
      "properties": {
        "time": "141652"
      }
    },
    {
      "type": "Feature",
      "id": 45,
      "geometry": {
        "type": "Point",
        "coordinates": [
          42.15073,
          47.556541
        ]
      },
      "properties": {
        "time": "141653"
      }
    },
    {
      "type": "Feature",
      "id": 46,
      "geometry": {
        "type": "Point",
        "coordinates": [
          42.15073,
          47.556541
        ]
      },
      "properties": {
        "time": "141654"
      }
    },
    {
      "type": "Feature",
      "id": 47,
      "geometry": {
        "type": "Point",
        "coordinates": [
          42.15073,
          47.556541
        ]
      },
      "properties": {
        "time": "141655"
      }
    },
    {
      "type": "Feature",
      "id": 48,
      "geometry": {
        "type": "Point",
        "coordinates": [
          42.15073,
          47.556541
        ]
      },
      "properties": {
        "time": "141656"
      }
    },
    {
      "type": "Feature",
      "id": 49,
      "geometry": {
        "type": "Point",
        "coordinates": [
          42.15073,
          47.556541
        ]
      },
      "properties": {
        "time": "141657"
      }
    },
    {
      "type": "Feature",
      "id": 50,
      "geometry": {
        "type": "Point",
        "coordinates": [
          42.15073,
          47.556541
        ]
      },
      "properties": {
        "time": "141658"
      }
    },
    {
      "type": "Feature",
      "id": 51,
      "geometry": {
        "type": "Point",
        "coordinates": [
          42.15073,
          47.556541
        ]
      },
      "properties": {
        "time": "141659"
      }
    },
    {
      "type": "Feature",
      "id": 52,
      "geometry": {
        "type": "Point",
        "coordinates": [
          42.15073,
          47.556541
        ]
      },
      "properties": {
        "time": "141660"
      }
    },
    {
      "type": "Feature",
      "id": 53,
      "geometry": {
        "type": "Point",
        "coordinates": [
          42.15073,
          47.556541
        ]
      },
      "properties": {
        "time": "141661"
      }
    },
    {
      "type": "Feature",
      "id": 54,
      "geometry": {
        "type": "Point",
        "coordinates": [
          42.15073,
          47.556541
        ]
      },
      "properties": {
        "time": "141662"
      }
    },
    {
      "type": "Feature",
      "id": 55,
      "geometry": {
        "type": "Point",
        "coordinates": [
          42.15073,
          47.556541
        ]
      },
      "properties": {
        "time": "141663"
      }
    },
    {
      "type": "Feature",
      "id": 56,
      "geometry": {
        "type": "Point",
        "coordinates": [
          42.15073,
          47.556541
        ]
      },
      "properties": {
        "time": "141664"
      }
    },
    {
      "type": "Feature",
      "id": 57,
      "geometry": {
        "type": "Point",
        "coordinates": [
          42.15073,
          47.556541
        ]
      },
      "properties": {
        "time": "141665"
      }
    },
    {
      "type": "Feature",
      "id": 58,
      "geometry": {
        "type": "Point",
        "coordinates": [
          42.15073,
          47.556541
        ]
      },
      "properties": {
        "time": "141666"
      }
    },
    {
      "type": "Feature",
      "id": 59,
      "geometry": {
        "type": "Point",
        "coordinates": [
          42.15073,
          47.556541
        ]
      },
      "properties": {
        "time": "141667"
      }
    },
    {
      "type": "Feature",
      "id": 60,
      "geometry": {
        "type": "Point",
        "coordinates": [
          42.15073,
          47.556541
        ]
      },
      "properties": {
        "time": "141668"
      }
    },
    {
      "type": "Feature",
      "id": 61,
      "geometry": {
        "type": "Point",
        "coordinates": [
          42.15073,
          47.556541
        ]
      },
      "properties": {
        "time": "141669"
      }
    },
    {
      "type": "Feature",
      "id": 62,
      "geometry": {
        "type": "Point",
        "coordinates": [
          42.15073,
          47.556541
        ]
      },
      "properties": {
        "time": "141670"
      }
    },
    {
      "type": "Feature",
      "id": 63,
      "geometry": {
        "type": "Point",
        "coordinates": [
          42.15073,
          47.556541
        ]
      },
      "properties": {
        "time": "141671"
      }
    },
    {
      "type": "Feature",
      "id": 64,
      "geometry": {
        "type": "Point",
        "coordinates": [
          42.15073,
          47.556541
        ]
      },
      "properties": {
        "time": "141672"
      }
    },
    {
      "type": "Feature",
      "id": 65,
      "geometry": {
        "type": "Point",
        "coordinates": [
          42.15073,
          47.556541
        ]
      },
      "properties": {
        "time": "141673"
      }
    },
    {
      "type": "Feature",
      "id": 66,
      "geometry": {
        "type": "Point",
        "coordinates": [
          42.15073,
          47.556541
        ]
      },
      "properties": {
        "time": "141674"
      }
    },
    {
      "type": "Feature",
      "id": 67,
      "geometry": {
        "type": "Point",
        "coordinates": [
          42.15073,
          47.556541
        ]
      },
      "properties": {
        "time": "141675"
      }
    },
    {
      "type": "Feature",
      "id": 68,
      "geometry": {
        "type": "Point",
        "coordinates": [
          42.15073,
          47.556541
        ]
      },
      "properties": {
        "time": "141676"
      }
    },
    {
      "type": "Feature",
      "id": 69,
      "geometry": {
        "type": "Point",
        "coordinates": [
          42.15073,
          47.556541
        ]
      },
      "properties": {
        "time": "141677"
      }
    },
    {
      "type": "Feature",
      "id": 70,
      "geometry": {
        "type": "Point",
        "coordinates": [
          42.15073,
          47.556541
        ]
      },
      "properties": {
        "time": "141678"
      }
    },
    {
      "type": "Feature",
      "id": 71,
      "geometry": {
        "type": "Point",
        "coordinates": [
          42.15073,
          47.556541
        ]
      },
      "properties": {
        "time": "141679"
      }
    },
    {
      "type": "Feature",
      "id": 72,
      "geometry": {
        "type": "Point",
        "coordinates": [
          42.15073,
          47.556541
        ]
      },
      "properties": {
        "time": "141680"
      }
    },
    {
      "type": "Feature",
      "id": 73,
      "geometry": {
        "type": "Point",
        "coordinates": [
          42.15073,
          47.556541
        ]
      },
      "properties": {
        "time": "141681"
      }
    },
    {
      "type": "Feature",
      "id": 74,
      "geometry": {
        "type": "Point",
        "coordinates": [
          42.15073,
          47.556541
        ]
      },
      "properties": {
        "time": "141682"
      }
    },
    {
      "type": "Feature",
      "id": 75,
      "geometry": {
        "type": "Point",
        "coordinates": [
          42.15073,
          47.556541
        ]
      },
      "properties": {
        "time": "141683"
      }
    },
    {
      "type": "Feature",
      "id": 76,
      "geometry": {
        "type": "Point",
        "coordinates": [
          42.15073,
          47.556541
        ]
      },
      "properties": {
        "time": "141684"
      }
    },
    {
      "type": "Feature",
      "id": 77,
      "geometry": {
        "type": "Point",
        "coordinates": [
          42.15073,
          47.556541
        ]
      },
      "properties": {
        "time": "141685"
      }
    },
    {
      "type": "Feature",
      "id": 78,
      "geometry": {
        "type": "Point",
        "coordinates": [
          42.15073,
          47.556541
        ]
      },
      "properties": {
        "time": "141686"
      }
    },
    {
      "type": "Feature",
      "id": 79,
      "geometry": {
        "type": "Point",
        "coordinates": [
          42.15073,
          47.556541
        ]
      },
      "properties": {
        "time": "141687"
      }
    },
    {
      "type": "Feature",
      "id": 80,
      "geometry": {
        "type": "Point",
        "coordinates": [
          42.15073,
          47.556541
        ]
      },
      "properties": {
        "time": "141688"
      }
    },
    {
      "type": "Feature",
      "id": 81,
      "geometry": {
        "type": "Point",
        "coordinates": [
          42.15073,
          47.556541
        ]
      },
      "properties": {
        "time": "141689"
      }
    },
    {
      "type": "Feature",
      "id": 82,
      "geometry": {
        "type": "Point",
        "coordinates": [
          42.15073,
          47.556541
        ]
      },
      "properties": {
        "time": "141690"
      }
    },
    {
      "type": "Feature",
      "id": 83,
      "geometry": {
        "type": "Point",
        "coordinates": [
          42.15073,
          47.556541
        ]
      },
      "properties": {
        "time": "141691"
      }
    },
    {
      "type": "Feature",
      "id": 84,
      "geometry": {
        "type": "Point",
        "coordinates": [
          42.15073,
          47.556541
        ]
      },
      "properties": {
        "time": "141692"
      }
    },
    {
      "type": "Feature",
      "id": 85,
      "geometry": {
        "type": "Point",
        "coordinates": [
          42.15073,
          47.556541
        ]
      },
      "properties": {
        "time": "141693"
      }
    },
    {
      "type": "Feature",
      "id": 86,
      "geometry": {
        "type": "Point",
        "coordinates": [
          42.15073,
          47.556541
        ]
      },
      "properties": {
        "time": "141694"
      }
    },
    {
      "type": "Feature",
      "id": 87,
      "geometry": {
        "type": "Point",
        "coordinates": [
          42.15073,
          47.556541
        ]
      },
      "properties": {
        "time": "141695"
      }
    },
    {
      "type": "Feature",
      "id": 88,
      "geometry": {
        "type": "Point",
        "coordinates": [
          42.15073,
          47.556541
        ]
      },
      "properties": {
        "time": "141696"
      }
    },
    {
      "type": "Feature",
      "id": 89,
      "geometry": {
        "type": "Point",
        "coordinates": [
          42.15073,
          47.556541
        ]
      },
      "properties": {
        "time": "141697"
      }
    },
    {
      "type": "Feature",
      "id": 90,
      "geometry": {
        "type": "Point",
        "coordinates": [
          42.15073,
          47.556541
        ]
      },
      "properties": {
        "time": "141698"
      }
    },
    {
      "type": "Feature",
      "id": 91,
      "geometry": {
        "type": "Point",
        "coordinates": [
          42.15073,
          47.556541
        ]
      },
      "properties": {
        "time": "141699"
      }
    },
    {
      "type": "Feature",
      "id": 92,
      "geometry": {
        "type": "Point",
        "coordinates": [
          42.15073,
          47.556541
        ]
      },
      "properties": {
        "time": "141700"
      }
    },
    {
      "type": "Feature",
      "id": 93,
      "geometry": {
        "type": "Point",
        "coordinates": [
          42.15073,
          47.556541
        ]
      },
      "properties": {
        "time": "141701"
      }
    },
    {
      "type": "Feature",
      "id": 94,
      "geometry": {
        "type": "Point",
        "coordinates": [
          42.15073,
          47.556541
        ]
      },
      "properties": {
        "time": "141702"
      }
    },
    {
      "type": "Feature",
      "id": 95,
      "geometry": {
        "type": "Point",
        "coordinates": [
          42.15073,
          47.556541
        ]
      },
      "properties": {
        "time": "141703"
      }
    },
    {
      "type": "Feature",
      "id": 96,
      "geometry": {
        "type": "Point",
        "coordinates": [
          42.15073,
          47.556541
        ]
      },
      "properties": {
        "time": "141704"
      }
    },
    {
      "type": "Feature",
      "id": 97,
      "geometry": {
        "type": "Point",
        "coordinates": [
          42.15073,
          47.556541
        ]
      },
      "properties": {
        "time": "141705"
      }
    },
    {
      "type": "Feature",
      "id": 98,
      "geometry": {
        "type": "Point",
        "coordinates": [
          42.15073,
          47.556541
        ]
      },
      "properties": {
        "time": "141706"
      }
    },
    {
      "type": "Feature",
      "id": 99,
      "geometry": {
        "type": "Point",
        "coordinates": [
          42.15073,
          47.556541
        ]
      },
      "properties": {
        "time": "141707"
      }
    },
    {
      "type": "Feature",
      "id": 100,
      "geometry": {
        "type": "Point",
        "coordinates": [
          42.15073,
          47.556541
        ]
      },
      "properties": {
        "time": "141708"
      }
    },
    {
      "type": "Feature",
      "id": 101,
      "geometry": {
        "type": "Point",
        "coordinates": [
          42.15073,
          47.556541
        ]
      },
      "properties": {
        "time": "141709"
      }
    },
    {
      "type": "Feature",
      "id": 102,
      "geometry": {
        "type": "Point",
        "coordinates": [
          42.15073,
          47.556541
        ]
      },
      "properties": {
        "time": "141710"
      }
    },
    {
      "type": "Feature",
      "id": 103,
      "geometry": {
        "type": "Point",
        "coordinates": [
          42.15073,
          47.556541
        ]
      },
      "properties": {
        "time": "141711"
      }
    },
    {
      "type": "Feature",
      "id": 104,
      "geometry": {
        "type": "Point",
        "coordinates": [
          42.15073,
          47.556541
        ]
      },
      "properties": {
        "time": "141712"
      }
    },
    {
      "type": "Feature",
      "id": 105,
      "geometry": {
        "type": "Point",
        "coordinates": [
          42.15073,
          47.556541
        ]
      },
      "properties": {
        "time": "141713"
      }
    },
    {
      "type": "Feature",
      "id": 106,
      "geometry": {
        "type": "Point",
        "coordinates": [
          42.15073,
          47.556541
        ]
      },
      "properties": {
        "time": "141714"
      }
    },
    {
      "type": "Feature",
      "id": 107,
      "geometry": {
        "type": "Point",
        "coordinates": [
          42.15073,
          47.556541
        ]
      },
      "properties": {
        "time": "141715"
      }
    },
    {
      "type": "Feature",
      "id": 108,
      "geometry": {
        "type": "Point",
        "coordinates": [
          42.15073,
          47.556541
        ]
      },
      "properties": {
        "time": "141716"
      }
    },
    {
      "type": "Feature",
      "id": 109,
      "geometry": {
        "type": "Point",
        "coordinates": [
          42.15073,
          47.556541
        ]
      },
      "properties": {
        "time": "141717"
      }
    },
    {
      "type": "Feature",
      "id": 110,
      "geometry": {
        "type": "Point",
        "coordinates": [
          42.15073,
          47.556541
        ]
      },
      "properties": {
        "time": "141718"
      }
    },
    {
      "type": "Feature",
      "id": 111,
      "geometry": {
        "type": "Point",
        "coordinates": [
          42.15073,
          47.556541
        ]
      },
      "properties": {
        "time": "141719"
      }
    },
    {
      "type": "Feature",
      "id": 112,
      "geometry": {
        "type": "Point",
        "coordinates": [
          42.15073,
          47.556541
        ]
      },
      "properties": {
        "time": "141720"
      }
    },
    {
      "type": "Feature",
      "id": 113,
      "geometry": {
        "type": "Point",
        "coordinates": [
          42.15073,
          47.556541
        ]
      },
      "properties": {
        "time": "141721"
      }
    },
    {
      "type": "Feature",
      "id": 114,
      "geometry": {
        "type": "Point",
        "coordinates": [
          42.15073,
          47.556541
        ]
      },
      "properties": {
        "time": "141722"
      }
    },
    {
      "type": "Feature",
      "id": 115,
      "geometry": {
        "type": "Point",
        "coordinates": [
          42.15073,
          47.556541
        ]
      },
      "properties": {
        "time": "141723"
      }
    },
    {
      "type": "Feature",
      "id": 116,
      "geometry": {
        "type": "Point",
        "coordinates": [
          42.15073,
          47.556541
        ]
      },
      "properties": {
        "time": "141724"
      }
    },
    {
      "type": "Feature",
      "id": 117,
      "geometry": {
        "type": "Point",
        "coordinates": [
          42.15073,
          47.556541
        ]
      },
      "properties": {
        "time": "141725"
      }
    },
    {
      "type": "Feature",
      "id": 118,
      "geometry": {
        "type": "Point",
        "coordinates": [
          42.15073,
          47.556541
        ]
      },
      "properties": {
        "time": "141726"
      }
    },
    {
      "type": "Feature",
      "id": 119,
      "geometry": {
        "type": "Point",
        "coordinates": [
          42.15073,
          47.556541
        ]
      },
      "properties": {
        "time": "141727"
      }
    },
    {
      "type": "Feature",
      "id": 120,
      "geometry": {
        "type": "Point",
        "coordinates": [
          42.15073,
          47.556541
        ]
      },
      "properties": {
        "time": "141728"
      }
    },
    {
      "type": "Feature",
      "id": 121,
      "geometry": {
        "type": "Point",
        "coordinates": [
          42.15073,
          47.556541
        ]
      },
      "properties": {
        "time": "141729"
      }
    },
    {
      "type": "Feature",
      "id": 122,
      "geometry": {
        "type": "Point",
        "coordinates": [
          42.15073,
          47.556541
        ]
      },
      "properties": {
        "time": "141730"
      }
    },
    {
      "type": "Feature",
      "id": 123,
      "geometry": {
        "type": "Point",
        "coordinates": [
          42.15073,
          47.556541
        ]
      },
      "properties": {
        "time": "141731"
      }
    },
    {
      "type": "Feature",
      "id": 124,
      "geometry": {
        "type": "Point",
        "coordinates": [
          42.15073,
          47.556541
        ]
      },
      "properties": {
        "time": "141732"
      }
    },
    {
      "type": "Feature",
      "id": 125,
      "geometry": {
        "type": "Point",
        "coordinates": [
          42.15073,
          47.556541
        ]
      },
      "properties": {
        "time": "141733"
      }
    },
    {
      "type": "Feature",
      "id": 126,
      "geometry": {
        "type": "Point",
        "coordinates": [
          42.15073,
          47.556541
        ]
      },
      "properties": {
        "time": "141734"
      }
    },
    {
      "type": "Feature",
      "id": 127,
      "geometry": {
        "type": "Point",
        "coordinates": [
          42.15073,
          47.556541
        ]
      },
      "properties": {
        "time": "141735"
      }
    },
    {
      "type": "Feature",
      "id": 128,
      "geometry": {
        "type": "Point",
        "coordinates": [
          42.15073,
          47.556541
        ]
      },
      "properties": {
        "time": "141736"
      }
    },
    {
      "type": "Feature",
      "id": 129,
      "geometry": {
        "type": "Point",
        "coordinates": [
          42.15073,
          47.556541
        ]
      },
      "properties": {
        "time": "141737"
      }
    },
    {
      "type": "Feature",
      "id": 130,
      "geometry": {
        "type": "Point",
        "coordinates": [
          42.15073,
          47.556541
        ]
      },
      "properties": {
        "time": "141738"
      }
    },
    {
      "type": "Feature",
      "id": 131,
      "geometry": {
        "type": "Point",
        "coordinates": [
          42.15073,
          47.556541
        ]
      },
      "properties": {
        "time": "141739"
      }
    },
    {
      "type": "Feature",
      "id": 132,
      "geometry": {
        "type": "Point",
        "coordinates": [
          42.15073,
          47.556541
        ]
      },
      "properties": {
        "time": "141740"
      }
    },
    {
      "type": "Feature",
      "id": 133,
      "geometry": {
        "type": "Point",
        "coordinates": [
          42.15073,
          47.556541
        ]
      },
      "properties": {
        "time": "141741"
      }
    },
    {
      "type": "Feature",
      "id": 134,
      "geometry": {
        "type": "Point",
        "coordinates": [
          42.15073,
          47.556541
        ]
      },
      "properties": {
        "time": "141742"
      }
    },
    {
      "type": "Feature",
      "id": 135,
      "geometry": {
        "type": "Point",
        "coordinates": [
          42.15073,
          47.556541
        ]
      },
      "properties": {
        "time": "141743"
      }
    },
    {
      "type": "Feature",
      "id": 136,
      "geometry": {
        "type": "Point",
        "coordinates": [
          42.15073,
          47.556541
        ]
      },
      "properties": {
        "time": "141744"
      }
    },
    {
      "type": "Feature",
      "id": 137,
      "geometry": {
        "type": "Point",
        "coordinates": [
          42.15073,
          47.556541
        ]
      },
      "properties": {
        "time": "141745"
      }
    },
    {
      "type": "Feature",
      "id": 138,
      "geometry": {
        "type": "Point",
        "coordinates": [
          42.15073,
          47.556541
        ]
      },
      "properties": {
        "time": "141746"
      }
    },
    {
      "type": "Feature",
      "id": 139,
      "geometry": {
        "type": "Point",
        "coordinates": [
          42.15073,
          47.556541
        ]
      },
      "properties": {
        "time": "141747"
      }
    },
    {
      "type": "Feature",
      "id": 140,
      "geometry": {
        "type": "Point",
        "coordinates": [
          42.15073,
          47.556541
        ]
      },
      "properties": {
        "time": "141748"
      }
    },
    {
      "type": "Feature",
      "id": 141,
      "geometry": {
        "type": "Point",
        "coordinates": [
          42.15073,
          47.556541
        ]
      },
      "properties": {
        "time": "141749"
      }
    },
    {
      "type": "Feature",
      "id": 142,
      "geometry": {
        "type": "Point",
        "coordinates": [
          42.15073,
          47.556541
        ]
      },
      "properties": {
        "time": "141750"
      }
    },
    {
      "type": "Feature",
      "id": 143,
      "geometry": {
        "type": "Point",
        "coordinates": [
          42.15073,
          47.556541
        ]
      },
      "properties": {
        "time": "141751"
      }
    },
    {
      "type": "Feature",
      "id": 144,
      "geometry": {
        "type": "Point",
        "coordinates": [
          42.15073,
          47.556541
        ]
      },
      "properties": {
        "time": "141752"
      }
    },
    {
      "type": "Feature",
      "id": 145,
      "geometry": {
        "type": "Point",
        "coordinates": [
          42.15073,
          47.556541
        ]
      },
      "properties": {
        "time": "141753"
      }
    },
    {
      "type": "Feature",
      "id": 146,
      "geometry": {
        "type": "Point",
        "coordinates": [
          42.15073,
          47.556541
        ]
      },
      "properties": {
        "time": "141754"
      }
    },
    {
      "type": "Feature",
      "id": 147,
      "geometry": {
        "type": "Point",
        "coordinates": [
          42.15073,
          47.556541
        ]
      },
      "properties": {
        "time": "141755"
      }
    },
    {
      "type": "Feature",
      "id": 148,
      "geometry": {
        "type": "Point",
        "coordinates": [
          42.15073,
          47.556541
        ]
      },
      "properties": {
        "time": "141756"
      }
    },
    {
      "type": "Feature",
      "id": 149,
      "geometry": {
        "type": "Point",
        "coordinates": [
          42.15073,
          47.556541
        ]
      },
      "properties": {
        "time": "141757"
      }
    },
    {
      "type": "Feature",
      "id": 150,
      "geometry": {
        "type": "Point",
        "coordinates": [
          42.15073,
          47.556541
        ]
      },
      "properties": {
        "time": "141758"
      }
    },
    {
      "type": "Feature",
      "id": 151,
      "geometry": {
        "type": "Point",
        "coordinates": [
          42.15073,
          47.556541
        ]
      },
      "properties": {
        "time": "141759"
      }
    },
    {
      "type": "Feature",
      "id": 152,
      "geometry": {
        "type": "Point",
        "coordinates": [
          42.15073,
          47.556541
        ]
      },
      "properties": {
        "time": "141760"
      }
    },
    {
      "type": "Feature",
      "id": 153,
      "geometry": {
        "type": "Point",
        "coordinates": [
          42.15073,
          47.556541
        ]
      },
      "properties": {
        "time": "141761"
      }
    },
    {
      "type": "Feature",
      "id": 154,
      "geometry": {
        "type": "Point",
        "coordinates": [
          42.15073,
          47.556541
        ]
      },
      "properties": {
        "time": "141762"
      }
    },
    {
      "type": "Feature",
      "id": 155,
      "geometry": {
        "type": "Point",
        "coordinates": [
          42.15073,
          47.556541
        ]
      },
      "properties": {
        "time": "141763"
      }
    },
    {
      "type": "Feature",
      "id": 156,
      "geometry": {
        "type": "Point",
        "coordinates": [
          42.15073,
          47.556541
        ]
      },
      "properties": {
        "time": "141764"
      }
    },
    {
      "type": "Feature",
      "id": 157,
      "geometry": {
        "type": "Point",
        "coordinates": [
          42.15073,
          47.556541
        ]
      },
      "properties": {
        "time": "141765"
      }
    },
    {
      "type": "Feature",
      "id": 158,
      "geometry": {
        "type": "Point",
        "coordinates": [
          42.15073,
          47.556541
        ]
      },
      "properties": {
        "time": "141766"
      }
    },
    {
      "type": "Feature",
      "id": 159,
      "geometry": {
        "type": "Point",
        "coordinates": [
          42.15073,
          47.556541
        ]
      },
      "properties": {
        "time": "141767"
      }
    },
    {
      "type": "Feature",
      "id": 160,
      "geometry": {
        "type": "Point",
        "coordinates": [
          42.15073,
          47.556541
        ]
      },
      "properties": {
        "time": "141768"
      }
    },
    {
      "type": "Feature",
      "id": 161,
      "geometry": {
        "type": "Point",
        "coordinates": [
          42.15073,
          47.556541
        ]
      },
      "properties": {
        "time": "141769"
      }
    },
    {
      "type": "Feature",
      "id": 162,
      "geometry": {
        "type": "Point",
        "coordinates": [
          42.15073,
          47.556541
        ]
      },
      "properties": {
        "time": "141770"
      }
    },
    {
      "type": "Feature",
      "id": 163,
      "geometry": {
        "type": "Point",
        "coordinates": [
          42.15073,
          47.556541
        ]
      },
      "properties": {
        "time": "141771"
      }
    },
    {
      "type": "Feature",
      "id": 164,
      "geometry": {
        "type": "Point",
        "coordinates": [
          42.15073,
          47.556541
        ]
      },
      "properties": {
        "time": "141772"
      }
    },
    {
      "type": "Feature",
      "id": 165,
      "geometry": {
        "type": "Point",
        "coordinates": [
          42.15073,
          47.556541
        ]
      },
      "properties": {
        "time": "141773"
      }
    },
    {
      "type": "Feature",
      "id": 166,
      "geometry": {
        "type": "Point",
        "coordinates": [
          42.15073,
          47.556541
        ]
      },
      "properties": {
        "time": "141774"
      }
    },
    {
      "type": "Feature",
      "id": 167,
      "geometry": {
        "type": "Point",
        "coordinates": [
          42.15073,
          47.556541
        ]
      },
      "properties": {
        "time": "141775"
      }
    },
    {
      "type": "Feature",
      "id": 168,
      "geometry": {
        "type": "Point",
        "coordinates": [
          42.15073,
          47.556541
        ]
      },
      "properties": {
        "time": "141776"
      }
    },
    {
      "type": "Feature",
      "id": 169,
      "geometry": {
        "type": "Point",
        "coordinates": [
          42.15073,
          47.556541
        ]
      },
      "properties": {
        "time": "141777"
      }
    },
    {
      "type": "Feature",
      "id": 170,
      "geometry": {
        "type": "Point",
        "coordinates": [
          42.15073,
          47.556541
        ]
      },
      "properties": {
        "time": "141778"
      }
    },
    {
      "type": "Feature",
      "id": 171,
      "geometry": {
        "type": "Point",
        "coordinates": [
          42.15073,
          47.556541
        ]
      },
      "properties": {
        "time": "141779"
      }
    },
    {
      "type": "Feature",
      "id": 172,
      "geometry": {
        "type": "Point",
        "coordinates": [
          42.15073,
          47.556541
        ]
      },
      "properties": {
        "time": "141780"
      }
    },
    {
      "type": "Feature",
      "id": 173,
      "geometry": {
        "type": "Point",
        "coordinates": [
          42.15073,
          47.556541
        ]
      },
      "properties": {
        "time": "141781"
      }
    },
    {
      "type": "Feature",
      "id": 174,
      "geometry": {
        "type": "Point",
        "coordinates": [
          42.15073,
          47.556541
        ]
      },
      "properties": {
        "time": "141782"
      }
    },
    {
      "type": "Feature",
      "id": 175,
      "geometry": {
        "type": "Point",
        "coordinates": [
          42.15073,
          47.556541
        ]
      },
      "properties": {
        "time": "141783"
      }
    },
    {
      "type": "Feature",
      "id": 176,
      "geometry": {
        "type": "Point",
        "coordinates": [
          42.15073,
          47.556541
        ]
      },
      "properties": {
        "time": "141784"
      }
    },
    {
      "type": "Feature",
      "id": 177,
      "geometry": {
        "type": "Point",
        "coordinates": [
          42.15073,
          47.556541
        ]
      },
      "properties": {
        "time": "141785"
      }
    },
    {
      "type": "Feature",
      "id": 178,
      "geometry": {
        "type": "Point",
        "coordinates": [
          42.15073,
          47.556541
        ]
      },
      "properties": {
        "time": "141786"
      }
    },
    {
      "type": "Feature",
      "id": 179,
      "geometry": {
        "type": "Point",
        "coordinates": [
          42.15073,
          47.556541
        ]
      },
      "properties": {
        "time": "141787"
      }
    },
    {
      "type": "Feature",
      "id": 180,
      "geometry": {
        "type": "Point",
        "coordinates": [
          42.15073,
          47.556541
        ]
      },
      "properties": {
        "time": "141788"
      }
    },
    {
      "type": "Feature",
      "id": 181,
      "geometry": {
        "type": "Point",
        "coordinates": [
          42.15073,
          47.556541
        ]
      },
      "properties": {
        "time": "141789"
      }
    },
    {
      "type": "Feature",
      "id": 182,
      "geometry": {
        "type": "Point",
        "coordinates": [
          42.15073,
          47.556541
        ]
      },
      "properties": {
        "time": "141790"
      }
    },
    {
      "type": "Feature",
      "id": 183,
      "geometry": {
        "type": "Point",
        "coordinates": [
          42.15073,
          47.556541
        ]
      },
      "properties": {
        "time": "141791"
      }
    },
    {
      "type": "Feature",
      "id": 184,
      "geometry": {
        "type": "Point",
        "coordinates": [
          42.15073,
          47.556541
        ]
      },
      "properties": {
        "time": "141792"
      }
    },
    {
      "type": "Feature",
      "id": 185,
      "geometry": {
        "type": "Point",
        "coordinates": [
          42.15073,
          47.556541
        ]
      },
      "properties": {
        "time": "141793"
      }
    },
    {
      "type": "Feature",
      "id": 186,
      "geometry": {
        "type": "Point",
        "coordinates": [
          42.15073,
          47.556541
        ]
      },
      "properties": {
        "time": "141794"
      }
    },
    {
      "type": "Feature",
      "id": 187,
      "geometry": {
        "type": "Point",
        "coordinates": [
          42.15073,
          47.556541
        ]
      },
      "properties": {
        "time": "141795"
      }
    },
    {
      "type": "Feature",
      "id": 188,
      "geometry": {
        "type": "Point",
        "coordinates": [
          42.15073,
          47.556541
        ]
      },
      "properties": {
        "time": "141796"
      }
    },
    {
      "type": "Feature",
      "id": 189,
      "geometry": {
        "type": "Point",
        "coordinates": [
          42.15073,
          47.556541
        ]
      },
      "properties": {
        "time": "141797"
      }
    },
    {
      "type": "Feature",
      "id": 190,
      "geometry": {
        "type": "Point",
        "coordinates": [
          42.15073,
          47.556541
        ]
      },
      "properties": {
        "time": "141798"
      }
    },
    {
      "type": "Feature",
      "id": 191,
      "geometry": {
        "type": "Point",
        "coordinates": [
          42.15073,
          47.556541
        ]
      },
      "properties": {
        "time": "141799"
      }
    },
    {
      "type": "Feature",
      "id": 192,
      "geometry": {
        "type": "Point",
        "coordinates": [
          42.15073,
          47.556541
        ]
      },
      "properties": {
        "time": "141800"
      }
    },
    {
      "type": "Feature",
      "id": 193,
      "geometry": {
        "type": "Point",
        "coordinates": [
          42.15073,
          47.556541
        ]
      },
      "properties": {
        "time": "141801"
      }
    },
    {
      "type": "Feature",
      "id": 194,
      "geometry": {
        "type": "Point",
        "coordinates": [
          42.15073,
          47.556541
        ]
      },
      "properties": {
        "time": "141802"
      }
    },
    {
      "type": "Feature",
      "id": 195,
      "geometry": {
        "type": "Point",
        "coordinates": [
          42.15073,
          47.556541
        ]
      },
      "properties": {
        "time": "141803"
      }
    },
    {
      "type": "Feature",
      "id": 196,
      "geometry": {
        "type": "Point",
        "coordinates": [
          42.15073,
          47.556541
        ]
      },
      "properties": {
        "time": "141804"
      }
    },
    {
      "type": "Feature",
      "id": 197,
      "geometry": {
        "type": "Point",
        "coordinates": [
          42.15073,
          47.556541
        ]
      },
      "properties": {
        "time": "141805"
      }
    },
    {
      "type": "Feature",
      "id": 198,
      "geometry": {
        "type": "Point",
        "coordinates": [
          42.15073,
          47.556541
        ]
      },
      "properties": {
        "time": "141806"
      }
    },
    {
      "type": "Feature",
      "id": 199,
      "geometry": {
        "type": "Point",
        "coordinates": [
          42.15073,
          47.556541
        ]
      },
      "properties": {
        "time": "141807"
      }
    },
    {
      "type": "Feature",
      "id": 200,
      "geometry": {
        "type": "Point",
        "coordinates": [
          42.15073,
          47.556541
        ]
      },
      "properties": {
        "time": "141808"
      }
    },
    {
      "type": "Feature",
      "id": 201,
      "geometry": {
        "type": "Point",
        "coordinates": [
          42.15073,
          47.556541
        ]
      },
      "properties": {
        "time": "141809"
      }
    },
    {
      "type": "Feature",
      "id": 202,
      "geometry": {
        "type": "Point",
        "coordinates": [
          42.15073,
          47.556541
        ]
      },
      "properties": {
        "time": "141810"
      }
    },
    {
      "type": "Feature",
      "id": 203,
      "geometry": {
        "type": "Point",
        "coordinates": [
          42.15073,
          47.556541
        ]
      },
      "properties": {
        "time": "141811"
      }
    },
    {
      "type": "Feature",
      "id": 204,
      "geometry": {
        "type": "Point",
        "coordinates": [
          42.15073,
          47.556541
        ]
      },
      "properties": {
        "time": "141812"
      }
    },
    {
      "type": "Feature",
      "id": 205,
      "geometry": {
        "type": "Point",
        "coordinates": [
          42.15073,
          47.556541
        ]
      },
      "properties": {
        "time": "141813"
      }
    },
    {
      "type": "Feature",
      "id": 206,
      "geometry": {
        "type": "Point",
        "coordinates": [
          42.15073,
          47.556541
        ]
      },
      "properties": {
        "time": "141814"
      }
    },
    {
      "type": "Feature",
      "id": 207,
      "geometry": {
        "type": "Point",
        "coordinates": [
          42.15073,
          47.556541
        ]
      },
      "properties": {
        "time": "141815"
      }
    },
    {
      "type": "Feature",
      "id": 208,
      "geometry": {
        "type": "Point",
        "coordinates": [
          42.15073,
          47.556541
        ]
      },
      "properties": {
        "time": "141816"
      }
    },
    {
      "type": "Feature",
      "id": 209,
      "geometry": {
        "type": "Point",
        "coordinates": [
          42.15073,
          47.556541
        ]
      },
      "properties": {
        "time": "141817"
      }
    },
    {
      "type": "Feature",
      "id": 210,
      "geometry": {
        "type": "Point",
        "coordinates": [
          42.15073,
          47.556541
        ]
      },
      "properties": {
        "time": "141818"
      }
    },
    {
      "type": "Feature",
      "id": 211,
      "geometry": {
        "type": "Point",
        "coordinates": [
          42.308891,
          47.392521
        ]
      },
      "properties": {
        "time": "141819"
      }
    },
    {
      "type": "Feature",
      "id": 212,
      "geometry": {
        "type": "Point",
        "coordinates": [
          42.305527,
          47.395195
        ]
      },
      "properties": {
        "time": "141820"
      }
    },
    {
      "type": "Feature",
      "id": 213,
      "geometry": {
        "type": "Point",
        "coordinates": [
          42.302315,
          47.397869
        ]
      },
      "properties": {
        "time": "141821"
      }
    },
    {
      "type": "Feature",
      "id": 214,
      "geometry": {
        "type": "Point",
        "coordinates": [
          42.298267,
          47.400867
        ]
      },
      "properties": {
        "time": "141822"
      }
    },
    {
      "type": "Feature",
      "id": 215,
      "geometry": {
        "type": "Point",
        "coordinates": [
          42.296803,
          47.393665
        ]
      },
      "properties": {
        "time": "141823"
      }
    },
    {
      "type": "Feature",
      "id": 216,
      "geometry": {
        "type": "Point",
        "coordinates": [
          42.293083,
          47.395981
        ]
      },
      "properties": {
        "time": "141824"
      }
    },
    {
      "type": "Feature",
      "id": 217,
      "geometry": {
        "type": "Point",
        "coordinates": [
          42.288795,
          47.398727
        ]
      },
      "properties": {
        "time": "141825"
      }
    },
    {
      "type": "Feature",
      "id": 218,
      "geometry": {
        "type": "Point",
        "coordinates": [
          42.285072,
          47.400703
        ]
      },
      "properties": {
        "time": "141826"
      }
    },
    {
      "type": "Feature",
      "id": 219,
      "geometry": {
        "type": "Point",
        "coordinates": [
          42.283875,
          47.40139
        ]
      },
      "properties": {
        "time": "141827"
      }
    },
    {
      "type": "Feature",
      "id": 220,
      "geometry": {
        "type": "Point",
        "coordinates": [
          42.276623,
          47.405167
        ]
      },
      "properties": {
        "time": "141828"
      }
    },
    {
      "type": "Feature",
      "id": 221,
      "geometry": {
        "type": "Point",
        "coordinates": [
          42.272144,
          47.407326
        ]
      },
      "properties": {
        "time": "141829"
      }
    },
    {
      "type": "Feature",
      "id": 222,
      "geometry": {
        "type": "Point",
        "coordinates": [
          42.271687,
          47.407536
        ]
      },
      "properties": {
        "time": "141830"
      }
    },
    {
      "type": "Feature",
      "id": 223,
      "geometry": {
        "type": "Point",
        "coordinates": [
          42.010078,
          47.736046
        ]
      },
      "properties": {
        "time": "141831"
      }
    },
    {
      "type": "Feature",
      "id": 224,
      "geometry": {
        "type": "Point",
        "coordinates": [
          42.006756,
          47.737431
        ]
      },
      "properties": {
        "time": "141832"
      }
    },
    {
      "type": "Feature",
      "id": 225,
      "geometry": {
        "type": "Point",
        "coordinates": [
          42.002472,
          47.738995
        ]
      },
      "properties": {
        "time": "141833"
      }
    },
    {
      "type": "Feature",
      "id": 226,
      "geometry": {
        "type": "Point",
        "coordinates": [
          41.998161,
          47.740425
        ]
      },
      "properties": {
        "time": "141834"
      }
    },
    {
      "type": "Feature",
      "id": 227,
      "geometry": {
        "type": "Point",
        "coordinates": [
          41.993843,
          47.741707
        ]
      },
      "properties": {
        "time": "141835"
      }
    },
    {
      "type": "Feature",
      "id": 228,
      "geometry": {
        "type": "Point",
        "coordinates": [
          41.98951,
          47.742966
        ]
      },
      "properties": {
        "time": "141836"
      }
    },
    {
      "type": "Feature",
      "id": 229,
      "geometry": {
        "type": "Point",
        "coordinates": [
          41.984982,
          47.74374
        ]
      },
      "properties": {
        "time": "141837"
      }
    },
    {
      "type": "Feature",
      "id": 230,
      "geometry": {
        "type": "Point",
        "coordinates": [
          41.980247,
          47.744774
        ]
      },
      "properties": {
        "time": "141838"
      }
    },
    {
      "type": "Feature",
      "id": 231,
      "geometry": {
        "type": "Point",
        "coordinates": [
          41.975658,
          47.745605
        ]
      },
      "properties": {
        "time": "141839"
      }
    },
    {
      "type": "Feature",
      "id": 232,
      "geometry": {
        "type": "Point",
        "coordinates": [
          41.971012,
          47.746433
        ]
      },
      "properties": {
        "time": "141840"
      }
    },
    {
      "type": "Feature",
      "id": 233,
      "geometry": {
        "type": "Point",
        "coordinates": [
          41.966381,
          47.747097
        ]
      },
      "properties": {
        "time": "141841"
      }
    },
    {
      "type": "Feature",
      "id": 234,
      "geometry": {
        "type": "Point",
        "coordinates": [
          41.961735,
          47.747604
        ]
      },
      "properties": {
        "time": "141842"
      }
    },
    {
      "type": "Feature",
      "id": 235,
      "geometry": {
        "type": "Point",
        "coordinates": [
          41.956818,
          47.748344
        ]
      },
      "properties": {
        "time": "141843"
      }
    },
    {
      "type": "Feature",
      "id": 236,
      "geometry": {
        "type": "Point",
        "coordinates": [
          41.952209,
          47.748627
        ]
      },
      "properties": {
        "time": "141844"
      }
    },
    {
      "type": "Feature",
      "id": 237,
      "geometry": {
        "type": "Point",
        "coordinates": [
          41.947517,
          47.748848
        ]
      },
      "properties": {
        "time": "141845"
      }
    },
    {
      "type": "Feature",
      "id": 238,
      "geometry": {
        "type": "Point",
        "coordinates": [
          41.940014,
          47.753185
        ]
      },
      "properties": {
        "time": "141846"
      }
    },
    {
      "type": "Feature",
      "id": 239,
      "geometry": {
        "type": "Point",
        "coordinates": [
          41.934517,
          47.754166
        ]
      },
      "properties": {
        "time": "141847"
      }
    },
    {
      "type": "Feature",
      "id": 240,
      "geometry": {
        "type": "Point",
        "coordinates": [
          41.929501,
          47.754158
        ]
      },
      "properties": {
        "time": "141848"
      }
    },
    {
      "type": "Feature",
      "id": 241,
      "geometry": {
        "type": "Point",
        "coordinates": [
          41.924248,
          47.754478
        ]
      },
      "properties": {
        "time": "141849"
      }
    },
    {
      "type": "Feature",
      "id": 242,
      "geometry": {
        "type": "Point",
        "coordinates": [
          41.91853,
          47.755508
        ]
      },
      "properties": {
        "time": "141850"
      }
    },
    {
      "type": "Feature",
      "id": 243,
      "geometry": {
        "type": "Point",
        "coordinates": [
          41.913094,
          47.755951
        ]
      },
      "properties": {
        "time": "141851"
      }
    },
    {
      "type": "Feature",
      "id": 244,
      "geometry": {
        "type": "Point",
        "coordinates": [
          41.908318,
          47.7556
        ]
      },
      "properties": {
        "time": "141852"
      }
    },
    {
      "type": "Feature",
      "id": 245,
      "geometry": {
        "type": "Point",
        "coordinates": [
          41.903667,
          47.754944
        ]
      },
      "properties": {
        "time": "141853"
      }
    },
    {
      "type": "Feature",
      "id": 246,
      "geometry": {
        "type": "Point",
        "coordinates": [
          41.89909,
          47.754154
        ]
      },
      "properties": {
        "time": "141854"
      }
    },
    {
      "type": "Feature",
      "id": 247,
      "geometry": {
        "type": "Point",
        "coordinates": [
          41.894592,
          47.753254
        ]
      },
      "properties": {
        "time": "141855"
      }
    },
    {
      "type": "Feature",
      "id": 248,
      "geometry": {
        "type": "Point",
        "coordinates": [
          41.890167,
          47.752228
        ]
      },
      "properties": {
        "time": "141856"
      }
    },
    {
      "type": "Feature",
      "id": 249,
      "geometry": {
        "type": "Point",
        "coordinates": [
          41.885803,
          47.751083
        ]
      },
      "properties": {
        "time": "141857"
      }
    },
    {
      "type": "Feature",
      "id": 250,
      "geometry": {
        "type": "Point",
        "coordinates": [
          41.881504,
          47.749844
        ]
      },
      "properties": {
        "time": "141858"
      }
    },
    {
      "type": "Feature",
      "id": 251,
      "geometry": {
        "type": "Point",
        "coordinates": [
          41.877285,
          47.748512
        ]
      },
      "properties": {
        "time": "141859"
      }
    },
    {
      "type": "Feature",
      "id": 252,
      "geometry": {
        "type": "Point",
        "coordinates": [
          41.873123,
          47.747078
        ]
      },
      "properties": {
        "time": "141860"
      }
    },
    {
      "type": "Feature",
      "id": 253,
      "geometry": {
        "type": "Point",
        "coordinates": [
          41.869041,
          47.745522
        ]
      },
      "properties": {
        "time": "141861"
      }
    },
    {
      "type": "Feature",
      "id": 254,
      "geometry": {
        "type": "Point",
        "coordinates": [
          41.865044,
          47.743881
        ]
      },
      "properties": {
        "time": "141862"
      }
    },
    {
      "type": "Feature",
      "id": 255,
      "geometry": {
        "type": "Point",
        "coordinates": [
          41.861164,
          47.742149
        ]
      },
      "properties": {
        "time": "141863"
      }
    },
    {
      "type": "Feature",
      "id": 256,
      "geometry": {
        "type": "Point",
        "coordinates": [
          41.857368,
          47.740295
        ]
      },
      "properties": {
        "time": "141864"
      }
    },
    {
      "type": "Feature",
      "id": 257,
      "geometry": {
        "type": "Point",
        "coordinates": [
          41.853661,
          47.738369
        ]
      },
      "properties": {
        "time": "141865"
      }
    },
    {
      "type": "Feature",
      "id": 258,
      "geometry": {
        "type": "Point",
        "coordinates": [
          41.850052,
          47.736355
        ]
      },
      "properties": {
        "time": "141866"
      }
    },
    {
      "type": "Feature",
      "id": 259,
      "geometry": {
        "type": "Point",
        "coordinates": [
          41.84655,
          47.734261
        ]
      },
      "properties": {
        "time": "141867"
      }
    },
    {
      "type": "Feature",
      "id": 260,
      "geometry": {
        "type": "Point",
        "coordinates": [
          41.843147,
          47.732094
        ]
      },
      "properties": {
        "time": "141868"
      }
    },
    {
      "type": "Feature",
      "id": 261,
      "geometry": {
        "type": "Point",
        "coordinates": [
          41.839874,
          47.729832
        ]
      },
      "properties": {
        "time": "141869"
      }
    },
    {
      "type": "Feature",
      "id": 262,
      "geometry": {
        "type": "Point",
        "coordinates": [
          41.836761,
          47.727493
        ]
      },
      "properties": {
        "time": "141870"
      }
    },
    {
      "type": "Feature",
      "id": 263,
      "geometry": {
        "type": "Point",
        "coordinates": [
          41.833733,
          47.725105
        ]
      },
      "properties": {
        "time": "141871"
      }
    },
    {
      "type": "Feature",
      "id": 264,
      "geometry": {
        "type": "Point",
        "coordinates": [
          41.830864,
          47.722603
        ]
      },
      "properties": {
        "time": "141872"
      }
    },
    {
      "type": "Feature",
      "id": 265,
      "geometry": {
        "type": "Point",
        "coordinates": [
          41.828114,
          47.720043
        ]
      },
      "properties": {
        "time": "141873"
      }
    },
    {
      "type": "Feature",
      "id": 266,
      "geometry": {
        "type": "Point",
        "coordinates": [
          41.825489,
          47.717415
        ]
      },
      "properties": {
        "time": "141874"
      }
    },
    {
      "type": "Feature",
      "id": 267,
      "geometry": {
        "type": "Point",
        "coordinates": [
          41.823044,
          47.714733
        ]
      },
      "properties": {
        "time": "141875"
      }
    },
    {
      "type": "Feature",
      "id": 268,
      "geometry": {
        "type": "Point",
        "coordinates": [
          41.82074,
          47.711979
        ]
      },
      "properties": {
        "time": "141876"
      }
    },
    {
      "type": "Feature",
      "id": 269,
      "geometry": {
        "type": "Point",
        "coordinates": [
          41.818508,
          47.709194
        ]
      },
      "properties": {
        "time": "141877"
      }
    },
    {
      "type": "Feature",
      "id": 270,
      "geometry": {
        "type": "Point",
        "coordinates": [
          41.81649,
          47.706387
        ]
      },
      "properties": {
        "time": "141878"
      }
    },
    {
      "type": "Feature",
      "id": 271,
      "geometry": {
        "type": "Point",
        "coordinates": [
          41.814625,
          47.703522
        ]
      },
      "properties": {
        "time": "141879"
      }
    },
    {
      "type": "Feature",
      "id": 272,
      "geometry": {
        "type": "Point",
        "coordinates": [
          41.812904,
          47.700638
        ]
      },
      "properties": {
        "time": "141880"
      }
    },
    {
      "type": "Feature",
      "id": 273,
      "geometry": {
        "type": "Point",
        "coordinates": [
          41.811337,
          47.697685
        ]
      },
      "properties": {
        "time": "141881"
      }
    },
    {
      "type": "Feature",
      "id": 274,
      "geometry": {
        "type": "Point",
        "coordinates": [
          41.809887,
          47.694687
        ]
      },
      "properties": {
        "time": "141882"
      }
    },
    {
      "type": "Feature",
      "id": 275,
      "geometry": {
        "type": "Point",
        "coordinates": [
          41.809368,
          47.693447
        ]
      },
      "properties": {
        "time": "141883"
      }
    },
    {
      "type": "Feature",
      "id": 276,
      "geometry": {
        "type": "Point",
        "coordinates": [
          41.807896,
          47.690083
        ]
      },
      "properties": {
        "time": "141884"
      }
    },
    {
      "type": "Feature",
      "id": 277,
      "geometry": {
        "type": "Point",
        "coordinates": [
          41.806801,
          47.68618
        ]
      },
      "properties": {
        "time": "141885"
      }
    },
    {
      "type": "Feature",
      "id": 278,
      "geometry": {
        "type": "Point",
        "coordinates": [
          41.805984,
          47.682854
        ]
      },
      "properties": {
        "time": "141886"
      }
    },
    {
      "type": "Feature",
      "id": 279,
      "geometry": {
        "type": "Point",
        "coordinates": [
          41.805363,
          47.679604
        ]
      },
      "properties": {
        "time": "141887"
      }
    },
    {
      "type": "Feature",
      "id": 280,
      "geometry": {
        "type": "Point",
        "coordinates": [
          41.804821,
          47.676468
        ]
      },
      "properties": {
        "time": "141888"
      }
    },
    {
      "type": "Feature",
      "id": 281,
      "geometry": {
        "type": "Point",
        "coordinates": [
          41.804768,
          47.676155
        ]
      },
      "properties": {
        "time": "141889"
      }
    },
    {
      "type": "Feature",
      "id": 282,
      "geometry": {
        "type": "Point",
        "coordinates": [
          41.804924,
          47.66938
        ]
      },
      "properties": {
        "time": "141890"
      }
    },
    {
      "type": "Feature",
      "id": 283,
      "geometry": {
        "type": "Point",
        "coordinates": [
          41.804985,
          47.668533
        ]
      },
      "properties": {
        "time": "141891"
      }
    },
    {
      "type": "Feature",
      "id": 284,
      "geometry": {
        "type": "Point",
        "coordinates": [
          41.805096,
          47.66082
        ]
      },
      "properties": {
        "time": "141892"
      }
    },
    {
      "type": "Feature",
      "id": 285,
      "geometry": {
        "type": "Point",
        "coordinates": [
          41.80492,
          47.661289
        ]
      },
      "properties": {
        "time": "141893"
      }
    },
    {
      "type": "Feature",
      "id": 286,
      "geometry": {
        "type": "Point",
        "coordinates": [
          41.805176,
          47.662399
        ]
      },
      "properties": {
        "time": "141894"
      }
    },
    {
      "type": "Feature",
      "id": 287,
      "geometry": {
        "type": "Point",
        "coordinates": [
          41.805176,
          47.662399
        ]
      },
      "properties": {
        "time": "141895"
      }
    },
    {
      "type": "Feature",
      "id": 288,
      "geometry": {
        "type": "Point",
        "coordinates": [
          41.805176,
          47.662399
        ]
      },
      "properties": {
        "time": "141896"
      }
    },
    {
      "type": "Feature",
      "id": 289,
      "geometry": {
        "type": "Point",
        "coordinates": [
          41.805176,
          47.662399
        ]
      },
      "properties": {
        "time": "141897"
      }
    },
    {
      "type": "Feature",
      "id": 290,
      "geometry": {
        "type": "Point",
        "coordinates": [
          41.805176,
          47.662399
        ]
      },
      "properties": {
        "time": "141898"
      }
    },
    {
      "type": "Feature",
      "id": 291,
      "geometry": {
        "type": "Point",
        "coordinates": [
          41.805176,
          47.662399
        ]
      },
      "properties": {
        "time": "141899"
      }
    },
    {
      "type": "Feature",
      "id": 292,
      "geometry": {
        "type": "Point",
        "coordinates": [
          41.805176,
          47.662399
        ]
      },
      "properties": {
        "time": "141900"
      }
    },
    {
      "type": "Feature",
      "id": 293,
      "geometry": {
        "type": "Point",
        "coordinates": [
          41.805176,
          47.662399
        ]
      },
      "properties": {
        "time": "141901"
      }
    },
    {
      "type": "Feature",
      "id": 294,
      "geometry": {
        "type": "Point",
        "coordinates": [
          41.805176,
          47.662399
        ]
      },
      "properties": {
        "time": "141902"
      }
    },
    {
      "type": "Feature",
      "id": 295,
      "geometry": {
        "type": "Point",
        "coordinates": [
          41.805176,
          47.662399
        ]
      },
      "properties": {
        "time": "141903"
      }
    },
    {
      "type": "Feature",
      "id": 296,
      "geometry": {
        "type": "Point",
        "coordinates": [
          41.805176,
          47.662399
        ]
      },
      "properties": {
        "time": "141904"
      }
    },
    {
      "type": "Feature",
      "id": 297,
      "geometry": {
        "type": "Point",
        "coordinates": [
          41.822575,
          47.624626
        ]
      },
      "properties": {
        "time": "141905"
      }
    },
    {
      "type": "Feature",
      "id": 298,
      "geometry": {
        "type": "Point",
        "coordinates": [
          41.822788,
          47.624352
        ]
      },
      "properties": {
        "time": "141906"
      }
    },
    {
      "type": "Feature",
      "id": 299,
      "geometry": {
        "type": "Point",
        "coordinates": [
          41.825268,
          47.621353
        ]
      },
      "properties": {
        "time": "141907"
      }
    },
    {
      "type": "Feature",
      "id": 300,
      "geometry": {
        "type": "Point",
        "coordinates": [
          41.825268,
          47.621353
        ]
      },
      "properties": {
        "time": "141908"
      }
    },
    {
      "type": "Feature",
      "id": 301,
      "geometry": {
        "type": "Point",
        "coordinates": [
          41.832787,
          47.614811
        ]
      },
      "properties": {
        "time": "141909"
      }
    },
    {
      "type": "Feature",
      "id": 302,
      "geometry": {
        "type": "Point",
        "coordinates": [
          41.835033,
          47.61272
        ]
      },
      "properties": {
        "time": "141910"
      }
    },
    {
      "type": "Feature",
      "id": 303,
      "geometry": {
        "type": "Point",
        "coordinates": [
          41.838188,
          47.609982
        ]
      },
      "properties": {
        "time": "141911"
      }
    },
    {
      "type": "Feature",
      "id": 304,
      "geometry": {
        "type": "Point",
        "coordinates": [
          41.838188,
          47.609982
        ]
      },
      "properties": {
        "time": "141912"
      }
    },
    {
      "type": "Feature",
      "id": 305,
      "geometry": {
        "type": "Point",
        "coordinates": [
          41.838188,
          47.609982
        ]
      },
      "properties": {
        "time": "141913"
      }
    },
    {
      "type": "Feature",
      "id": 306,
      "geometry": {
        "type": "Point",
        "coordinates": [
          41.854824,
          47.605358
        ]
      },
      "properties": {
        "time": "141914"
      }
    },
    {
      "type": "Feature",
      "id": 307,
      "geometry": {
        "type": "Point",
        "coordinates": [
          41.857159,
          47.602219
        ]
      },
      "properties": {
        "time": "141915"
      }
    },
    {
      "type": "Feature",
      "id": 308,
      "geometry": {
        "type": "Point",
        "coordinates": [
          41.846077,
          47.593006
        ]
      },
      "properties": {
        "time": "141916"
      }
    },
    {
      "type": "Feature",
      "id": 309,
      "geometry": {
        "type": "Point",
        "coordinates": [
          41.845634,
          47.58614
        ]
      },
      "properties": {
        "time": "141917"
      }
    },
    {
      "type": "Feature",
      "id": 310,
      "geometry": {
        "type": "Point",
        "coordinates": [
          41.845634,
          47.58614
        ]
      },
      "properties": {
        "time": "141918"
      }
    },
    {
      "type": "Feature",
      "id": 311,
      "geometry": {
        "type": "Point",
        "coordinates": [
          41.845634,
          47.58614
        ]
      },
      "properties": {
        "time": "141919"
      }
    },
    {
      "type": "Feature",
      "id": 312,
      "geometry": {
        "type": "Point",
        "coordinates": [
          41.845634,
          47.58614
        ]
      },
      "properties": {
        "time": "141920"
      }
    },
    {
      "type": "Feature",
      "id": 313,
      "geometry": {
        "type": "Point",
        "coordinates": [
          41.845634,
          47.58614
        ]
      },
      "properties": {
        "time": "141921"
      }
    },
    {
      "type": "Feature",
      "id": 314,
      "geometry": {
        "type": "Point",
        "coordinates": [
          41.845634,
          47.58614
        ]
      },
      "properties": {
        "time": "141922"
      }
    },
    {
      "type": "Feature",
      "id": 315,
      "geometry": {
        "type": "Point",
        "coordinates": [
          41.845634,
          47.58614
        ]
      },
      "properties": {
        "time": "141923"
      }
    },
    {
      "type": "Feature",
      "id": 316,
      "geometry": {
        "type": "Point",
        "coordinates": [
          41.845634,
          47.58614
        ]
      },
      "properties": {
        "time": "141924"
      }
    },
    {
      "type": "Feature",
      "id": 317,
      "geometry": {
        "type": "Point",
        "coordinates": [
          41.845634,
          47.58614
        ]
      },
      "properties": {
        "time": "141925"
      }
    },
    {
      "type": "Feature",
      "id": 318,
      "geometry": {
        "type": "Point",
        "coordinates": [
          41.845634,
          47.58614
        ]
      },
      "properties": {
        "time": "141926"
      }
    },
    {
      "type": "Feature",
      "id": 319,
      "geometry": {
        "type": "Point",
        "coordinates": [
          41.845634,
          47.58614
        ]
      },
      "properties": {
        "time": "141927"
      }
    },
    {
      "type": "Feature",
      "id": 320,
      "geometry": {
        "type": "Point",
        "coordinates": [
          41.845634,
          47.58614
        ]
      },
      "properties": {
        "time": "141928"
      }
    },
    {
      "type": "Feature",
      "id": 321,
      "geometry": {
        "type": "Point",
        "coordinates": [
          41.845634,
          47.58614
        ]
      },
      "properties": {
        "time": "141929"
      }
    },
    {
      "type": "Feature",
      "id": 322,
      "geometry": {
        "type": "Point",
        "coordinates": [
          41.845634,
          47.58614
        ]
      },
      "properties": {
        "time": "141930"
      }
    },
    {
      "type": "Feature",
      "id": 323,
      "geometry": {
        "type": "Point",
        "coordinates": [
          41.845634,
          47.58614
        ]
      },
      "properties": {
        "time": "141931"
      }
    },
    {
      "type": "Feature",
      "id": 324,
      "geometry": {
        "type": "Point",
        "coordinates": [
          41.845634,
          47.58614
        ]
      },
      "properties": {
        "time": "141932"
      }
    },
    {
      "type": "Feature",
      "id": 325,
      "geometry": {
        "type": "Point",
        "coordinates": [
          41.845634,
          47.58614
        ]
      },
      "properties": {
        "time": "141933"
      }
    },
    {
      "type": "Feature",
      "id": 326,
      "geometry": {
        "type": "Point",
        "coordinates": [
          41.845634,
          47.58614
        ]
      },
      "properties": {
        "time": "141934"
      }
    },
    {
      "type": "Feature",
      "id": 327,
      "geometry": {
        "type": "Point",
        "coordinates": [
          41.845634,
          47.58614
        ]
      },
      "properties": {
        "time": "141935"
      }
    },
    {
      "type": "Feature",
      "id": 328,
      "geometry": {
        "type": "Point",
        "coordinates": [
          41.845634,
          47.58614
        ]
      },
      "properties": {
        "time": "141936"
      }
    },
    {
      "type": "Feature",
      "id": 329,
      "geometry": {
        "type": "Point",
        "coordinates": [
          41.845634,
          47.58614
        ]
      },
      "properties": {
        "time": "141937"
      }
    },
    {
      "type": "Feature",
      "id": 330,
      "geometry": {
        "type": "Point",
        "coordinates": [
          41.845634,
          47.58614
        ]
      },
      "properties": {
        "time": "141938"
      }
    },
    {
      "type": "Feature",
      "id": 331,
      "geometry": {
        "type": "Point",
        "coordinates": [
          41.845634,
          47.58614
        ]
      },
      "properties": {
        "time": "141939"
      }
    },
    {
      "type": "Feature",
      "id": 332,
      "geometry": {
        "type": "Point",
        "coordinates": [
          41.845634,
          47.58614
        ]
      },
      "properties": {
        "time": "141940"
      }
    },
    {
      "type": "Feature",
      "id": 333,
      "geometry": {
        "type": "Point",
        "coordinates": [
          41.845634,
          47.58614
        ]
      },
      "properties": {
        "time": "141941"
      }
    },
    {
      "type": "Feature",
      "id": 334,
      "geometry": {
        "type": "Point",
        "coordinates": [
          41.845634,
          47.58614
        ]
      },
      "properties": {
        "time": "141942"
      }
    },
    {
      "type": "Feature",
      "id": 335,
      "geometry": {
        "type": "Point",
        "coordinates": [
          41.845634,
          47.58614
        ]
      },
      "properties": {
        "time": "141943"
      }
    },
    {
      "type": "Feature",
      "id": 336,
      "geometry": {
        "type": "Point",
        "coordinates": [
          41.845634,
          47.58614
        ]
      },
      "properties": {
        "time": "141944"
      }
    },
    {
      "type": "Feature",
      "id": 337,
      "geometry": {
        "type": "Point",
        "coordinates": [
          41.845634,
          47.58614
        ]
      },
      "properties": {
        "time": "141945"
      }
    },
    {
      "type": "Feature",
      "id": 338,
      "geometry": {
        "type": "Point",
        "coordinates": [
          41.845634,
          47.58614
        ]
      },
      "properties": {
        "time": "141946"
      }
    },
    {
      "type": "Feature",
      "id": 339,
      "geometry": {
        "type": "Point",
        "coordinates": [
          41.845634,
          47.58614
        ]
      },
      "properties": {
        "time": "141947"
      }
    },
    {
      "type": "Feature",
      "id": 340,
      "geometry": {
        "type": "Point",
        "coordinates": [
          41.845634,
          47.58614
        ]
      },
      "properties": {
        "time": "141948"
      }
    },
    {
      "type": "Feature",
      "id": 341,
      "geometry": {
        "type": "Point",
        "coordinates": [
          41.845634,
          47.58614
        ]
      },
      "properties": {
        "time": "141949"
      }
    },
    {
      "type": "Feature",
      "id": 342,
      "geometry": {
        "type": "Point",
        "coordinates": [
          41.845634,
          47.58614
        ]
      },
      "properties": {
        "time": "141950"
      }
    },
    {
      "type": "Feature",
      "id": 343,
      "geometry": {
        "type": "Point",
        "coordinates": [
          41.845634,
          47.58614
        ]
      },
      "properties": {
        "time": "141951"
      }
    },
    {
      "type": "Feature",
      "id": 344,
      "geometry": {
        "type": "Point",
        "coordinates": [
          41.845634,
          47.58614
        ]
      },
      "properties": {
        "time": "141952"
      }
    },
    {
      "type": "Feature",
      "id": 345,
      "geometry": {
        "type": "Point",
        "coordinates": [
          41.845634,
          47.58614
        ]
      },
      "properties": {
        "time": "141953"
      }
    },
    {
      "type": "Feature",
      "id": 346,
      "geometry": {
        "type": "Point",
        "coordinates": [
          41.845634,
          47.58614
        ]
      },
      "properties": {
        "time": "141954"
      }
    },
    {
      "type": "Feature",
      "id": 347,
      "geometry": {
        "type": "Point",
        "coordinates": [
          41.845634,
          47.58614
        ]
      },
      "properties": {
        "time": "141955"
      }
    },
    {
      "type": "Feature",
      "id": 348,
      "geometry": {
        "type": "Point",
        "coordinates": [
          41.845634,
          47.58614
        ]
      },
      "properties": {
        "time": "141956"
      }
    },
    {
      "type": "Feature",
      "id": 349,
      "geometry": {
        "type": "Point",
        "coordinates": [
          41.845634,
          47.58614
        ]
      },
      "properties": {
        "time": "141957"
      }
    },
    {
      "type": "Feature",
      "id": 350,
      "geometry": {
        "type": "Point",
        "coordinates": [
          41.845634,
          47.58614
        ]
      },
      "properties": {
        "time": "141958"
      }
    },
    {
      "type": "Feature",
      "id": 351,
      "geometry": {
        "type": "Point",
        "coordinates": [
          41.845634,
          47.58614
        ]
      },
      "properties": {
        "time": "141959"
      }
    },
    {
      "type": "Feature",
      "id": 352,
      "geometry": {
        "type": "Point",
        "coordinates": [
          41.845634,
          47.58614
        ]
      },
      "properties": {
        "time": "141960"
      }
    },
    {
      "type": "Feature",
      "id": 353,
      "geometry": {
        "type": "Point",
        "coordinates": [
          41.845634,
          47.58614
        ]
      },
      "properties": {
        "time": "141961"
      }
    },
    {
      "type": "Feature",
      "id": 354,
      "geometry": {
        "type": "Point",
        "coordinates": [
          41.845634,
          47.58614
        ]
      },
      "properties": {
        "time": "141962"
      }
    },
    {
      "type": "Feature",
      "id": 355,
      "geometry": {
        "type": "Point",
        "coordinates": [
          41.845634,
          47.58614
        ]
      },
      "properties": {
        "time": "141963"
      }
    },
    {
      "type": "Feature",
      "id": 356,
      "geometry": {
        "type": "Point",
        "coordinates": [
          41.845634,
          47.58614
        ]
      },
      "properties": {
        "time": "141964"
      }
    },
    {
      "type": "Feature",
      "id": 357,
      "geometry": {
        "type": "Point",
        "coordinates": [
          41.845634,
          47.58614
        ]
      },
      "properties": {
        "time": "141965"
      }
    },
    {
      "type": "Feature",
      "id": 358,
      "geometry": {
        "type": "Point",
        "coordinates": [
          41.845634,
          47.58614
        ]
      },
      "properties": {
        "time": "141966"
      }
    },
    {
      "type": "Feature",
      "id": 359,
      "geometry": {
        "type": "Point",
        "coordinates": [
          41.845634,
          47.58614
        ]
      },
      "properties": {
        "time": "141967"
      }
    },
    {
      "type": "Feature",
      "id": 360,
      "geometry": {
        "type": "Point",
        "coordinates": [
          41.845634,
          47.58614
        ]
      },
      "properties": {
        "time": "141968"
      }
    },
    {
      "type": "Feature",
      "id": 361,
      "geometry": {
        "type": "Point",
        "coordinates": [
          41.845634,
          47.58614
        ]
      },
      "properties": {
        "time": "141969"
      }
    },
    {
      "type": "Feature",
      "id": 362,
      "geometry": {
        "type": "Point",
        "coordinates": [
          41.845634,
          47.58614
        ]
      },
      "properties": {
        "time": "141970"
      }
    },
    {
      "type": "Feature",
      "id": 363,
      "geometry": {
        "type": "Point",
        "coordinates": [
          41.845634,
          47.58614
        ]
      },
      "properties": {
        "time": "141971"
      }
    },
    {
      "type": "Feature",
      "id": 364,
      "geometry": {
        "type": "Point",
        "coordinates": [
          41.845634,
          47.58614
        ]
      },
      "properties": {
        "time": "141972"
      }
    },
    {
      "type": "Feature",
      "id": 365,
      "geometry": {
        "type": "Point",
        "coordinates": [
          41.845634,
          47.58614
        ]
      },
      "properties": {
        "time": "141973"
      }
    },
    {
      "type": "Feature",
      "id": 366,
      "geometry": {
        "type": "Point",
        "coordinates": [
          41.845634,
          47.58614
        ]
      },
      "properties": {
        "time": "141974"
      }
    },
    {
      "type": "Feature",
      "id": 367,
      "geometry": {
        "type": "Point",
        "coordinates": [
          41.845634,
          47.58614
        ]
      },
      "properties": {
        "time": "141975"
      }
    },
    {
      "type": "Feature",
      "id": 368,
      "geometry": {
        "type": "Point",
        "coordinates": [
          41.845634,
          47.58614
        ]
      },
      "properties": {
        "time": "141976"
      }
    },
    {
      "type": "Feature",
      "id": 369,
      "geometry": {
        "type": "Point",
        "coordinates": [
          41.845634,
          47.58614
        ]
      },
      "properties": {
        "time": "141977"
      }
    },
    {
      "type": "Feature",
      "id": 370,
      "geometry": {
        "type": "Point",
        "coordinates": [
          41.845634,
          47.58614
        ]
      },
      "properties": {
        "time": "141978"
      }
    },
    {
      "type": "Feature",
      "id": 371,
      "geometry": {
        "type": "Point",
        "coordinates": [
          41.845634,
          47.58614
        ]
      },
      "properties": {
        "time": "141979"
      }
    },
    {
      "type": "Feature",
      "id": 372,
      "geometry": {
        "type": "Point",
        "coordinates": [
          41.845634,
          47.58614
        ]
      },
      "properties": {
        "time": "141980"
      }
    },
    {
      "type": "Feature",
      "id": 373,
      "geometry": {
        "type": "Point",
        "coordinates": [
          41.845634,
          47.58614
        ]
      },
      "properties": {
        "time": "141981"
      }
    },
    {
      "type": "Feature",
      "id": 374,
      "geometry": {
        "type": "Point",
        "coordinates": [
          41.845634,
          47.58614
        ]
      },
      "properties": {
        "time": "141982"
      }
    },
    {
      "type": "Feature",
      "id": 375,
      "geometry": {
        "type": "Point",
        "coordinates": [
          41.845634,
          47.58614
        ]
      },
      "properties": {
        "time": "141983"
      }
    },
    {
      "type": "Feature",
      "id": 376,
      "geometry": {
        "type": "Point",
        "coordinates": [
          41.845634,
          47.58614
        ]
      },
      "properties": {
        "time": "141984"
      }
    },
    {
      "type": "Feature",
      "id": 377,
      "geometry": {
        "type": "Point",
        "coordinates": [
          41.845634,
          47.58614
        ]
      },
      "properties": {
        "time": "141985"
      }
    },
    {
      "type": "Feature",
      "id": 378,
      "geometry": {
        "type": "Point",
        "coordinates": [
          41.845634,
          47.58614
        ]
      },
      "properties": {
        "time": "141986"
      }
    },
    {
      "type": "Feature",
      "id": 379,
      "geometry": {
        "type": "Point",
        "coordinates": [
          41.845634,
          47.58614
        ]
      },
      "properties": {
        "time": "141987"
      }
    },
    {
      "type": "Feature",
      "id": 380,
      "geometry": {
        "type": "Point",
        "coordinates": [
          41.845634,
          47.58614
        ]
      },
      "properties": {
        "time": "141988"
      }
    },
    {
      "type": "Feature",
      "id": 381,
      "geometry": {
        "type": "Point",
        "coordinates": [
          41.845634,
          47.58614
        ]
      },
      "properties": {
        "time": "141989"
      }
    },
    {
      "type": "Feature",
      "id": 382,
      "geometry": {
        "type": "Point",
        "coordinates": [
          41.845634,
          47.58614
        ]
      },
      "properties": {
        "time": "141990"
      }
    },
    {
      "type": "Feature",
      "id": 383,
      "geometry": {
        "type": "Point",
        "coordinates": [
          41.845634,
          47.58614
        ]
      },
      "properties": {
        "time": "141991"
      }
    },
    {
      "type": "Feature",
      "id": 384,
      "geometry": {
        "type": "Point",
        "coordinates": [
          41.845634,
          47.58614
        ]
      },
      "properties": {
        "time": "141992"
      }
    },
    {
      "type": "Feature",
      "id": 385,
      "geometry": {
        "type": "Point",
        "coordinates": [
          41.845634,
          47.58614
        ]
      },
      "properties": {
        "time": "141993"
      }
    },
    {
      "type": "Feature",
      "id": 386,
      "geometry": {
        "type": "Point",
        "coordinates": [
          41.845634,
          47.58614
        ]
      },
      "properties": {
        "time": "141994"
      }
    },
    {
      "type": "Feature",
      "id": 387,
      "geometry": {
        "type": "Point",
        "coordinates": [
          41.845634,
          47.58614
        ]
      },
      "properties": {
        "time": "141995"
      }
    },
    {
      "type": "Feature",
      "id": 388,
      "geometry": {
        "type": "Point",
        "coordinates": [
          41.845634,
          47.58614
        ]
      },
      "properties": {
        "time": "141996"
      }
    },
    {
      "type": "Feature",
      "id": 389,
      "geometry": {
        "type": "Point",
        "coordinates": [
          41.845634,
          47.58614
        ]
      },
      "properties": {
        "time": "141997"
      }
    },
    {
      "type": "Feature",
      "id": 390,
      "geometry": {
        "type": "Point",
        "coordinates": [
          41.845634,
          47.58614
        ]
      },
      "properties": {
        "time": "141998"
      }
    },
    {
      "type": "Feature",
      "id": 391,
      "geometry": {
        "type": "Point",
        "coordinates": [
          41.845634,
          47.58614
        ]
      },
      "properties": {
        "time": "141999"
      }
    },
    {
      "type": "Feature",
      "id": 392,
      "geometry": {
        "type": "Point",
        "coordinates": [
          41.845634,
          47.58614
        ]
      },
      "properties": {
        "time": "142000"
      }
    },
    {
      "type": "Feature",
      "id": 393,
      "geometry": {
        "type": "Point",
        "coordinates": [
          41.845634,
          47.58614
        ]
      },
      "properties": {
        "time": "142001"
      }
    },
    {
      "type": "Feature",
      "id": 394,
      "geometry": {
        "type": "Point",
        "coordinates": [
          41.845634,
          47.58614
        ]
      },
      "properties": {
        "time": "142002"
      }
    },
    {
      "type": "Feature",
      "id": 395,
      "geometry": {
        "type": "Point",
        "coordinates": [
          41.845634,
          47.58614
        ]
      },
      "properties": {
        "time": "142003"
      }
    },
    {
      "type": "Feature",
      "id": 396,
      "geometry": {
        "type": "Point",
        "coordinates": [
          41.845634,
          47.58614
        ]
      },
      "properties": {
        "time": "142004"
      }
    },
    {
      "type": "Feature",
      "id": 397,
      "geometry": {
        "type": "Point",
        "coordinates": [
          41.845634,
          47.58614
        ]
      },
      "properties": {
        "time": "142005"
      }
    },
    {
      "type": "Feature",
      "id": 398,
      "geometry": {
        "type": "Point",
        "coordinates": [
          41.845634,
          47.58614
        ]
      },
      "properties": {
        "time": "142006"
      }
    },
    {
      "type": "Feature",
      "id": 399,
      "geometry": {
        "type": "Point",
        "coordinates": [
          41.845634,
          47.58614
        ]
      },
      "properties": {
        "time": "142007"
      }
    },
    {
      "type": "Feature",
      "id": 400,
      "geometry": {
        "type": "Point",
        "coordinates": [
          41.845634,
          47.58614
        ]
      },
      "properties": {
        "time": "142008"
      }
    },
    {
      "type": "Feature",
      "id": 401,
      "geometry": {
        "type": "Point",
        "coordinates": [
          41.845634,
          47.58614
        ]
      },
      "properties": {
        "time": "142009"
      }
    },
    {
      "type": "Feature",
      "id": 402,
      "geometry": {
        "type": "Point",
        "coordinates": [
          41.845634,
          47.58614
        ]
      },
      "properties": {
        "time": "142010"
      }
    },
    {
      "type": "Feature",
      "id": 403,
      "geometry": {
        "type": "Point",
        "coordinates": [
          41.845634,
          47.58614
        ]
      },
      "properties": {
        "time": "142011"
      }
    },
    {
      "type": "Feature",
      "id": 404,
      "geometry": {
        "type": "Point",
        "coordinates": [
          41.845634,
          47.58614
        ]
      },
      "properties": {
        "time": "142012"
      }
    },
    {
      "type": "Feature",
      "id": 405,
      "geometry": {
        "type": "Point",
        "coordinates": [
          41.845634,
          47.58614
        ]
      },
      "properties": {
        "time": "142013"
      }
    },
    {
      "type": "Feature",
      "id": 406,
      "geometry": {
        "type": "Point",
        "coordinates": [
          41.845634,
          47.58614
        ]
      },
      "properties": {
        "time": "142014"
      }
    },
    {
      "type": "Feature",
      "id": 407,
      "geometry": {
        "type": "Point",
        "coordinates": [
          41.845634,
          47.58614
        ]
      },
      "properties": {
        "time": "142015"
      }
    },
    {
      "type": "Feature",
      "id": 408,
      "geometry": {
        "type": "Point",
        "coordinates": [
          41.845634,
          47.58614
        ]
      },
      "properties": {
        "time": "142016"
      }
    },
    {
      "type": "Feature",
      "id": 409,
      "geometry": {
        "type": "Point",
        "coordinates": [
          41.845634,
          47.58614
        ]
      },
      "properties": {
        "time": "142017"
      }
    },
    {
      "type": "Feature",
      "id": 410,
      "geometry": {
        "type": "Point",
        "coordinates": [
          41.845634,
          47.58614
        ]
      },
      "properties": {
        "time": "142018"
      }
    },
    {
      "type": "Feature",
      "id": 411,
      "geometry": {
        "type": "Point",
        "coordinates": [
          41.845634,
          47.58614
        ]
      },
      "properties": {
        "time": "142019"
      }
    },
    {
      "type": "Feature",
      "id": 412,
      "geometry": {
        "type": "Point",
        "coordinates": [
          41.845634,
          47.58614
        ]
      },
      "properties": {
        "time": "142020"
      }
    },
    {
      "type": "Feature",
      "id": 413,
      "geometry": {
        "type": "Point",
        "coordinates": [
          41.845634,
          47.58614
        ]
      },
      "properties": {
        "time": "142021"
      }
    },
    {
      "type": "Feature",
      "id": 414,
      "geometry": {
        "type": "Point",
        "coordinates": [
          41.845634,
          47.58614
        ]
      },
      "properties": {
        "time": "142022"
      }
    },
    {
      "type": "Feature",
      "id": 415,
      "geometry": {
        "type": "Point",
        "coordinates": [
          41.845634,
          47.58614
        ]
      },
      "properties": {
        "time": "142023"
      }
    },
    {
      "type": "Feature",
      "id": 416,
      "geometry": {
        "type": "Point",
        "coordinates": [
          41.845634,
          47.58614
        ]
      },
      "properties": {
        "time": "142024"
      }
    },
    {
      "type": "Feature",
      "id": 417,
      "geometry": {
        "type": "Point",
        "coordinates": [
          41.845634,
          47.58614
        ]
      },
      "properties": {
        "time": "142025"
      }
    },
    {
      "type": "Feature",
      "id": 418,
      "geometry": {
        "type": "Point",
        "coordinates": [
          41.845634,
          47.58614
        ]
      },
      "properties": {
        "time": "142026"
      }
    },
    {
      "type": "Feature",
      "id": 419,
      "geometry": {
        "type": "Point",
        "coordinates": [
          41.845634,
          47.58614
        ]
      },
      "properties": {
        "time": "142027"
      }
    },
    {
      "type": "Feature",
      "id": 420,
      "geometry": {
        "type": "Point",
        "coordinates": [
          41.845634,
          47.58614
        ]
      },
      "properties": {
        "time": "142028"
      }
    },
    {
      "type": "Feature",
      "id": 421,
      "geometry": {
        "type": "Point",
        "coordinates": [
          41.845634,
          47.58614
        ]
      },
      "properties": {
        "time": "142029"
      }
    },
    {
      "type": "Feature",
      "id": 422,
      "geometry": {
        "type": "Point",
        "coordinates": [
          41.845634,
          47.58614
        ]
      },
      "properties": {
        "time": "142030"
      }
    },
    {
      "type": "Feature",
      "id": 423,
      "geometry": {
        "type": "Point",
        "coordinates": [
          41.845634,
          47.58614
        ]
      },
      "properties": {
        "time": "142031"
      }
    },
    {
      "type": "Feature",
      "id": 424,
      "geometry": {
        "type": "Point",
        "coordinates": [
          41.845634,
          47.58614
        ]
      },
      "properties": {
        "time": "142032"
      }
    },
    {
      "type": "Feature",
      "id": 425,
      "geometry": {
        "type": "Point",
        "coordinates": [
          41.845634,
          47.58614
        ]
      },
      "properties": {
        "time": "142033"
      }
    },
    {
      "type": "Feature",
      "id": 426,
      "geometry": {
        "type": "Point",
        "coordinates": [
          41.845634,
          47.58614
        ]
      },
      "properties": {
        "time": "142034"
      }
    },
    {
      "type": "Feature",
      "id": 427,
      "geometry": {
        "type": "Point",
        "coordinates": [
          41.845634,
          47.58614
        ]
      },
      "properties": {
        "time": "142035"
      }
    },
    {
      "type": "Feature",
      "id": 428,
      "geometry": {
        "type": "Point",
        "coordinates": [
          41.845634,
          47.58614
        ]
      },
      "properties": {
        "time": "142036"
      }
    },
    {
      "type": "Feature",
      "id": 429,
      "geometry": {
        "type": "Point",
        "coordinates": [
          41.845634,
          47.58614
        ]
      },
      "properties": {
        "time": "142037"
      }
    },
    {
      "type": "Feature",
      "id": 430,
      "geometry": {
        "type": "Point",
        "coordinates": [
          41.845634,
          47.58614
        ]
      },
      "properties": {
        "time": "142038"
      }
    },
    {
      "type": "Feature",
      "id": 431,
      "geometry": {
        "type": "Point",
        "coordinates": [
          41.845634,
          47.58614
        ]
      },
      "properties": {
        "time": "142039"
      }
    },
    {
      "type": "Feature",
      "id": 432,
      "geometry": {
        "type": "Point",
        "coordinates": [
          41.845634,
          47.58614
        ]
      },
      "properties": {
        "time": "142040"
      }
    },
    {
      "type": "Feature",
      "id": 433,
      "geometry": {
        "type": "Point",
        "coordinates": [
          41.845634,
          47.58614
        ]
      },
      "properties": {
        "time": "142041"
      }
    },
    {
      "type": "Feature",
      "id": 434,
      "geometry": {
        "type": "Point",
        "coordinates": [
          41.845634,
          47.58614
        ]
      },
      "properties": {
        "time": "142042"
      }
    },
    {
      "type": "Feature",
      "id": 435,
      "geometry": {
        "type": "Point",
        "coordinates": [
          41.845634,
          47.58614
        ]
      },
      "properties": {
        "time": "142043"
      }
    },
    {
      "type": "Feature",
      "id": 436,
      "geometry": {
        "type": "Point",
        "coordinates": [
          41.845634,
          47.58614
        ]
      },
      "properties": {
        "time": "142044"
      }
    },
    {
      "type": "Feature",
      "id": 437,
      "geometry": {
        "type": "Point",
        "coordinates": [
          41.845634,
          47.58614
        ]
      },
      "properties": {
        "time": "142045"
      }
    },
    {
      "type": "Feature",
      "id": 438,
      "geometry": {
        "type": "Point",
        "coordinates": [
          41.845634,
          47.58614
        ]
      },
      "properties": {
        "time": "142046"
      }
    },
    {
      "type": "Feature",
      "id": 439,
      "geometry": {
        "type": "Point",
        "coordinates": [
          41.845634,
          47.58614
        ]
      },
      "properties": {
        "time": "142047"
      }
    },
    {
      "type": "Feature",
      "id": 440,
      "geometry": {
        "type": "Point",
        "coordinates": [
          41.845634,
          47.58614
        ]
      },
      "properties": {
        "time": "142048"
      }
    },
    {
      "type": "Feature",
      "id": 441,
      "geometry": {
        "type": "Point",
        "coordinates": [
          41.845634,
          47.58614
        ]
      },
      "properties": {
        "time": "142049"
      }
    },
    {
      "type": "Feature",
      "id": 442,
      "geometry": {
        "type": "Point",
        "coordinates": [
          41.845634,
          47.58614
        ]
      },
      "properties": {
        "time": "142050"
      }
    },
    {
      "type": "Feature",
      "id": 443,
      "geometry": {
        "type": "Point",
        "coordinates": [
          41.845634,
          47.58614
        ]
      },
      "properties": {
        "time": "142051"
      }
    },
    {
      "type": "Feature",
      "id": 444,
      "geometry": {
        "type": "Point",
        "coordinates": [
          41.845634,
          47.58614
        ]
      },
      "properties": {
        "time": "142052"
      }
    },
    {
      "type": "Feature",
      "id": 445,
      "geometry": {
        "type": "Point",
        "coordinates": [
          41.845634,
          47.58614
        ]
      },
      "properties": {
        "time": "142053"
      }
    },
    {
      "type": "Feature",
      "id": 446,
      "geometry": {
        "type": "Point",
        "coordinates": [
          41.845634,
          47.58614
        ]
      },
      "properties": {
        "time": "142054"
      }
    },
    {
      "type": "Feature",
      "id": 447,
      "geometry": {
        "type": "Point",
        "coordinates": [
          41.845634,
          47.58614
        ]
      },
      "properties": {
        "time": "142055"
      }
    },
    {
      "type": "Feature",
      "id": 448,
      "geometry": {
        "type": "Point",
        "coordinates": [
          41.845634,
          47.58614
        ]
      },
      "properties": {
        "time": "142056"
      }
    },
    {
      "type": "Feature",
      "id": 449,
      "geometry": {
        "type": "Point",
        "coordinates": [
          41.845634,
          47.58614
        ]
      },
      "properties": {
        "time": "142057"
      }
    },
    {
      "type": "Feature",
      "id": 450,
      "geometry": {
        "type": "Point",
        "coordinates": [
          41.845634,
          47.58614
        ]
      },
      "properties": {
        "time": "142058"
      }
    },
    {
      "type": "Feature",
      "id": 451,
      "geometry": {
        "type": "Point",
        "coordinates": [
          41.845634,
          47.58614
        ]
      },
      "properties": {
        "time": "142059"
      }
    },
    {
      "type": "Feature",
      "id": 452,
      "geometry": {
        "type": "Point",
        "coordinates": [
          41.845634,
          47.58614
        ]
      },
      "properties": {
        "time": "142060"
      }
    },
    {
      "type": "Feature",
      "id": 453,
      "geometry": {
        "type": "Point",
        "coordinates": [
          41.845634,
          47.58614
        ]
      },
      "properties": {
        "time": "142061"
      }
    },
    {
      "type": "Feature",
      "id": 454,
      "geometry": {
        "type": "Point",
        "coordinates": [
          41.845634,
          47.58614
        ]
      },
      "properties": {
        "time": "142062"
      }
    },
    {
      "type": "Feature",
      "id": 455,
      "geometry": {
        "type": "Point",
        "coordinates": [
          41.845634,
          47.58614
        ]
      },
      "properties": {
        "time": "142063"
      }
    },
    {
      "type": "Feature",
      "id": 456,
      "geometry": {
        "type": "Point",
        "coordinates": [
          41.845634,
          47.58614
        ]
      },
      "properties": {
        "time": "142064"
      }
    },
    {
      "type": "Feature",
      "id": 457,
      "geometry": {
        "type": "Point",
        "coordinates": [
          41.845634,
          47.58614
        ]
      },
      "properties": {
        "time": "142065"
      }
    },
    {
      "type": "Feature",
      "id": 458,
      "geometry": {
        "type": "Point",
        "coordinates": [
          41.845634,
          47.58614
        ]
      },
      "properties": {
        "time": "142066"
      }
    },
    {
      "type": "Feature",
      "id": 459,
      "geometry": {
        "type": "Point",
        "coordinates": [
          41.845634,
          47.58614
        ]
      },
      "properties": {
        "time": "142067"
      }
    },
    {
      "type": "Feature",
      "id": 460,
      "geometry": {
        "type": "Point",
        "coordinates": [
          41.845634,
          47.58614
        ]
      },
      "properties": {
        "time": "142068"
      }
    },
    {
      "type": "Feature",
      "id": 461,
      "geometry": {
        "type": "Point",
        "coordinates": [
          41.845634,
          47.58614
        ]
      },
      "properties": {
        "time": "142069"
      }
    },
    {
      "type": "Feature",
      "id": 462,
      "geometry": {
        "type": "Point",
        "coordinates": [
          41.845634,
          47.58614
        ]
      },
      "properties": {
        "time": "142070"
      }
    },
    {
      "type": "Feature",
      "id": 463,
      "geometry": {
        "type": "Point",
        "coordinates": [
          41.845634,
          47.58614
        ]
      },
      "properties": {
        "time": "142071"
      }
    },
    {
      "type": "Feature",
      "id": 464,
      "geometry": {
        "type": "Point",
        "coordinates": [
          41.845634,
          47.58614
        ]
      },
      "properties": {
        "time": "142072"
      }
    },
    {
      "type": "Feature",
      "id": 465,
      "geometry": {
        "type": "Point",
        "coordinates": [
          41.845634,
          47.58614
        ]
      },
      "properties": {
        "time": "142073"
      }
    },
    {
      "type": "Feature",
      "id": 466,
      "geometry": {
        "type": "Point",
        "coordinates": [
          41.845634,
          47.58614
        ]
      },
      "properties": {
        "time": "142074"
      }
    },
    {
      "type": "Feature",
      "id": 467,
      "geometry": {
        "type": "Point",
        "coordinates": [
          41.845634,
          47.58614
        ]
      },
      "properties": {
        "time": "142075"
      }
    },
    {
      "type": "Feature",
      "id": 468,
      "geometry": {
        "type": "Point",
        "coordinates": [
          41.845634,
          47.58614
        ]
      },
      "properties": {
        "time": "142076"
      }
    },
    {
      "type": "Feature",
      "id": 469,
      "geometry": {
        "type": "Point",
        "coordinates": [
          41.845634,
          47.58614
        ]
      },
      "properties": {
        "time": "142077"
      }
    },
    {
      "type": "Feature",
      "id": 470,
      "geometry": {
        "type": "Point",
        "coordinates": [
          41.845634,
          47.58614
        ]
      },
      "properties": {
        "time": "142078"
      }
    },
    {
      "type": "Feature",
      "id": 471,
      "geometry": {
        "type": "Point",
        "coordinates": [
          41.845634,
          47.58614
        ]
      },
      "properties": {
        "time": "142079"
      }
    },
    {
      "type": "Feature",
      "id": 472,
      "geometry": {
        "type": "Point",
        "coordinates": [
          41.845634,
          47.58614
        ]
      },
      "properties": {
        "time": "142080"
      }
    },
    {
      "type": "Feature",
      "id": 473,
      "geometry": {
        "type": "Point",
        "coordinates": [
          41.845634,
          47.58614
        ]
      },
      "properties": {
        "time": "142081"
      }
    },
    {
      "type": "Feature",
      "id": 474,
      "geometry": {
        "type": "Point",
        "coordinates": [
          41.845634,
          47.58614
        ]
      },
      "properties": {
        "time": "142082"
      }
    },
    {
      "type": "Feature",
      "id": 475,
      "geometry": {
        "type": "Point",
        "coordinates": [
          41.845634,
          47.58614
        ]
      },
      "properties": {
        "time": "142083"
      }
    },
    {
      "type": "Feature",
      "id": 476,
      "geometry": {
        "type": "Point",
        "coordinates": [
          41.845634,
          47.58614
        ]
      },
      "properties": {
        "time": "142084"
      }
    },
    {
      "type": "Feature",
      "id": 477,
      "geometry": {
        "type": "Point",
        "coordinates": [
          41.845634,
          47.58614
        ]
      },
      "properties": {
        "time": "142085"
      }
    },
    {
      "type": "Feature",
      "id": 478,
      "geometry": {
        "type": "Point",
        "coordinates": [
          41.845634,
          47.58614
        ]
      },
      "properties": {
        "time": "142086"
      }
    },
    {
      "type": "Feature",
      "id": 479,
      "geometry": {
        "type": "Point",
        "coordinates": [
          41.845634,
          47.58614
        ]
      },
      "properties": {
        "time": "142087"
      }
    },
    {
      "type": "Feature",
      "id": 480,
      "geometry": {
        "type": "Point",
        "coordinates": [
          41.845634,
          47.58614
        ]
      },
      "properties": {
        "time": "142088"
      }
    },
    {
      "type": "Feature",
      "id": 481,
      "geometry": {
        "type": "Point",
        "coordinates": [
          41.845634,
          47.58614
        ]
      },
      "properties": {
        "time": "142089"
      }
    },
    {
      "type": "Feature",
      "id": 482,
      "geometry": {
        "type": "Point",
        "coordinates": [
          41.845634,
          47.58614
        ]
      },
      "properties": {
        "time": "142090"
      }
    },
    {
      "type": "Feature",
      "id": 483,
      "geometry": {
        "type": "Point",
        "coordinates": [
          41.845634,
          47.58614
        ]
      },
      "properties": {
        "time": "142091"
      }
    },
    {
      "type": "Feature",
      "id": 484,
      "geometry": {
        "type": "Point",
        "coordinates": [
          41.845634,
          47.58614
        ]
      },
      "properties": {
        "time": "142092"
      }
    },
    {
      "type": "Feature",
      "id": 485,
      "geometry": {
        "type": "Point",
        "coordinates": [
          41.845634,
          47.58614
        ]
      },
      "properties": {
        "time": "142093"
      }
    },
    {
      "type": "Feature",
      "id": 486,
      "geometry": {
        "type": "Point",
        "coordinates": [
          41.845634,
          47.58614
        ]
      },
      "properties": {
        "time": "142094"
      }
    },
    {
      "type": "Feature",
      "id": 487,
      "geometry": {
        "type": "Point",
        "coordinates": [
          41.845634,
          47.58614
        ]
      },
      "properties": {
        "time": "142095"
      }
    },
    {
      "type": "Feature",
      "id": 488,
      "geometry": {
        "type": "Point",
        "coordinates": [
          41.845634,
          47.58614
        ]
      },
      "properties": {
        "time": "142096"
      }
    },
    {
      "type": "Feature",
      "id": 489,
      "geometry": {
        "type": "Point",
        "coordinates": [
          41.845634,
          47.58614
        ]
      },
      "properties": {
        "time": "142097"
      }
    },
    {
      "type": "Feature",
      "id": 490,
      "geometry": {
        "type": "Point",
        "coordinates": [
          41.845634,
          47.58614
        ]
      },
      "properties": {
        "time": "142098"
      }
    },
    {
      "type": "Feature",
      "id": 491,
      "geometry": {
        "type": "Point",
        "coordinates": [
          41.845634,
          47.58614
        ]
      },
      "properties": {
        "time": "142099"
      }
    },
    {
      "type": "Feature",
      "id": 492,
      "geometry": {
        "type": "Point",
        "coordinates": [
          41.845634,
          47.58614
        ]
      },
      "properties": {
        "time": "142100"
      }
    },
    {
      "type": "Feature",
      "id": 493,
      "geometry": {
        "type": "Point",
        "coordinates": [
          41.845634,
          47.58614
        ]
      },
      "properties": {
        "time": "142101"
      }
    },
    {
      "type": "Feature",
      "id": 494,
      "geometry": {
        "type": "Point",
        "coordinates": [
          41.845634,
          47.58614
        ]
      },
      "properties": {
        "time": "142102"
      }
    },
    {
      "type": "Feature",
      "id": 495,
      "geometry": {
        "type": "Point",
        "coordinates": [
          41.845634,
          47.58614
        ]
      },
      "properties": {
        "time": "142103"
      }
    },
    {
      "type": "Feature",
      "id": 496,
      "geometry": {
        "type": "Point",
        "coordinates": [
          41.845634,
          47.58614
        ]
      },
      "properties": {
        "time": "142104"
      }
    },
    {
      "type": "Feature",
      "id": 497,
      "geometry": {
        "type": "Point",
        "coordinates": [
          41.845634,
          47.58614
        ]
      },
      "properties": {
        "time": "142105"
      }
    },
    {
      "type": "Feature",
      "id": 498,
      "geometry": {
        "type": "Point",
        "coordinates": [
          41.845634,
          47.58614
        ]
      },
      "properties": {
        "time": "142106"
      }
    },
    {
      "type": "Feature",
      "id": 499,
      "geometry": {
        "type": "Point",
        "coordinates": [
          41.845634,
          47.58614
        ]
      },
      "properties": {
        "time": "142107"
      }
    },
    {
      "type": "Feature",
      "id": 500,
      "geometry": {
        "type": "Point",
        "coordinates": [
          41.845634,
          47.58614
        ]
      },
      "properties": {
        "time": "142108"
      }
    },
    {
      "type": "Feature",
      "id": 501,
      "geometry": {
        "type": "Point",
        "coordinates": [
          41.845634,
          47.58614
        ]
      },
      "properties": {
        "time": "142109"
      }
    },
    {
      "type": "Feature",
      "id": 502,
      "geometry": {
        "type": "Point",
        "coordinates": [
          41.845634,
          47.58614
        ]
      },
      "properties": {
        "time": "142110"
      }
    },
    {
      "type": "Feature",
      "id": 503,
      "geometry": {
        "type": "Point",
        "coordinates": [
          41.845634,
          47.58614
        ]
      },
      "properties": {
        "time": "142111"
      }
    },
    {
      "type": "Feature",
      "id": 504,
      "geometry": {
        "type": "Point",
        "coordinates": [
          41.845634,
          47.58614
        ]
      },
      "properties": {
        "time": "142112"
      }
    },
    {
      "type": "Feature",
      "id": 505,
      "geometry": {
        "type": "Point",
        "coordinates": [
          41.845634,
          47.58614
        ]
      },
      "properties": {
        "time": "142113"
      }
    },
    {
      "type": "Feature",
      "id": 506,
      "geometry": {
        "type": "Point",
        "coordinates": [
          41.845634,
          47.58614
        ]
      },
      "properties": {
        "time": "142114"
      }
    },
    {
      "type": "Feature",
      "id": 507,
      "geometry": {
        "type": "Point",
        "coordinates": [
          41.845634,
          47.58614
        ]
      },
      "properties": {
        "time": "142115"
      }
    },
    {
      "type": "Feature",
      "id": 508,
      "geometry": {
        "type": "Point",
        "coordinates": [
          41.845634,
          47.58614
        ]
      },
      "properties": {
        "time": "142116"
      }
    },
    {
      "type": "Feature",
      "id": 509,
      "geometry": {
        "type": "Point",
        "coordinates": [
          41.845634,
          47.58614
        ]
      },
      "properties": {
        "time": "142117"
      }
    },
    {
      "type": "Feature",
      "id": 510,
      "geometry": {
        "type": "Point",
        "coordinates": [
          41.845634,
          47.58614
        ]
      },
      "properties": {
        "time": "142118"
      }
    },
    {
      "type": "Feature",
      "id": 511,
      "geometry": {
        "type": "Point",
        "coordinates": [
          41.845634,
          47.58614
        ]
      },
      "properties": {
        "time": "142119"
      }
    },
    {
      "type": "Feature",
      "id": 512,
      "geometry": {
        "type": "Point",
        "coordinates": [
          41.845634,
          47.58614
        ]
      },
      "properties": {
        "time": "142120"
      }
    },
    {
      "type": "Feature",
      "id": 513,
      "geometry": {
        "type": "Point",
        "coordinates": [
          41.845634,
          47.58614
        ]
      },
      "properties": {
        "time": "142121"
      }
    },
    {
      "type": "Feature",
      "id": 514,
      "geometry": {
        "type": "Point",
        "coordinates": [
          41.845634,
          47.58614
        ]
      },
      "properties": {
        "time": "142122"
      }
    },
    {
      "type": "Feature",
      "id": 515,
      "geometry": {
        "type": "Point",
        "coordinates": [
          41.845634,
          47.58614
        ]
      },
      "properties": {
        "time": "142123"
      }
    },
    {
      "type": "Feature",
      "id": 516,
      "geometry": {
        "type": "Point",
        "coordinates": [
          41.845634,
          47.58614
        ]
      },
      "properties": {
        "time": "142124"
      }
    },
    {
      "type": "Feature",
      "id": 517,
      "geometry": {
        "type": "Point",
        "coordinates": [
          41.845634,
          47.58614
        ]
      },
      "properties": {
        "time": "142125"
      }
    },
    {
      "type": "Feature",
      "id": 518,
      "geometry": {
        "type": "Point",
        "coordinates": [
          41.845634,
          47.58614
        ]
      },
      "properties": {
        "time": "142126"
      }
    },
    {
      "type": "Feature",
      "id": 519,
      "geometry": {
        "type": "Point",
        "coordinates": [
          41.845634,
          47.58614
        ]
      },
      "properties": {
        "time": "142127"
      }
    },
    {
      "type": "Feature",
      "id": 520,
      "geometry": {
        "type": "Point",
        "coordinates": [
          41.845634,
          47.58614
        ]
      },
      "properties": {
        "time": "142128"
      }
    },
    {
      "type": "Feature",
      "id": 521,
      "geometry": {
        "type": "Point",
        "coordinates": [
          41.845634,
          47.58614
        ]
      },
      "properties": {
        "time": "142129"
      }
    },
    {
      "type": "Feature",
      "id": 522,
      "geometry": {
        "type": "Point",
        "coordinates": [
          41.845634,
          47.58614
        ]
      },
      "properties": {
        "time": "142130"
      }
    },
    {
      "type": "Feature",
      "id": 523,
      "geometry": {
        "type": "Point",
        "coordinates": [
          41.845634,
          47.58614
        ]
      },
      "properties": {
        "time": "142131"
      }
    },
    {
      "type": "Feature",
      "id": 524,
      "geometry": {
        "type": "Point",
        "coordinates": [
          41.845634,
          47.58614
        ]
      },
      "properties": {
        "time": "142132"
      }
    },
    {
      "type": "Feature",
      "id": 525,
      "geometry": {
        "type": "Point",
        "coordinates": [
          41.845634,
          47.58614
        ]
      },
      "properties": {
        "time": "142133"
      }
    },
    {
      "type": "Feature",
      "id": 526,
      "geometry": {
        "type": "Point",
        "coordinates": [
          41.845634,
          47.58614
        ]
      },
      "properties": {
        "time": "142134"
      }
    },
    {
      "type": "Feature",
      "id": 527,
      "geometry": {
        "type": "Point",
        "coordinates": [
          41.845634,
          47.58614
        ]
      },
      "properties": {
        "time": "142135"
      }
    },
    {
      "type": "Feature",
      "id": 528,
      "geometry": {
        "type": "Point",
        "coordinates": [
          41.845634,
          47.58614
        ]
      },
      "properties": {
        "time": "142136"
      }
    },
    {
      "type": "Feature",
      "id": 529,
      "geometry": {
        "type": "Point",
        "coordinates": [
          41.845634,
          47.58614
        ]
      },
      "properties": {
        "time": "142137"
      }
    },
    {
      "type": "Feature",
      "id": 530,
      "geometry": {
        "type": "Point",
        "coordinates": [
          41.845634,
          47.58614
        ]
      },
      "properties": {
        "time": "142138"
      }
    },
    {
      "type": "Feature",
      "id": 531,
      "geometry": {
        "type": "Point",
        "coordinates": [
          41.845634,
          47.58614
        ]
      },
      "properties": {
        "time": "142139"
      }
    },
    {
      "type": "Feature",
      "id": 532,
      "geometry": {
        "type": "Point",
        "coordinates": [
          41.845634,
          47.58614
        ]
      },
      "properties": {
        "time": "142140"
      }
    },
    {
      "type": "Feature",
      "id": 533,
      "geometry": {
        "type": "Point",
        "coordinates": [
          41.845634,
          47.58614
        ]
      },
      "properties": {
        "time": "142141"
      }
    },
    {
      "type": "Feature",
      "id": 534,
      "geometry": {
        "type": "Point",
        "coordinates": [
          41.845634,
          47.58614
        ]
      },
      "properties": {
        "time": "142142"
      }
    },
    {
      "type": "Feature",
      "id": 535,
      "geometry": {
        "type": "Point",
        "coordinates": [
          41.845634,
          47.58614
        ]
      },
      "properties": {
        "time": "142143"
      }
    },
    {
      "type": "Feature",
      "id": 536,
      "geometry": {
        "type": "Point",
        "coordinates": [
          41.845634,
          47.58614
        ]
      },
      "properties": {
        "time": "142144"
      }
    },
    {
      "type": "Feature",
      "id": 537,
      "geometry": {
        "type": "Point",
        "coordinates": [
          41.845634,
          47.58614
        ]
      },
      "properties": {
        "time": "142145"
      }
    },
    {
      "type": "Feature",
      "id": 538,
      "geometry": {
        "type": "Point",
        "coordinates": [
          41.845634,
          47.58614
        ]
      },
      "properties": {
        "time": "142146"
      }
    },
    {
      "type": "Feature",
      "id": 539,
      "geometry": {
        "type": "Point",
        "coordinates": [
          41.845634,
          47.58614
        ]
      },
      "properties": {
        "time": "142147"
      }
    },
    {
      "type": "Feature",
      "id": 540,
      "geometry": {
        "type": "Point",
        "coordinates": [
          41.845634,
          47.58614
        ]
      },
      "properties": {
        "time": "142148"
      }
    },
    {
      "type": "Feature",
      "id": 541,
      "geometry": {
        "type": "Point",
        "coordinates": [
          41.845634,
          47.58614
        ]
      },
      "properties": {
        "time": "142149"
      }
    },
    {
      "type": "Feature",
      "id": 542,
      "geometry": {
        "type": "Point",
        "coordinates": [
          41.845634,
          47.58614
        ]
      },
      "properties": {
        "time": "142150"
      }
    },
    {
      "type": "Feature",
      "id": 543,
      "geometry": {
        "type": "Point",
        "coordinates": [
          41.845634,
          47.58614
        ]
      },
      "properties": {
        "time": "142151"
      }
    },
    {
      "type": "Feature",
      "id": 544,
      "geometry": {
        "type": "Point",
        "coordinates": [
          41.845634,
          47.58614
        ]
      },
      "properties": {
        "time": "142152"
      }
    },
    {
      "type": "Feature",
      "id": 545,
      "geometry": {
        "type": "Point",
        "coordinates": [
          41.845634,
          47.58614
        ]
      },
      "properties": {
        "time": "142153"
      }
    },
    {
      "type": "Feature",
      "id": 546,
      "geometry": {
        "type": "Point",
        "coordinates": [
          41.845634,
          47.58614
        ]
      },
      "properties": {
        "time": "142154"
      }
    },
    {
      "type": "Feature",
      "id": 547,
      "geometry": {
        "type": "Point",
        "coordinates": [
          41.845634,
          47.58614
        ]
      },
      "properties": {
        "time": "142155"
      }
    },
    {
      "type": "Feature",
      "id": 548,
      "geometry": {
        "type": "Point",
        "coordinates": [
          41.845634,
          47.58614
        ]
      },
      "properties": {
        "time": "142156"
      }
    },
    {
      "type": "Feature",
      "id": 549,
      "geometry": {
        "type": "Point",
        "coordinates": [
          41.845634,
          47.58614
        ]
      },
      "properties": {
        "time": "142157"
      }
    },
    {
      "type": "Feature",
      "id": 550,
      "geometry": {
        "type": "Point",
        "coordinates": [
          41.845634,
          47.58614
        ]
      },
      "properties": {
        "time": "142158"
      }
    },
    {
      "type": "Feature",
      "id": 551,
      "geometry": {
        "type": "Point",
        "coordinates": [
          41.845634,
          47.58614
        ]
      },
      "properties": {
        "time": "142159"
      }
    },
    {
      "type": "Feature",
      "id": 552,
      "geometry": {
        "type": "Point",
        "coordinates": [
          41.845634,
          47.58614
        ]
      },
      "properties": {
        "time": "142160"
      }
    },
    {
      "type": "Feature",
      "id": 553,
      "geometry": {
        "type": "Point",
        "coordinates": [
          41.845634,
          47.58614
        ]
      },
      "properties": {
        "time": "142161"
      }
    },
    {
      "type": "Feature",
      "id": 554,
      "geometry": {
        "type": "Point",
        "coordinates": [
          41.845634,
          47.58614
        ]
      },
      "properties": {
        "time": "142162"
      }
    },
    {
      "type": "Feature",
      "id": 555,
      "geometry": {
        "type": "Point",
        "coordinates": [
          41.845634,
          47.58614
        ]
      },
      "properties": {
        "time": "142163"
      }
    },
    {
      "type": "Feature",
      "id": 556,
      "geometry": {
        "type": "Point",
        "coordinates": [
          41.845634,
          47.58614
        ]
      },
      "properties": {
        "time": "142164"
      }
    },
    {
      "type": "Feature",
      "id": 557,
      "geometry": {
        "type": "Point",
        "coordinates": [
          41.845634,
          47.58614
        ]
      },
      "properties": {
        "time": "142165"
      }
    },
    {
      "type": "Feature",
      "id": 558,
      "geometry": {
        "type": "Point",
        "coordinates": [
          41.845634,
          47.58614
        ]
      },
      "properties": {
        "time": "142166"
      }
    },
    {
      "type": "Feature",
      "id": 559,
      "geometry": {
        "type": "Point",
        "coordinates": [
          41.845634,
          47.58614
        ]
      },
      "properties": {
        "time": "142167"
      }
    },
    {
      "type": "Feature",
      "id": 560,
      "geometry": {
        "type": "Point",
        "coordinates": [
          41.845634,
          47.58614
        ]
      },
      "properties": {
        "time": "142168"
      }
    },
    {
      "type": "Feature",
      "id": 561,
      "geometry": {
        "type": "Point",
        "coordinates": [
          41.845634,
          47.58614
        ]
      },
      "properties": {
        "time": "142169"
      }
    },
    {
      "type": "Feature",
      "id": 562,
      "geometry": {
        "type": "Point",
        "coordinates": [
          41.845634,
          47.58614
        ]
      },
      "properties": {
        "time": "142170"
      }
    },
    {
      "type": "Feature",
      "id": 563,
      "geometry": {
        "type": "Point",
        "coordinates": [
          41.845634,
          47.58614
        ]
      },
      "properties": {
        "time": "142171"
      }
    },
    {
      "type": "Feature",
      "id": 564,
      "geometry": {
        "type": "Point",
        "coordinates": [
          41.845634,
          47.58614
        ]
      },
      "properties": {
        "time": "142172"
      }
    },
    {
      "type": "Feature",
      "id": 565,
      "geometry": {
        "type": "Point",
        "coordinates": [
          41.845634,
          47.58614
        ]
      },
      "properties": {
        "time": "142173"
      }
    },
    {
      "type": "Feature",
      "id": 566,
      "geometry": {
        "type": "Point",
        "coordinates": [
          41.845634,
          47.58614
        ]
      },
      "properties": {
        "time": "142174"
      }
    },
    {
      "type": "Feature",
      "id": 567,
      "geometry": {
        "type": "Point",
        "coordinates": [
          41.845634,
          47.58614
        ]
      },
      "properties": {
        "time": "142175"
      }
    },
    {
      "type": "Feature",
      "id": 568,
      "geometry": {
        "type": "Point",
        "coordinates": [
          41.845634,
          47.58614
        ]
      },
      "properties": {
        "time": "142176"
      }
    },
    {
      "type": "Feature",
      "id": 569,
      "geometry": {
        "type": "Point",
        "coordinates": [
          41.845634,
          47.58614
        ]
      },
      "properties": {
        "time": "142177"
      }
    },
    {
      "type": "Feature",
      "id": 570,
      "geometry": {
        "type": "Point",
        "coordinates": [
          41.845634,
          47.58614
        ]
      },
      "properties": {
        "time": "142178"
      }
    },
    {
      "type": "Feature",
      "id": 571,
      "geometry": {
        "type": "Point",
        "coordinates": [
          41.845634,
          47.58614
        ]
      },
      "properties": {
        "time": "142179"
      }
    },
    {
      "type": "Feature",
      "id": 572,
      "geometry": {
        "type": "Point",
        "coordinates": [
          41.845634,
          47.58614
        ]
      },
      "properties": {
        "time": "142180"
      }
    },
    {
      "type": "Feature",
      "id": 573,
      "geometry": {
        "type": "Point",
        "coordinates": [
          41.845634,
          47.58614
        ]
      },
      "properties": {
        "time": "142181"
      }
    },
    {
      "type": "Feature",
      "id": 574,
      "geometry": {
        "type": "Point",
        "coordinates": [
          41.845634,
          47.58614
        ]
      },
      "properties": {
        "time": "142182"
      }
    },
    {
      "type": "Feature",
      "id": 575,
      "geometry": {
        "type": "Point",
        "coordinates": [
          41.845634,
          47.58614
        ]
      },
      "properties": {
        "time": "142183"
      }
    },
    {
      "type": "Feature",
      "id": 576,
      "geometry": {
        "type": "Point",
        "coordinates": [
          41.845634,
          47.58614
        ]
      },
      "properties": {
        "time": "142184"
      }
    },
    {
      "type": "Feature",
      "id": 577,
      "geometry": {
        "type": "Point",
        "coordinates": [
          41.845634,
          47.58614
        ]
      },
      "properties": {
        "time": "142185"
      }
    },
    {
      "type": "Feature",
      "id": 578,
      "geometry": {
        "type": "Point",
        "coordinates": [
          41.845634,
          47.58614
        ]
      },
      "properties": {
        "time": "142186"
      }
    },
    {
      "type": "Feature",
      "id": 579,
      "geometry": {
        "type": "Point",
        "coordinates": [
          41.845634,
          47.58614
        ]
      },
      "properties": {
        "time": "142187"
      }
    },
    {
      "type": "Feature",
      "id": 580,
      "geometry": {
        "type": "Point",
        "coordinates": [
          41.845634,
          47.58614
        ]
      },
      "properties": {
        "time": "142188"
      }
    },
    {
      "type": "Feature",
      "id": 581,
      "geometry": {
        "type": "Point",
        "coordinates": [
          41.845634,
          47.58614
        ]
      },
      "properties": {
        "time": "142189"
      }
    },
    {
      "type": "Feature",
      "id": 582,
      "geometry": {
        "type": "Point",
        "coordinates": [
          41.845634,
          47.58614
        ]
      },
      "properties": {
        "time": "142190"
      }
    },
    {
      "type": "Feature",
      "id": 583,
      "geometry": {
        "type": "Point",
        "coordinates": [
          41.845634,
          47.58614
        ]
      },
      "properties": {
        "time": "142191"
      }
    },
    {
      "type": "Feature",
      "id": 584,
      "geometry": {
        "type": "Point",
        "coordinates": [
          41.845634,
          47.58614
        ]
      },
      "properties": {
        "time": "142192"
      }
    },
    {
      "type": "Feature",
      "id": 585,
      "geometry": {
        "type": "Point",
        "coordinates": [
          41.845634,
          47.58614
        ]
      },
      "properties": {
        "time": "142193"
      }
    },
    {
      "type": "Feature",
      "id": 586,
      "geometry": {
        "type": "Point",
        "coordinates": [
          41.845634,
          47.58614
        ]
      },
      "properties": {
        "time": "142194"
      }
    },
    {
      "type": "Feature",
      "id": 587,
      "geometry": {
        "type": "Point",
        "coordinates": [
          41.845634,
          47.58614
        ]
      },
      "properties": {
        "time": "142195"
      }
    },
    {
      "type": "Feature",
      "id": 588,
      "geometry": {
        "type": "Point",
        "coordinates": [
          41.845634,
          47.58614
        ]
      },
      "properties": {
        "time": "142196"
      }
    },
    {
      "type": "Feature",
      "id": 589,
      "geometry": {
        "type": "Point",
        "coordinates": [
          41.845634,
          47.58614
        ]
      },
      "properties": {
        "time": "142197"
      }
    },
    {
      "type": "Feature",
      "id": 590,
      "geometry": {
        "type": "Point",
        "coordinates": [
          41.845634,
          47.58614
        ]
      },
      "properties": {
        "time": "142198"
      }
    },
    {
      "type": "Feature",
      "id": 591,
      "geometry": {
        "type": "Point",
        "coordinates": [
          41.845634,
          47.58614
        ]
      },
      "properties": {
        "time": "142199"
      }
    },
    {
      "type": "Feature",
      "id": 592,
      "geometry": {
        "type": "Point",
        "coordinates": [
          41.845634,
          47.58614
        ]
      },
      "properties": {
        "time": "142200"
      }
    },
    {
      "type": "Feature",
      "id": 593,
      "geometry": {
        "type": "Point",
        "coordinates": [
          41.845634,
          47.58614
        ]
      },
      "properties": {
        "time": "142201"
      }
    },
    {
      "type": "Feature",
      "id": 594,
      "geometry": {
        "type": "Point",
        "coordinates": [
          41.845634,
          47.58614
        ]
      },
      "properties": {
        "time": "142202"
      }
    },
    {
      "type": "Feature",
      "id": 595,
      "geometry": {
        "type": "Point",
        "coordinates": [
          41.845634,
          47.58614
        ]
      },
      "properties": {
        "time": "142203"
      }
    },
    {
      "type": "Feature",
      "id": 596,
      "geometry": {
        "type": "Point",
        "coordinates": [
          41.845634,
          47.58614
        ]
      },
      "properties": {
        "time": "142204"
      }
    },
    {
      "type": "Feature",
      "id": 597,
      "geometry": {
        "type": "Point",
        "coordinates": [
          41.845634,
          47.58614
        ]
      },
      "properties": {
        "time": "142205"
      }
    },
    {
      "type": "Feature",
      "id": 598,
      "geometry": {
        "type": "Point",
        "coordinates": [
          41.845634,
          47.58614
        ]
      },
      "properties": {
        "time": "142206"
      }
    },
    {
      "type": "Feature",
      "id": 599,
      "geometry": {
        "type": "Point",
        "coordinates": [
          41.845634,
          47.58614
        ]
      },
      "properties": {
        "time": "142207"
      }
    },
    {
      "type": "Feature",
      "id": 600,
      "geometry": {
        "type": "Point",
        "coordinates": [
          41.845634,
          47.58614
        ]
      },
      "properties": {
        "time": "142208"
      }
    },
    {
      "type": "Feature",
      "id": 601,
      "geometry": {
        "type": "Point",
        "coordinates": [
          41.845634,
          47.58614
        ]
      },
      "properties": {
        "time": "142209"
      }
    },
    {
      "type": "Feature",
      "id": 602,
      "geometry": {
        "type": "Point",
        "coordinates": [
          41.845634,
          47.58614
        ]
      },
      "properties": {
        "time": "142210"
      }
    },
    {
      "type": "Feature",
      "id": 603,
      "geometry": {
        "type": "Point",
        "coordinates": [
          41.845634,
          47.58614
        ]
      },
      "properties": {
        "time": "142211"
      }
    },
    {
      "type": "Feature",
      "id": 604,
      "geometry": {
        "type": "Point",
        "coordinates": [
          41.845634,
          47.58614
        ]
      },
      "properties": {
        "time": "142212"
      }
    },
    {
      "type": "Feature",
      "id": 605,
      "geometry": {
        "type": "Point",
        "coordinates": [
          41.845634,
          47.58614
        ]
      },
      "properties": {
        "time": "142213"
      }
    },
    {
      "type": "Feature",
      "id": 606,
      "geometry": {
        "type": "Point",
        "coordinates": [
          41.845634,
          47.58614
        ]
      },
      "properties": {
        "time": "142214"
      }
    },
    {
      "type": "Feature",
      "id": 607,
      "geometry": {
        "type": "Point",
        "coordinates": [
          41.845634,
          47.58614
        ]
      },
      "properties": {
        "time": "142215"
      }
    },
    {
      "type": "Feature",
      "id": 608,
      "geometry": {
        "type": "Point",
        "coordinates": [
          41.845634,
          47.58614
        ]
      },
      "properties": {
        "time": "142216"
      }
    },
    {
      "type": "Feature",
      "id": 609,
      "geometry": {
        "type": "Point",
        "coordinates": [
          41.845634,
          47.58614
        ]
      },
      "properties": {
        "time": "142217"
      }
    },
    {
      "type": "Feature",
      "id": 610,
      "geometry": {
        "type": "Point",
        "coordinates": [
          41.845634,
          47.58614
        ]
      },
      "properties": {
        "time": "142218"
      }
    },
    {
      "type": "Feature",
      "id": 611,
      "geometry": {
        "type": "Point",
        "coordinates": [
          41.845634,
          47.58614
        ]
      },
      "properties": {
        "time": "142219"
      }
    },
    {
      "type": "Feature",
      "id": 612,
      "geometry": {
        "type": "Point",
        "coordinates": [
          41.845634,
          47.58614
        ]
      },
      "properties": {
        "time": "142220"
      }
    },
    {
      "type": "Feature",
      "id": 613,
      "geometry": {
        "type": "Point",
        "coordinates": [
          41.845634,
          47.58614
        ]
      },
      "properties": {
        "time": "142221"
      }
    },
    {
      "type": "Feature",
      "id": 614,
      "geometry": {
        "type": "Point",
        "coordinates": [
          41.845634,
          47.58614
        ]
      },
      "properties": {
        "time": "142222"
      }
    },
    {
      "type": "Feature",
      "id": 615,
      "geometry": {
        "type": "Point",
        "coordinates": [
          41.845634,
          47.58614
        ]
      },
      "properties": {
        "time": "142223"
      }
    },
    {
      "type": "Feature",
      "id": 616,
      "geometry": {
        "type": "Point",
        "coordinates": [
          41.845634,
          47.58614
        ]
      },
      "properties": {
        "time": "142224"
      }
    },
    {
      "type": "Feature",
      "id": 617,
      "geometry": {
        "type": "Point",
        "coordinates": [
          41.845634,
          47.58614
        ]
      },
      "properties": {
        "time": "142225"
      }
    },
    {
      "type": "Feature",
      "id": 618,
      "geometry": {
        "type": "Point",
        "coordinates": [
          41.845634,
          47.58614
        ]
      },
      "properties": {
        "time": "142226"
      }
    },
    {
      "type": "Feature",
      "id": 619,
      "geometry": {
        "type": "Point",
        "coordinates": [
          41.845634,
          47.58614
        ]
      },
      "properties": {
        "time": "142227"
      }
    },
    {
      "type": "Feature",
      "id": 620,
      "geometry": {
        "type": "Point",
        "coordinates": [
          41.845634,
          47.58614
        ]
      },
      "properties": {
        "time": "142228"
      }
    },
    {
      "type": "Feature",
      "id": 621,
      "geometry": {
        "type": "Point",
        "coordinates": [
          41.845634,
          47.58614
        ]
      },
      "properties": {
        "time": "142229"
      }
    },
    {
      "type": "Feature",
      "id": 622,
      "geometry": {
        "type": "Point",
        "coordinates": [
          41.845634,
          47.58614
        ]
      },
      "properties": {
        "time": "142230"
      }
    },
    {
      "type": "Feature",
      "id": 623,
      "geometry": {
        "type": "Point",
        "coordinates": [
          41.845634,
          47.58614
        ]
      },
      "properties": {
        "time": "142231"
      }
    },
    {
      "type": "Feature",
      "id": 624,
      "geometry": {
        "type": "Point",
        "coordinates": [
          41.845634,
          47.58614
        ]
      },
      "properties": {
        "time": "142232"
      }
    },
    {
      "type": "Feature",
      "id": 625,
      "geometry": {
        "type": "Point",
        "coordinates": [
          41.845634,
          47.58614
        ]
      },
      "properties": {
        "time": "142233"
      }
    },
    {
      "type": "Feature",
      "id": 626,
      "geometry": {
        "type": "Point",
        "coordinates": [
          41.845634,
          47.58614
        ]
      },
      "properties": {
        "time": "142234"
      }
    },
    {
      "type": "Feature",
      "id": 627,
      "geometry": {
        "type": "Point",
        "coordinates": [
          41.845634,
          47.58614
        ]
      },
      "properties": {
        "time": "142235"
      }
    },
    {
      "type": "Feature",
      "id": 628,
      "geometry": {
        "type": "Point",
        "coordinates": [
          41.845634,
          47.58614
        ]
      },
      "properties": {
        "time": "142236"
      }
    },
    {
      "type": "Feature",
      "id": 629,
      "geometry": {
        "type": "Point",
        "coordinates": [
          41.845634,
          47.58614
        ]
      },
      "properties": {
        "time": "142237"
      }
    },
    {
      "type": "Feature",
      "id": 630,
      "geometry": {
        "type": "Point",
        "coordinates": [
          41.845634,
          47.58614
        ]
      },
      "properties": {
        "time": "142238"
      }
    },
    {
      "type": "Feature",
      "id": 631,
      "geometry": {
        "type": "Point",
        "coordinates": [
          41.845634,
          47.58614
        ]
      },
      "properties": {
        "time": "142239"
      }
    },
    {
      "type": "Feature",
      "id": 632,
      "geometry": {
        "type": "Point",
        "coordinates": [
          41.845634,
          47.58614
        ]
      },
      "properties": {
        "time": "142240"
      }
    },
    {
      "type": "Feature",
      "id": 633,
      "geometry": {
        "type": "Point",
        "coordinates": [
          41.845634,
          47.58614
        ]
      },
      "properties": {
        "time": "142241"
      }
    },
    {
      "type": "Feature",
      "id": 634,
      "geometry": {
        "type": "Point",
        "coordinates": [
          41.845634,
          47.58614
        ]
      },
      "properties": {
        "time": "142242"
      }
    },
    {
      "type": "Feature",
      "id": 635,
      "geometry": {
        "type": "Point",
        "coordinates": [
          41.845634,
          47.58614
        ]
      },
      "properties": {
        "time": "142243"
      }
    },
    {
      "type": "Feature",
      "id": 636,
      "geometry": {
        "type": "Point",
        "coordinates": [
          41.845634,
          47.58614
        ]
      },
      "properties": {
        "time": "142244"
      }
    },
    {
      "type": "Feature",
      "id": 637,
      "geometry": {
        "type": "Point",
        "coordinates": [
          41.845634,
          47.58614
        ]
      },
      "properties": {
        "time": "142245"
      }
    },
    {
      "type": "Feature",
      "id": 638,
      "geometry": {
        "type": "Point",
        "coordinates": [
          41.845634,
          47.58614
        ]
      },
      "properties": {
        "time": "142246"
      }
    },
    {
      "type": "Feature",
      "id": 639,
      "geometry": {
        "type": "Point",
        "coordinates": [
          41.845634,
          47.58614
        ]
      },
      "properties": {
        "time": "142247"
      }
    },
    {
      "type": "Feature",
      "id": 640,
      "geometry": {
        "type": "Point",
        "coordinates": [
          41.845634,
          47.58614
        ]
      },
      "properties": {
        "time": "142248"
      }
    },
    {
      "type": "Feature",
      "id": 641,
      "geometry": {
        "type": "Point",
        "coordinates": [
          41.845634,
          47.58614
        ]
      },
      "properties": {
        "time": "142249"
      }
    },
    {
      "type": "Feature",
      "id": 642,
      "geometry": {
        "type": "Point",
        "coordinates": [
          41.845634,
          47.58614
        ]
      },
      "properties": {
        "time": "142250"
      }
    },
    {
      "type": "Feature",
      "id": 643,
      "geometry": {
        "type": "Point",
        "coordinates": [
          41.845634,
          47.58614
        ]
      },
      "properties": {
        "time": "142251"
      }
    },
    {
      "type": "Feature",
      "id": 644,
      "geometry": {
        "type": "Point",
        "coordinates": [
          41.845634,
          47.58614
        ]
      },
      "properties": {
        "time": "142252"
      }
    },
    {
      "type": "Feature",
      "id": 645,
      "geometry": {
        "type": "Point",
        "coordinates": [
          41.845634,
          47.58614
        ]
      },
      "properties": {
        "time": "142253"
      }
    },
    {
      "type": "Feature",
      "id": 646,
      "geometry": {
        "type": "Point",
        "coordinates": [
          41.845634,
          47.58614
        ]
      },
      "properties": {
        "time": "142254"
      }
    },
    {
      "type": "Feature",
      "id": 647,
      "geometry": {
        "type": "Point",
        "coordinates": [
          41.845634,
          47.58614
        ]
      },
      "properties": {
        "time": "142255"
      }
    },
    {
      "type": "Feature",
      "id": 648,
      "geometry": {
        "type": "Point",
        "coordinates": [
          41.845634,
          47.58614
        ]
      },
      "properties": {
        "time": "142256"
      }
    },
    {
      "type": "Feature",
      "id": 649,
      "geometry": {
        "type": "Point",
        "coordinates": [
          41.845634,
          47.58614
        ]
      },
      "properties": {
        "time": "142257"
      }
    },
    {
      "type": "Feature",
      "id": 650,
      "geometry": {
        "type": "Point",
        "coordinates": [
          41.845634,
          47.58614
        ]
      },
      "properties": {
        "time": "142258"
      }
    },
    {
      "type": "Feature",
      "id": 651,
      "geometry": {
        "type": "Point",
        "coordinates": [
          41.845634,
          47.58614
        ]
      },
      "properties": {
        "time": "142259"
      }
    },
    {
      "type": "Feature",
      "id": 652,
      "geometry": {
        "type": "Point",
        "coordinates": [
          41.845634,
          47.58614
        ]
      },
      "properties": {
        "time": "142260"
      }
    },
    {
      "type": "Feature",
      "id": 653,
      "geometry": {
        "type": "Point",
        "coordinates": [
          41.845634,
          47.58614
        ]
      },
      "properties": {
        "time": "142261"
      }
    },
    {
      "type": "Feature",
      "id": 654,
      "geometry": {
        "type": "Point",
        "coordinates": [
          41.845634,
          47.58614
        ]
      },
      "properties": {
        "time": "142262"
      }
    },
    {
      "type": "Feature",
      "id": 655,
      "geometry": {
        "type": "Point",
        "coordinates": [
          41.845634,
          47.58614
        ]
      },
      "properties": {
        "time": "142263"
      }
    },
    {
      "type": "Feature",
      "id": 656,
      "geometry": {
        "type": "Point",
        "coordinates": [
          41.845634,
          47.58614
        ]
      },
      "properties": {
        "time": "142264"
      }
    },
    {
      "type": "Feature",
      "id": 657,
      "geometry": {
        "type": "Point",
        "coordinates": [
          41.845634,
          47.58614
        ]
      },
      "properties": {
        "time": "142265"
      }
    },
    {
      "type": "Feature",
      "id": 658,
      "geometry": {
        "type": "Point",
        "coordinates": [
          41.845634,
          47.58614
        ]
      },
      "properties": {
        "time": "142266"
      }
    },
    {
      "type": "Feature",
      "id": 659,
      "geometry": {
        "type": "Point",
        "coordinates": [
          41.845634,
          47.58614
        ]
      },
      "properties": {
        "time": "142267"
      }
    },
    {
      "type": "Feature",
      "id": 660,
      "geometry": {
        "type": "Point",
        "coordinates": [
          41.845634,
          47.58614
        ]
      },
      "properties": {
        "time": "142268"
      }
    },
    {
      "type": "Feature",
      "id": 661,
      "geometry": {
        "type": "Point",
        "coordinates": [
          41.845634,
          47.58614
        ]
      },
      "properties": {
        "time": "142269"
      }
    },
    {
      "type": "Feature",
      "id": 662,
      "geometry": {
        "type": "Point",
        "coordinates": [
          41.845634,
          47.58614
        ]
      },
      "properties": {
        "time": "142270"
      }
    },
    {
      "type": "Feature",
      "id": 663,
      "geometry": {
        "type": "Point",
        "coordinates": [
          41.845634,
          47.58614
        ]
      },
      "properties": {
        "time": "142271"
      }
    },
    {
      "type": "Feature",
      "id": 664,
      "geometry": {
        "type": "Point",
        "coordinates": [
          41.845634,
          47.58614
        ]
      },
      "properties": {
        "time": "142272"
      }
    },
    {
      "type": "Feature",
      "id": 665,
      "geometry": {
        "type": "Point",
        "coordinates": [
          41.845634,
          47.58614
        ]
      },
      "properties": {
        "time": "142273"
      }
    },
    {
      "type": "Feature",
      "id": 666,
      "geometry": {
        "type": "Point",
        "coordinates": [
          41.845634,
          47.58614
        ]
      },
      "properties": {
        "time": "142274"
      }
    },
    {
      "type": "Feature",
      "id": 667,
      "geometry": {
        "type": "Point",
        "coordinates": [
          41.845634,
          47.58614
        ]
      },
      "properties": {
        "time": "142275"
      }
    },
    {
      "type": "Feature",
      "id": 668,
      "geometry": {
        "type": "Point",
        "coordinates": [
          41.845634,
          47.58614
        ]
      },
      "properties": {
        "time": "142276"
      }
    },
    {
      "type": "Feature",
      "id": 669,
      "geometry": {
        "type": "Point",
        "coordinates": [
          41.845634,
          47.58614
        ]
      },
      "properties": {
        "time": "142277"
      }
    },
    {
      "type": "Feature",
      "id": 670,
      "geometry": {
        "type": "Point",
        "coordinates": [
          41.845634,
          47.58614
        ]
      },
      "properties": {
        "time": "142278"
      }
    },
    {
      "type": "Feature",
      "id": 671,
      "geometry": {
        "type": "Point",
        "coordinates": [
          41.845634,
          47.58614
        ]
      },
      "properties": {
        "time": "142279"
      }
    },
    {
      "type": "Feature",
      "id": 672,
      "geometry": {
        "type": "Point",
        "coordinates": [
          41.845634,
          47.58614
        ]
      },
      "properties": {
        "time": "142280"
      }
    },
    {
      "type": "Feature",
      "id": 673,
      "geometry": {
        "type": "Point",
        "coordinates": [
          41.845634,
          47.58614
        ]
      },
      "properties": {
        "time": "142281"
      }
    },
    {
      "type": "Feature",
      "id": 674,
      "geometry": {
        "type": "Point",
        "coordinates": [
          41.845634,
          47.58614
        ]
      },
      "properties": {
        "time": "142282"
      }
    },
    {
      "type": "Feature",
      "id": 675,
      "geometry": {
        "type": "Point",
        "coordinates": [
          41.845634,
          47.58614
        ]
      },
      "properties": {
        "time": "142283"
      }
    },
    {
      "type": "Feature",
      "id": 676,
      "geometry": {
        "type": "Point",
        "coordinates": [
          41.845634,
          47.58614
        ]
      },
      "properties": {
        "time": "142284"
      }
    },
    {
      "type": "Feature",
      "id": 677,
      "geometry": {
        "type": "Point",
        "coordinates": [
          41.845634,
          47.58614
        ]
      },
      "properties": {
        "time": "142285"
      }
    },
    {
      "type": "Feature",
      "id": 678,
      "geometry": {
        "type": "Point",
        "coordinates": [
          41.845634,
          47.58614
        ]
      },
      "properties": {
        "time": "142286"
      }
    },
    {
      "type": "Feature",
      "id": 679,
      "geometry": {
        "type": "Point",
        "coordinates": [
          41.845634,
          47.58614
        ]
      },
      "properties": {
        "time": "142287"
      }
    },
    {
      "type": "Feature",
      "id": 680,
      "geometry": {
        "type": "Point",
        "coordinates": [
          41.845634,
          47.58614
        ]
      },
      "properties": {
        "time": "142288"
      }
    },
    {
      "type": "Feature",
      "id": 681,
      "geometry": {
        "type": "Point",
        "coordinates": [
          41.845634,
          47.58614
        ]
      },
      "properties": {
        "time": "142289"
      }
    },
    {
      "type": "Feature",
      "id": 682,
      "geometry": {
        "type": "Point",
        "coordinates": [
          41.845634,
          47.58614
        ]
      },
      "properties": {
        "time": "142290"
      }
    },
    {
      "type": "Feature",
      "id": 683,
      "geometry": {
        "type": "Point",
        "coordinates": [
          41.845634,
          47.58614
        ]
      },
      "properties": {
        "time": "142291"
      }
    },
    {
      "type": "Feature",
      "id": 684,
      "geometry": {
        "type": "Point",
        "coordinates": [
          41.845634,
          47.58614
        ]
      },
      "properties": {
        "time": "142292"
      }
    },
    {
      "type": "Feature",
      "id": 685,
      "geometry": {
        "type": "Point",
        "coordinates": [
          41.845634,
          47.58614
        ]
      },
      "properties": {
        "time": "142293"
      }
    },
    {
      "type": "Feature",
      "id": 686,
      "geometry": {
        "type": "Point",
        "coordinates": [
          41.845634,
          47.58614
        ]
      },
      "properties": {
        "time": "142294"
      }
    },
    {
      "type": "Feature",
      "id": 687,
      "geometry": {
        "type": "Point",
        "coordinates": [
          41.845634,
          47.58614
        ]
      },
      "properties": {
        "time": "142295"
      }
    },
    {
      "type": "Feature",
      "id": 688,
      "geometry": {
        "type": "Point",
        "coordinates": [
          41.845634,
          47.58614
        ]
      },
      "properties": {
        "time": "142296"
      }
    },
    {
      "type": "Feature",
      "id": 689,
      "geometry": {
        "type": "Point",
        "coordinates": [
          41.845634,
          47.58614
        ]
      },
      "properties": {
        "time": "142297"
      }
    },
    {
      "type": "Feature",
      "id": 690,
      "geometry": {
        "type": "Point",
        "coordinates": [
          41.845634,
          47.58614
        ]
      },
      "properties": {
        "time": "142298"
      }
    },
    {
      "type": "Feature",
      "id": 691,
      "geometry": {
        "type": "Point",
        "coordinates": [
          41.845634,
          47.58614
        ]
      },
      "properties": {
        "time": "142299"
      }
    },
    {
      "type": "Feature",
      "id": 692,
      "geometry": {
        "type": "Point",
        "coordinates": [
          41.845634,
          47.58614
        ]
      },
      "properties": {
        "time": "142300"
      }
    },
    {
      "type": "Feature",
      "id": 693,
      "geometry": {
        "type": "Point",
        "coordinates": [
          41.845634,
          47.58614
        ]
      },
      "properties": {
        "time": "142301"
      }
    },
    {
      "type": "Feature",
      "id": 694,
      "geometry": {
        "type": "Point",
        "coordinates": [
          41.845634,
          47.58614
        ]
      },
      "properties": {
        "time": "142302"
      }
    },
    {
      "type": "Feature",
      "id": 695,
      "geometry": {
        "type": "Point",
        "coordinates": [
          41.845634,
          47.58614
        ]
      },
      "properties": {
        "time": "142303"
      }
    },
    {
      "type": "Feature",
      "id": 696,
      "geometry": {
        "type": "Point",
        "coordinates": [
          41.845634,
          47.58614
        ]
      },
      "properties": {
        "time": "142304"
      }
    },
    {
      "type": "Feature",
      "id": 697,
      "geometry": {
        "type": "Point",
        "coordinates": [
          41.845634,
          47.58614
        ]
      },
      "properties": {
        "time": "142305"
      }
    },
    {
      "type": "Feature",
      "id": 698,
      "geometry": {
        "type": "Point",
        "coordinates": [
          41.845634,
          47.58614
        ]
      },
      "properties": {
        "time": "142306"
      }
    },
    {
      "type": "Feature",
      "id": 699,
      "geometry": {
        "type": "Point",
        "coordinates": [
          41.845634,
          47.58614
        ]
      },
      "properties": {
        "time": "142307"
      }
    },
    {
      "type": "Feature",
      "id": 700,
      "geometry": {
        "type": "Point",
        "coordinates": [
          41.845634,
          47.58614
        ]
      },
      "properties": {
        "time": "142308"
      }
    },
    {
      "type": "Feature",
      "id": 701,
      "geometry": {
        "type": "Point",
        "coordinates": [
          41.845634,
          47.58614
        ]
      },
      "properties": {
        "time": "142309"
      }
    },
    {
      "type": "Feature",
      "id": 702,
      "geometry": {
        "type": "Point",
        "coordinates": [
          41.845634,
          47.58614
        ]
      },
      "properties": {
        "time": "142310"
      }
    },
    {
      "type": "Feature",
      "id": 703,
      "geometry": {
        "type": "Point",
        "coordinates": [
          41.845634,
          47.58614
        ]
      },
      "properties": {
        "time": "142311"
      }
    },
    {
      "type": "Feature",
      "id": 704,
      "geometry": {
        "type": "Point",
        "coordinates": [
          41.845634,
          47.58614
        ]
      },
      "properties": {
        "time": "142312"
      }
    },
    {
      "type": "Feature",
      "id": 705,
      "geometry": {
        "type": "Point",
        "coordinates": [
          41.845634,
          47.58614
        ]
      },
      "properties": {
        "time": "142313"
      }
    },
    {
      "type": "Feature",
      "id": 706,
      "geometry": {
        "type": "Point",
        "coordinates": [
          41.845634,
          47.58614
        ]
      },
      "properties": {
        "time": "142314"
      }
    },
    {
      "type": "Feature",
      "id": 707,
      "geometry": {
        "type": "Point",
        "coordinates": [
          41.845634,
          47.58614
        ]
      },
      "properties": {
        "time": "142315"
      }
    },
    {
      "type": "Feature",
      "id": 708,
      "geometry": {
        "type": "Point",
        "coordinates": [
          41.845634,
          47.58614
        ]
      },
      "properties": {
        "time": "142316"
      }
    },
    {
      "type": "Feature",
      "id": 709,
      "geometry": {
        "type": "Point",
        "coordinates": [
          41.845634,
          47.58614
        ]
      },
      "properties": {
        "time": "142317"
      }
    },
    {
      "type": "Feature",
      "id": 710,
      "geometry": {
        "type": "Point",
        "coordinates": [
          41.845634,
          47.58614
        ]
      },
      "properties": {
        "time": "142318"
      }
    },
    {
      "type": "Feature",
      "id": 711,
      "geometry": {
        "type": "Point",
        "coordinates": [
          41.845634,
          47.58614
        ]
      },
      "properties": {
        "time": "142319"
      }
    },
    {
      "type": "Feature",
      "id": 712,
      "geometry": {
        "type": "Point",
        "coordinates": [
          41.845634,
          47.58614
        ]
      },
      "properties": {
        "time": "142320"
      }
    },
    {
      "type": "Feature",
      "id": 713,
      "geometry": {
        "type": "Point",
        "coordinates": [
          41.845634,
          47.58614
        ]
      },
      "properties": {
        "time": "142321"
      }
    },
    {
      "type": "Feature",
      "id": 714,
      "geometry": {
        "type": "Point",
        "coordinates": [
          41.845634,
          47.58614
        ]
      },
      "properties": {
        "time": "142322"
      }
    },
    {
      "type": "Feature",
      "id": 715,
      "geometry": {
        "type": "Point",
        "coordinates": [
          41.845634,
          47.58614
        ]
      },
      "properties": {
        "time": "142323"
      }
    },
    {
      "type": "Feature",
      "id": 716,
      "geometry": {
        "type": "Point",
        "coordinates": [
          41.845634,
          47.58614
        ]
      },
      "properties": {
        "time": "142324"
      }
    },
    {
      "type": "Feature",
      "id": 717,
      "geometry": {
        "type": "Point",
        "coordinates": [
          41.845634,
          47.58614
        ]
      },
      "properties": {
        "time": "142325"
      }
    },
    {
      "type": "Feature",
      "id": 718,
      "geometry": {
        "type": "Point",
        "coordinates": [
          41.845634,
          47.58614
        ]
      },
      "properties": {
        "time": "142326"
      }
    },
    {
      "type": "Feature",
      "id": 719,
      "geometry": {
        "type": "Point",
        "coordinates": [
          41.845634,
          47.58614
        ]
      },
      "properties": {
        "time": "142327"
      }
    },
    {
      "type": "Feature",
      "id": 720,
      "geometry": {
        "type": "Point",
        "coordinates": [
          41.845634,
          47.58614
        ]
      },
      "properties": {
        "time": "142328"
      }
    },
    {
      "type": "Feature",
      "id": 721,
      "geometry": {
        "type": "Point",
        "coordinates": [
          41.845634,
          47.58614
        ]
      },
      "properties": {
        "time": "142329"
      }
    },
    {
      "type": "Feature",
      "id": 722,
      "geometry": {
        "type": "Point",
        "coordinates": [
          41.845634,
          47.58614
        ]
      },
      "properties": {
        "time": "142330"
      }
    },
    {
      "type": "Feature",
      "id": 723,
      "geometry": {
        "type": "Point",
        "coordinates": [
          41.845634,
          47.58614
        ]
      },
      "properties": {
        "time": "142331"
      }
    },
    {
      "type": "Feature",
      "id": 724,
      "geometry": {
        "type": "Point",
        "coordinates": [
          41.845634,
          47.58614
        ]
      },
      "properties": {
        "time": "142332"
      }
    },
    {
      "type": "Feature",
      "id": 725,
      "geometry": {
        "type": "Point",
        "coordinates": [
          41.845634,
          47.58614
        ]
      },
      "properties": {
        "time": "142333"
      }
    },
    {
      "type": "Feature",
      "id": 726,
      "geometry": {
        "type": "Point",
        "coordinates": [
          41.845634,
          47.58614
        ]
      },
      "properties": {
        "time": "142334"
      }
    },
    {
      "type": "Feature",
      "id": 727,
      "geometry": {
        "type": "Point",
        "coordinates": [
          41.845634,
          47.58614
        ]
      },
      "properties": {
        "time": "142335"
      }
    },
    {
      "type": "Feature",
      "id": 728,
      "geometry": {
        "type": "Point",
        "coordinates": [
          41.845634,
          47.58614
        ]
      },
      "properties": {
        "time": "142336"
      }
    },
    {
      "type": "Feature",
      "id": 729,
      "geometry": {
        "type": "Point",
        "coordinates": [
          41.845634,
          47.58614
        ]
      },
      "properties": {
        "time": "142337"
      }
    },
    {
      "type": "Feature",
      "id": 730,
      "geometry": {
        "type": "Point",
        "coordinates": [
          41.845634,
          47.58614
        ]
      },
      "properties": {
        "time": "142338"
      }
    },
    {
      "type": "Feature",
      "id": 731,
      "geometry": {
        "type": "Point",
        "coordinates": [
          41.845634,
          47.58614
        ]
      },
      "properties": {
        "time": "142339"
      }
    },
    {
      "type": "Feature",
      "id": 732,
      "geometry": {
        "type": "Point",
        "coordinates": [
          41.845634,
          47.58614
        ]
      },
      "properties": {
        "time": "142340"
      }
    },
    {
      "type": "Feature",
      "id": 733,
      "geometry": {
        "type": "Point",
        "coordinates": [
          41.845634,
          47.58614
        ]
      },
      "properties": {
        "time": "142341"
      }
    },
    {
      "type": "Feature",
      "id": 734,
      "geometry": {
        "type": "Point",
        "coordinates": [
          41.845634,
          47.58614
        ]
      },
      "properties": {
        "time": "142342"
      }
    },
    {
      "type": "Feature",
      "id": 735,
      "geometry": {
        "type": "Point",
        "coordinates": [
          41.845634,
          47.58614
        ]
      },
      "properties": {
        "time": "142343"
      }
    },
    {
      "type": "Feature",
      "id": 736,
      "geometry": {
        "type": "Point",
        "coordinates": [
          41.845634,
          47.58614
        ]
      },
      "properties": {
        "time": "142344"
      }
    },
    {
      "type": "Feature",
      "id": 737,
      "geometry": {
        "type": "Point",
        "coordinates": [
          41.845634,
          47.58614
        ]
      },
      "properties": {
        "time": "142345"
      }
    },
    {
      "type": "Feature",
      "id": 738,
      "geometry": {
        "type": "Point",
        "coordinates": [
          41.845634,
          47.58614
        ]
      },
      "properties": {
        "time": "142346"
      }
    },
    {
      "type": "Feature",
      "id": 739,
      "geometry": {
        "type": "Point",
        "coordinates": [
          41.845634,
          47.58614
        ]
      },
      "properties": {
        "time": "142347"
      }
    },
    {
      "type": "Feature",
      "id": 740,
      "geometry": {
        "type": "Point",
        "coordinates": [
          41.845634,
          47.58614
        ]
      },
      "properties": {
        "time": "142348"
      }
    },
    {
      "type": "Feature",
      "id": 741,
      "geometry": {
        "type": "Point",
        "coordinates": [
          41.845634,
          47.58614
        ]
      },
      "properties": {
        "time": "142349"
      }
    },
    {
      "type": "Feature",
      "id": 742,
      "geometry": {
        "type": "Point",
        "coordinates": [
          41.845634,
          47.58614
        ]
      },
      "properties": {
        "time": "142350"
      }
    },
    {
      "type": "Feature",
      "id": 743,
      "geometry": {
        "type": "Point",
        "coordinates": [
          41.845634,
          47.58614
        ]
      },
      "properties": {
        "time": "142351"
      }
    },
    {
      "type": "Feature",
      "id": 744,
      "geometry": {
        "type": "Point",
        "coordinates": [
          41.845634,
          47.58614
        ]
      },
      "properties": {
        "time": "142352"
      }
    },
    {
      "type": "Feature",
      "id": 745,
      "geometry": {
        "type": "Point",
        "coordinates": [
          41.845634,
          47.58614
        ]
      },
      "properties": {
        "time": "142353"
      }
    },
    {
      "type": "Feature",
      "id": 746,
      "geometry": {
        "type": "Point",
        "coordinates": [
          41.845634,
          47.58614
        ]
      },
      "properties": {
        "time": "142354"
      }
    },
    {
      "type": "Feature",
      "id": 747,
      "geometry": {
        "type": "Point",
        "coordinates": [
          41.845634,
          47.58614
        ]
      },
      "properties": {
        "time": "142355"
      }
    },
    {
      "type": "Feature",
      "id": 748,
      "geometry": {
        "type": "Point",
        "coordinates": [
          41.845634,
          47.58614
        ]
      },
      "properties": {
        "time": "142356"
      }
    },
    {
      "type": "Feature",
      "id": 749,
      "geometry": {
        "type": "Point",
        "coordinates": [
          41.845634,
          47.58614
        ]
      },
      "properties": {
        "time": "142357"
      }
    },
    {
      "type": "Feature",
      "id": 750,
      "geometry": {
        "type": "Point",
        "coordinates": [
          41.845634,
          47.58614
        ]
      },
      "properties": {
        "time": "142358"
      }
    },
    {
      "type": "Feature",
      "id": 751,
      "geometry": {
        "type": "Point",
        "coordinates": [
          41.845634,
          47.58614
        ]
      },
      "properties": {
        "time": "142359"
      }
    },
    {
      "type": "Feature",
      "id": 752,
      "geometry": {
        "type": "Point",
        "coordinates": [
          41.845634,
          47.58614
        ]
      },
      "properties": {
        "time": "142360"
      }
    },
    {
      "type": "Feature",
      "id": 753,
      "geometry": {
        "type": "Point",
        "coordinates": [
          41.845634,
          47.58614
        ]
      },
      "properties": {
        "time": "142361"
      }
    },
    {
      "type": "Feature",
      "id": 754,
      "geometry": {
        "type": "Point",
        "coordinates": [
          41.845634,
          47.58614
        ]
      },
      "properties": {
        "time": "142362"
      }
    },
    {
      "type": "Feature",
      "id": 755,
      "geometry": {
        "type": "Point",
        "coordinates": [
          41.845634,
          47.58614
        ]
      },
      "properties": {
        "time": "142363"
      }
    },
    {
      "type": "Feature",
      "id": 756,
      "geometry": {
        "type": "Point",
        "coordinates": [
          41.845634,
          47.58614
        ]
      },
      "properties": {
        "time": "142364"
      }
    },
    {
      "type": "Feature",
      "id": 757,
      "geometry": {
        "type": "Point",
        "coordinates": [
          41.845634,
          47.58614
        ]
      },
      "properties": {
        "time": "142365"
      }
    },
    {
      "type": "Feature",
      "id": 758,
      "geometry": {
        "type": "Point",
        "coordinates": [
          41.845634,
          47.58614
        ]
      },
      "properties": {
        "time": "142366"
      }
    },
    {
      "type": "Feature",
      "id": 759,
      "geometry": {
        "type": "Point",
        "coordinates": [
          41.845634,
          47.58614
        ]
      },
      "properties": {
        "time": "142367"
      }
    },
    {
      "type": "Feature",
      "id": 760,
      "geometry": {
        "type": "Point",
        "coordinates": [
          41.845634,
          47.58614
        ]
      },
      "properties": {
        "time": "142368"
      }
    },
    {
      "type": "Feature",
      "id": 761,
      "geometry": {
        "type": "Point",
        "coordinates": [
          41.845634,
          47.58614
        ]
      },
      "properties": {
        "time": "142369"
      }
    },
    {
      "type": "Feature",
      "id": 762,
      "geometry": {
        "type": "Point",
        "coordinates": [
          41.845634,
          47.58614
        ]
      },
      "properties": {
        "time": "142370"
      }
    },
    {
      "type": "Feature",
      "id": 763,
      "geometry": {
        "type": "Point",
        "coordinates": [
          41.845634,
          47.58614
        ]
      },
      "properties": {
        "time": "142371"
      }
    },
    {
      "type": "Feature",
      "id": 764,
      "geometry": {
        "type": "Point",
        "coordinates": [
          41.845634,
          47.58614
        ]
      },
      "properties": {
        "time": "142372"
      }
    },
    {
      "type": "Feature",
      "id": 765,
      "geometry": {
        "type": "Point",
        "coordinates": [
          41.845634,
          47.58614
        ]
      },
      "properties": {
        "time": "142373"
      }
    },
    {
      "type": "Feature",
      "id": 766,
      "geometry": {
        "type": "Point",
        "coordinates": [
          41.845634,
          47.58614
        ]
      },
      "properties": {
        "time": "142374"
      }
    },
    {
      "type": "Feature",
      "id": 767,
      "geometry": {
        "type": "Point",
        "coordinates": [
          41.845634,
          47.58614
        ]
      },
      "properties": {
        "time": "142375"
      }
    },
    {
      "type": "Feature",
      "id": 768,
      "geometry": {
        "type": "Point",
        "coordinates": [
          41.845634,
          47.58614
        ]
      },
      "properties": {
        "time": "142376"
      }
    },
    {
      "type": "Feature",
      "id": 769,
      "geometry": {
        "type": "Point",
        "coordinates": [
          41.845634,
          47.58614
        ]
      },
      "properties": {
        "time": "142377"
      }
    },
    {
      "type": "Feature",
      "id": 770,
      "geometry": {
        "type": "Point",
        "coordinates": [
          41.845634,
          47.58614
        ]
      },
      "properties": {
        "time": "142378"
      }
    },
    {
      "type": "Feature",
      "id": 771,
      "geometry": {
        "type": "Point",
        "coordinates": [
          41.845634,
          47.58614
        ]
      },
      "properties": {
        "time": "142379"
      }
    },
    {
      "type": "Feature",
      "id": 772,
      "geometry": {
        "type": "Point",
        "coordinates": [
          41.845634,
          47.58614
        ]
      },
      "properties": {
        "time": "142380"
      }
    },
    {
      "type": "Feature",
      "id": 773,
      "geometry": {
        "type": "Point",
        "coordinates": [
          41.845634,
          47.58614
        ]
      },
      "properties": {
        "time": "142381"
      }
    },
    {
      "type": "Feature",
      "id": 774,
      "geometry": {
        "type": "Point",
        "coordinates": [
          41.845634,
          47.58614
        ]
      },
      "properties": {
        "time": "142382"
      }
    },
    {
      "type": "Feature",
      "id": 775,
      "geometry": {
        "type": "Point",
        "coordinates": [
          41.845634,
          47.58614
        ]
      },
      "properties": {
        "time": "142383"
      }
    },
    {
      "type": "Feature",
      "id": 776,
      "geometry": {
        "type": "Point",
        "coordinates": [
          41.845634,
          47.58614
        ]
      },
      "properties": {
        "time": "142384"
      }
    },
    {
      "type": "Feature",
      "id": 777,
      "geometry": {
        "type": "Point",
        "coordinates": [
          41.845634,
          47.58614
        ]
      },
      "properties": {
        "time": "142385"
      }
    },
    {
      "type": "Feature",
      "id": 778,
      "geometry": {
        "type": "Point",
        "coordinates": [
          41.845634,
          47.58614
        ]
      },
      "properties": {
        "time": "142386"
      }
    },
    {
      "type": "Feature",
      "id": 779,
      "geometry": {
        "type": "Point",
        "coordinates": [
          41.845634,
          47.58614
        ]
      },
      "properties": {
        "time": "142387"
      }
    },
    {
      "type": "Feature",
      "id": 780,
      "geometry": {
        "type": "Point",
        "coordinates": [
          41.845634,
          47.58614
        ]
      },
      "properties": {
        "time": "142388"
      }
    },
    {
      "type": "Feature",
      "id": 781,
      "geometry": {
        "type": "Point",
        "coordinates": [
          41.845634,
          47.58614
        ]
      },
      "properties": {
        "time": "142389"
      }
    },
    {
      "type": "Feature",
      "id": 782,
      "geometry": {
        "type": "Point",
        "coordinates": [
          41.845634,
          47.58614
        ]
      },
      "properties": {
        "time": "142390"
      }
    },
    {
      "type": "Feature",
      "id": 783,
      "geometry": {
        "type": "Point",
        "coordinates": [
          41.845634,
          47.58614
        ]
      },
      "properties": {
        "time": "142391"
      }
    },
    {
      "type": "Feature",
      "id": 784,
      "geometry": {
        "type": "Point",
        "coordinates": [
          41.845634,
          47.58614
        ]
      },
      "properties": {
        "time": "142392"
      }
    },
    {
      "type": "Feature",
      "id": 785,
      "geometry": {
        "type": "Point",
        "coordinates": [
          41.845634,
          47.58614
        ]
      },
      "properties": {
        "time": "142393"
      }
    },
    {
      "type": "Feature",
      "id": 786,
      "geometry": {
        "type": "Point",
        "coordinates": [
          41.845634,
          47.58614
        ]
      },
      "properties": {
        "time": "142394"
      }
    },
    {
      "type": "Feature",
      "id": 787,
      "geometry": {
        "type": "Point",
        "coordinates": [
          41.845634,
          47.58614
        ]
      },
      "properties": {
        "time": "142395"
      }
    },
    {
      "type": "Feature",
      "id": 788,
      "geometry": {
        "type": "Point",
        "coordinates": [
          41.845634,
          47.58614
        ]
      },
      "properties": {
        "time": "142396"
      }
    },
    {
      "type": "Feature",
      "id": 789,
      "geometry": {
        "type": "Point",
        "coordinates": [
          41.845634,
          47.58614
        ]
      },
      "properties": {
        "time": "142397"
      }
    },
    {
      "type": "Feature",
      "id": 790,
      "geometry": {
        "type": "Point",
        "coordinates": [
          41.845634,
          47.58614
        ]
      },
      "properties": {
        "time": "142398"
      }
    },
    {
      "type": "Feature",
      "id": 791,
      "geometry": {
        "type": "Point",
        "coordinates": [
          41.845634,
          47.58614
        ]
      },
      "properties": {
        "time": "142399"
      }
    },
    {
      "type": "Feature",
      "id": 792,
      "geometry": {
        "type": "Point",
        "coordinates": [
          41.845634,
          47.58614
        ]
      },
      "properties": {
        "time": "142400"
      }
    },
    {
      "type": "Feature",
      "id": 793,
      "geometry": {
        "type": "Point",
        "coordinates": [
          41.845634,
          47.58614
        ]
      },
      "properties": {
        "time": "142401"
      }
    },
    {
      "type": "Feature",
      "id": 794,
      "geometry": {
        "type": "Point",
        "coordinates": [
          41.845634,
          47.58614
        ]
      },
      "properties": {
        "time": "142402"
      }
    },
    {
      "type": "Feature",
      "id": 795,
      "geometry": {
        "type": "Point",
        "coordinates": [
          41.845634,
          47.58614
        ]
      },
      "properties": {
        "time": "142403"
      }
    },
    {
      "type": "Feature",
      "id": 796,
      "geometry": {
        "type": "Point",
        "coordinates": [
          41.845634,
          47.58614
        ]
      },
      "properties": {
        "time": "142404"
      }
    },
    {
      "type": "Feature",
      "id": 797,
      "geometry": {
        "type": "Point",
        "coordinates": [
          41.845634,
          47.58614
        ]
      },
      "properties": {
        "time": "142405"
      }
    },
    {
      "type": "Feature",
      "id": 798,
      "geometry": {
        "type": "Point",
        "coordinates": [
          41.845634,
          47.58614
        ]
      },
      "properties": {
        "time": "142406"
      }
    },
    {
      "type": "Feature",
      "id": 799,
      "geometry": {
        "type": "Point",
        "coordinates": [
          41.845634,
          47.58614
        ]
      },
      "properties": {
        "time": "142407"
      }
    },
    {
      "type": "Feature",
      "id": 800,
      "geometry": {
        "type": "Point",
        "coordinates": [
          41.845634,
          47.58614
        ]
      },
      "properties": {
        "time": "142408"
      }
    },
    {
      "type": "Feature",
      "id": 801,
      "geometry": {
        "type": "Point",
        "coordinates": [
          41.845634,
          47.58614
        ]
      },
      "properties": {
        "time": "142409"
      }
    },
    {
      "type": "Feature",
      "id": 802,
      "geometry": {
        "type": "Point",
        "coordinates": [
          41.845634,
          47.58614
        ]
      },
      "properties": {
        "time": "142410"
      }
    },
    {
      "type": "Feature",
      "id": 803,
      "geometry": {
        "type": "Point",
        "coordinates": [
          41.845634,
          47.58614
        ]
      },
      "properties": {
        "time": "142411"
      }
    },
    {
      "type": "Feature",
      "id": 804,
      "geometry": {
        "type": "Point",
        "coordinates": [
          41.845634,
          47.58614
        ]
      },
      "properties": {
        "time": "142412"
      }
    },
    {
      "type": "Feature",
      "id": 805,
      "geometry": {
        "type": "Point",
        "coordinates": [
          41.845634,
          47.58614
        ]
      },
      "properties": {
        "time": "142413"
      }
    },
    {
      "type": "Feature",
      "id": 806,
      "geometry": {
        "type": "Point",
        "coordinates": [
          41.845634,
          47.58614
        ]
      },
      "properties": {
        "time": "142414"
      }
    },
    {
      "type": "Feature",
      "id": 807,
      "geometry": {
        "type": "Point",
        "coordinates": [
          41.845634,
          47.58614
        ]
      },
      "properties": {
        "time": "142415"
      }
    },
    {
      "type": "Feature",
      "id": 808,
      "geometry": {
        "type": "Point",
        "coordinates": [
          41.845634,
          47.58614
        ]
      },
      "properties": {
        "time": "142416"
      }
    },
    {
      "type": "Feature",
      "id": 809,
      "geometry": {
        "type": "Point",
        "coordinates": [
          41.845634,
          47.58614
        ]
      },
      "properties": {
        "time": "142417"
      }
    },
    {
      "type": "Feature",
      "id": 810,
      "geometry": {
        "type": "Point",
        "coordinates": [
          41.845634,
          47.58614
        ]
      },
      "properties": {
        "time": "142418"
      }
    },
    {
      "type": "Feature",
      "id": 811,
      "geometry": {
        "type": "Point",
        "coordinates": [
          41.845634,
          47.58614
        ]
      },
      "properties": {
        "time": "142419"
      }
    },
    {
      "type": "Feature",
      "id": 812,
      "geometry": {
        "type": "Point",
        "coordinates": [
          41.845634,
          47.58614
        ]
      },
      "properties": {
        "time": "142420"
      }
    },
    {
      "type": "Feature",
      "id": 813,
      "geometry": {
        "type": "Point",
        "coordinates": [
          41.845634,
          47.58614
        ]
      },
      "properties": {
        "time": "142421"
      }
    },
    {
      "type": "Feature",
      "id": 814,
      "geometry": {
        "type": "Point",
        "coordinates": [
          41.845634,
          47.58614
        ]
      },
      "properties": {
        "time": "142422"
      }
    },
    {
      "type": "Feature",
      "id": 815,
      "geometry": {
        "type": "Point",
        "coordinates": [
          41.845634,
          47.58614
        ]
      },
      "properties": {
        "time": "142423"
      }
    },
    {
      "type": "Feature",
      "id": 816,
      "geometry": {
        "type": "Point",
        "coordinates": [
          41.845634,
          47.58614
        ]
      },
      "properties": {
        "time": "142424"
      }
    },
    {
      "type": "Feature",
      "id": 817,
      "geometry": {
        "type": "Point",
        "coordinates": [
          41.845634,
          47.58614
        ]
      },
      "properties": {
        "time": "142425"
      }
    },
    {
      "type": "Feature",
      "id": 818,
      "geometry": {
        "type": "Point",
        "coordinates": [
          41.845634,
          47.58614
        ]
      },
      "properties": {
        "time": "142426"
      }
    },
    {
      "type": "Feature",
      "id": 819,
      "geometry": {
        "type": "Point",
        "coordinates": [
          41.845634,
          47.58614
        ]
      },
      "properties": {
        "time": "142427"
      }
    },
    {
      "type": "Feature",
      "id": 820,
      "geometry": {
        "type": "Point",
        "coordinates": [
          41.845634,
          47.58614
        ]
      },
      "properties": {
        "time": "142428"
      }
    },
    {
      "type": "Feature",
      "id": 821,
      "geometry": {
        "type": "Point",
        "coordinates": [
          41.845634,
          47.58614
        ]
      },
      "properties": {
        "time": "142429"
      }
    },
    {
      "type": "Feature",
      "id": 822,
      "geometry": {
        "type": "Point",
        "coordinates": [
          41.845634,
          47.58614
        ]
      },
      "properties": {
        "time": "142430"
      }
    },
    {
      "type": "Feature",
      "id": 823,
      "geometry": {
        "type": "Point",
        "coordinates": [
          41.845634,
          47.58614
        ]
      },
      "properties": {
        "time": "142431"
      }
    },
    {
      "type": "Feature",
      "id": 824,
      "geometry": {
        "type": "Point",
        "coordinates": [
          41.845634,
          47.58614
        ]
      },
      "properties": {
        "time": "142432"
      }
    },
    {
      "type": "Feature",
      "id": 825,
      "geometry": {
        "type": "Point",
        "coordinates": [
          41.845634,
          47.58614
        ]
      },
      "properties": {
        "time": "142433"
      }
    },
    {
      "type": "Feature",
      "id": 826,
      "geometry": {
        "type": "Point",
        "coordinates": [
          41.845634,
          47.58614
        ]
      },
      "properties": {
        "time": "142434"
      }
    },
    {
      "type": "Feature",
      "id": 827,
      "geometry": {
        "type": "Point",
        "coordinates": [
          41.845634,
          47.58614
        ]
      },
      "properties": {
        "time": "142435"
      }
    },
    {
      "type": "Feature",
      "id": 828,
      "geometry": {
        "type": "Point",
        "coordinates": [
          41.845634,
          47.58614
        ]
      },
      "properties": {
        "time": "142436"
      }
    },
    {
      "type": "Feature",
      "id": 829,
      "geometry": {
        "type": "Point",
        "coordinates": [
          41.845634,
          47.58614
        ]
      },
      "properties": {
        "time": "142437"
      }
    },
    {
      "type": "Feature",
      "id": 830,
      "geometry": {
        "type": "Point",
        "coordinates": [
          41.845634,
          47.58614
        ]
      },
      "properties": {
        "time": "142438"
      }
    },
    {
      "type": "Feature",
      "id": 831,
      "geometry": {
        "type": "Point",
        "coordinates": [
          41.845634,
          47.58614
        ]
      },
      "properties": {
        "time": "142439"
      }
    },
    {
      "type": "Feature",
      "id": 832,
      "geometry": {
        "type": "Point",
        "coordinates": [
          41.845634,
          47.58614
        ]
      },
      "properties": {
        "time": "142440"
      }
    },
    {
      "type": "Feature",
      "id": 833,
      "geometry": {
        "type": "Point",
        "coordinates": [
          41.845634,
          47.58614
        ]
      },
      "properties": {
        "time": "142441"
      }
    },
    {
      "type": "Feature",
      "id": 834,
      "geometry": {
        "type": "Point",
        "coordinates": [
          41.845634,
          47.58614
        ]
      },
      "properties": {
        "time": "142442"
      }
    },
    {
      "type": "Feature",
      "id": 835,
      "geometry": {
        "type": "Point",
        "coordinates": [
          41.845634,
          47.58614
        ]
      },
      "properties": {
        "time": "142443"
      }
    },
    {
      "type": "Feature",
      "id": 836,
      "geometry": {
        "type": "Point",
        "coordinates": [
          41.845634,
          47.58614
        ]
      },
      "properties": {
        "time": "142444"
      }
    },
    {
      "type": "Feature",
      "id": 837,
      "geometry": {
        "type": "Point",
        "coordinates": [
          41.845634,
          47.58614
        ]
      },
      "properties": {
        "time": "142445"
      }
    },
    {
      "type": "Feature",
      "id": 838,
      "geometry": {
        "type": "Point",
        "coordinates": [
          41.845634,
          47.58614
        ]
      },
      "properties": {
        "time": "142446"
      }
    },
    {
      "type": "Feature",
      "id": 839,
      "geometry": {
        "type": "Point",
        "coordinates": [
          41.845634,
          47.58614
        ]
      },
      "properties": {
        "time": "142447"
      }
    },
    {
      "type": "Feature",
      "id": 840,
      "geometry": {
        "type": "Point",
        "coordinates": [
          41.845634,
          47.58614
        ]
      },
      "properties": {
        "time": "142448"
      }
    },
    {
      "type": "Feature",
      "id": 841,
      "geometry": {
        "type": "Point",
        "coordinates": [
          41.845634,
          47.58614
        ]
      },
      "properties": {
        "time": "142449"
      }
    },
    {
      "type": "Feature",
      "id": 842,
      "geometry": {
        "type": "Point",
        "coordinates": [
          41.845634,
          47.58614
        ]
      },
      "properties": {
        "time": "142450"
      }
    },
    {
      "type": "Feature",
      "id": 843,
      "geometry": {
        "type": "Point",
        "coordinates": [
          41.845634,
          47.58614
        ]
      },
      "properties": {
        "time": "142451"
      }
    },
    {
      "type": "Feature",
      "id": 844,
      "geometry": {
        "type": "Point",
        "coordinates": [
          41.845634,
          47.58614
        ]
      },
      "properties": {
        "time": "142452"
      }
    },
    {
      "type": "Feature",
      "id": 845,
      "geometry": {
        "type": "Point",
        "coordinates": [
          41.845634,
          47.58614
        ]
      },
      "properties": {
        "time": "142453"
      }
    },
    {
      "type": "Feature",
      "id": 846,
      "geometry": {
        "type": "Point",
        "coordinates": [
          41.845634,
          47.58614
        ]
      },
      "properties": {
        "time": "142454"
      }
    },
    {
      "type": "Feature",
      "id": 847,
      "geometry": {
        "type": "Point",
        "coordinates": [
          41.845634,
          47.58614
        ]
      },
      "properties": {
        "time": "142455"
      }
    },
    {
      "type": "Feature",
      "id": 848,
      "geometry": {
        "type": "Point",
        "coordinates": [
          41.845634,
          47.58614
        ]
      },
      "properties": {
        "time": "142456"
      }
    },
    {
      "type": "Feature",
      "id": 849,
      "geometry": {
        "type": "Point",
        "coordinates": [
          41.845634,
          47.58614
        ]
      },
      "properties": {
        "time": "142457"
      }
    },
    {
      "type": "Feature",
      "id": 850,
      "geometry": {
        "type": "Point",
        "coordinates": [
          41.845634,
          47.58614
        ]
      },
      "properties": {
        "time": "142458"
      }
    },
    {
      "type": "Feature",
      "id": 851,
      "geometry": {
        "type": "Point",
        "coordinates": [
          41.845634,
          47.58614
        ]
      },
      "properties": {
        "time": "142459"
      }
    },
    {
      "type": "Feature",
      "id": 852,
      "geometry": {
        "type": "Point",
        "coordinates": [
          41.845634,
          47.58614
        ]
      },
      "properties": {
        "time": "142460"
      }
    },
    {
      "type": "Feature",
      "id": 853,
      "geometry": {
        "type": "Point",
        "coordinates": [
          41.845634,
          47.58614
        ]
      },
      "properties": {
        "time": "142461"
      }
    },
    {
      "type": "Feature",
      "id": 854,
      "geometry": {
        "type": "Point",
        "coordinates": [
          41.845634,
          47.58614
        ]
      },
      "properties": {
        "time": "142462"
      }
    },
    {
      "type": "Feature",
      "id": 855,
      "geometry": {
        "type": "Point",
        "coordinates": [
          41.845634,
          47.58614
        ]
      },
      "properties": {
        "time": "142463"
      }
    },
    {
      "type": "Feature",
      "id": 856,
      "geometry": {
        "type": "Point",
        "coordinates": [
          41.845634,
          47.58614
        ]
      },
      "properties": {
        "time": "142464"
      }
    },
    {
      "type": "Feature",
      "id": 857,
      "geometry": {
        "type": "Point",
        "coordinates": [
          41.845634,
          47.58614
        ]
      },
      "properties": {
        "time": "142465"
      }
    },
    {
      "type": "Feature",
      "id": 858,
      "geometry": {
        "type": "Point",
        "coordinates": [
          41.845634,
          47.58614
        ]
      },
      "properties": {
        "time": "142466"
      }
    },
    {
      "type": "Feature",
      "id": 859,
      "geometry": {
        "type": "Point",
        "coordinates": [
          41.845634,
          47.58614
        ]
      },
      "properties": {
        "time": "142467"
      }
    },
    {
      "type": "Feature",
      "id": 860,
      "geometry": {
        "type": "Point",
        "coordinates": [
          41.845634,
          47.58614
        ]
      },
      "properties": {
        "time": "142468"
      }
    },
    {
      "type": "Feature",
      "id": 861,
      "geometry": {
        "type": "Point",
        "coordinates": [
          41.845634,
          47.58614
        ]
      },
      "properties": {
        "time": "142469"
      }
    },
    {
      "type": "Feature",
      "id": 862,
      "geometry": {
        "type": "Point",
        "coordinates": [
          41.845634,
          47.58614
        ]
      },
      "properties": {
        "time": "142470"
      }
    },
    {
      "type": "Feature",
      "id": 863,
      "geometry": {
        "type": "Point",
        "coordinates": [
          41.845634,
          47.58614
        ]
      },
      "properties": {
        "time": "142471"
      }
    },
    {
      "type": "Feature",
      "id": 864,
      "geometry": {
        "type": "Point",
        "coordinates": [
          41.845634,
          47.58614
        ]
      },
      "properties": {
        "time": "142472"
      }
    },
    {
      "type": "Feature",
      "id": 865,
      "geometry": {
        "type": "Point",
        "coordinates": [
          41.845634,
          47.58614
        ]
      },
      "properties": {
        "time": "142473"
      }
    },
    {
      "type": "Feature",
      "id": 866,
      "geometry": {
        "type": "Point",
        "coordinates": [
          41.845634,
          47.58614
        ]
      },
      "properties": {
        "time": "142474"
      }
    },
    {
      "type": "Feature",
      "id": 867,
      "geometry": {
        "type": "Point",
        "coordinates": [
          41.845634,
          47.58614
        ]
      },
      "properties": {
        "time": "142475"
      }
    },
    {
      "type": "Feature",
      "id": 868,
      "geometry": {
        "type": "Point",
        "coordinates": [
          41.845634,
          47.58614
        ]
      },
      "properties": {
        "time": "142476"
      }
    },
    {
      "type": "Feature",
      "id": 869,
      "geometry": {
        "type": "Point",
        "coordinates": [
          41.845634,
          47.58614
        ]
      },
      "properties": {
        "time": "142477"
      }
    },
    {
      "type": "Feature",
      "id": 870,
      "geometry": {
        "type": "Point",
        "coordinates": [
          41.845634,
          47.58614
        ]
      },
      "properties": {
        "time": "142478"
      }
    },
    {
      "type": "Feature",
      "id": 871,
      "geometry": {
        "type": "Point",
        "coordinates": [
          41.845634,
          47.58614
        ]
      },
      "properties": {
        "time": "142479"
      }
    },
    {
      "type": "Feature",
      "id": 872,
      "geometry": {
        "type": "Point",
        "coordinates": [
          41.845634,
          47.58614
        ]
      },
      "properties": {
        "time": "142480"
      }
    },
    {
      "type": "Feature",
      "id": 873,
      "geometry": {
        "type": "Point",
        "coordinates": [
          41.845634,
          47.58614
        ]
      },
      "properties": {
        "time": "142481"
      }
    },
    {
      "type": "Feature",
      "id": 874,
      "geometry": {
        "type": "Point",
        "coordinates": [
          41.845634,
          47.58614
        ]
      },
      "properties": {
        "time": "142482"
      }
    },
    {
      "type": "Feature",
      "id": 875,
      "geometry": {
        "type": "Point",
        "coordinates": [
          41.845634,
          47.58614
        ]
      },
      "properties": {
        "time": "142483"
      }
    },
    {
      "type": "Feature",
      "id": 876,
      "geometry": {
        "type": "Point",
        "coordinates": [
          41.845634,
          47.58614
        ]
      },
      "properties": {
        "time": "142484"
      }
    },
    {
      "type": "Feature",
      "id": 877,
      "geometry": {
        "type": "Point",
        "coordinates": [
          41.845634,
          47.58614
        ]
      },
      "properties": {
        "time": "142485"
      }
    },
    {
      "type": "Feature",
      "id": 878,
      "geometry": {
        "type": "Point",
        "coordinates": [
          41.845634,
          47.58614
        ]
      },
      "properties": {
        "time": "142486"
      }
    },
    {
      "type": "Feature",
      "id": 879,
      "geometry": {
        "type": "Point",
        "coordinates": [
          41.845634,
          47.58614
        ]
      },
      "properties": {
        "time": "142487"
      }
    },
    {
      "type": "Feature",
      "id": 880,
      "geometry": {
        "type": "Point",
        "coordinates": [
          41.845634,
          47.58614
        ]
      },
      "properties": {
        "time": "142488"
      }
    },
    {
      "type": "Feature",
      "id": 881,
      "geometry": {
        "type": "Point",
        "coordinates": [
          41.845634,
          47.58614
        ]
      },
      "properties": {
        "time": "142489"
      }
    },
    {
      "type": "Feature",
      "id": 882,
      "geometry": {
        "type": "Point",
        "coordinates": [
          41.845634,
          47.58614
        ]
      },
      "properties": {
        "time": "142490"
      }
    },
    {
      "type": "Feature",
      "id": 883,
      "geometry": {
        "type": "Point",
        "coordinates": [
          41.845634,
          47.58614
        ]
      },
      "properties": {
        "time": "142491"
      }
    },
    {
      "type": "Feature",
      "id": 884,
      "geometry": {
        "type": "Point",
        "coordinates": [
          41.845634,
          47.58614
        ]
      },
      "properties": {
        "time": "142492"
      }
    },
    {
      "type": "Feature",
      "id": 885,
      "geometry": {
        "type": "Point",
        "coordinates": [
          41.845634,
          47.58614
        ]
      },
      "properties": {
        "time": "142493"
      }
    },
    {
      "type": "Feature",
      "id": 886,
      "geometry": {
        "type": "Point",
        "coordinates": [
          41.845634,
          47.58614
        ]
      },
      "properties": {
        "time": "142494"
      }
    },
    {
      "type": "Feature",
      "id": 887,
      "geometry": {
        "type": "Point",
        "coordinates": [
          41.845634,
          47.58614
        ]
      },
      "properties": {
        "time": "142495"
      }
    },
    {
      "type": "Feature",
      "id": 888,
      "geometry": {
        "type": "Point",
        "coordinates": [
          42.353172,
          47.683258
        ]
      },
      "properties": {
        "time": "142496"
      }
    },
    {
      "type": "Feature",
      "id": 889,
      "geometry": {
        "type": "Point",
        "coordinates": [
          42.346497,
          47.685085
        ]
      },
      "properties": {
        "time": "142497"
      }
    },
    {
      "type": "Feature",
      "id": 0,
      "geometry": {
        "type": "LineString",
        "coordinates": [
          [
            42.134544,
            47.551418
          ],
          [
            42.134548,
            47.551388
          ],
          [
            42.134697,
            47.551331
          ],
          [
            42.134804,
            47.551273
          ],
          [
            42.134804,
            47.551273
          ],
          [
            42.134804,
            47.551273
          ],
          [
            42.134804,
            47.551273
          ],
          [
            42.134804,
            47.551273
          ],
          [
            42.134804,
            47.551273
          ],
          [
            42.134804,
            47.551273
          ],
          [
            42.134804,
            47.551273
          ],
          [
            42.135864,
            47.551601
          ],
          [
            42.13591,
            47.55151
          ],
          [
            42.136223,
            47.551609
          ],
          [
            42.136475,
            47.551689
          ],
          [
            42.136757,
            47.551811
          ],
          [
            42.137039,
            47.551773
          ],
          [
            42.137379,
            47.551884
          ],
          [
            42.137562,
            47.552013
          ],
          [
            42.137917,
            47.552143
          ],
          [
            42.138058,
            47.552151
          ],
          [
            42.138134,
            47.552364
          ],
          [
            42.138126,
            47.552509
          ],
          [
            42.138302,
            47.552055
          ],
          [
            42.137917,
            47.551853
          ],
          [
            42.138176,
            47.551971
          ],
          [
            42.138233,
            47.551998
          ],
          [
            42.138908,
            47.5527
          ],
          [
            42.139595,
            47.553219
          ],
          [
            42.139729,
            47.553181
          ],
          [
            42.139507,
            47.552792
          ],
          [
            42.139332,
            47.552681
          ],
          [
            42.139431,
            47.552238
          ],
          [
            42.138073,
            47.552364
          ],
          [
            42.137676,
            47.551678
          ],
          [
            42.136459,
            47.551529
          ],
          [
            42.135201,
            47.55209
          ],
          [
            42.134483,
            47.552582
          ],
          [
            42.132893,
            47.553188
          ],
          [
            42.132893,
            47.553188
          ],
          [
            42.140991,
            47.546558
          ],
          [
            42.139008,
            47.54776
          ],
          [
            42.147175,
            47.552719
          ],
          [
            42.15073,
            47.556541
          ],
          [
            42.15073,
            47.556541
          ],
          [
            42.15073,
            47.556541
          ],
          [
            42.15073,
            47.556541
          ],
          [
            42.15073,
            47.556541
          ],
          [
            42.15073,
            47.556541
          ],
          [
            42.15073,
            47.556541
          ],
          [
            42.15073,
            47.556541
          ],
          [
            42.15073,
            47.556541
          ],
          [
            42.15073,
            47.556541
          ],
          [
            42.15073,
            47.556541
          ],
          [
            42.15073,
            47.556541
          ],
          [
            42.15073,
            47.556541
          ],
          [
            42.15073,
            47.556541
          ],
          [
            42.15073,
            47.556541
          ],
          [
            42.15073,
            47.556541
          ],
          [
            42.15073,
            47.556541
          ],
          [
            42.15073,
            47.556541
          ],
          [
            42.15073,
            47.556541
          ],
          [
            42.15073,
            47.556541
          ],
          [
            42.15073,
            47.556541
          ],
          [
            42.15073,
            47.556541
          ],
          [
            42.15073,
            47.556541
          ],
          [
            42.15073,
            47.556541
          ],
          [
            42.15073,
            47.556541
          ],
          [
            42.15073,
            47.556541
          ],
          [
            42.15073,
            47.556541
          ],
          [
            42.15073,
            47.556541
          ],
          [
            42.15073,
            47.556541
          ],
          [
            42.15073,
            47.556541
          ],
          [
            42.15073,
            47.556541
          ],
          [
            42.15073,
            47.556541
          ],
          [
            42.15073,
            47.556541
          ],
          [
            42.15073,
            47.556541
          ],
          [
            42.15073,
            47.556541
          ],
          [
            42.15073,
            47.556541
          ],
          [
            42.15073,
            47.556541
          ],
          [
            42.15073,
            47.556541
          ],
          [
            42.15073,
            47.556541
          ],
          [
            42.15073,
            47.556541
          ],
          [
            42.15073,
            47.556541
          ],
          [
            42.15073,
            47.556541
          ],
          [
            42.15073,
            47.556541
          ],
          [
            42.15073,
            47.556541
          ],
          [
            42.15073,
            47.556541
          ],
          [
            42.15073,
            47.556541
          ],
          [
            42.15073,
            47.556541
          ],
          [
            42.15073,
            47.556541
          ],
          [
            42.15073,
            47.556541
          ],
          [
            42.15073,
            47.556541
          ],
          [
            42.15073,
            47.556541
          ],
          [
            42.15073,
            47.556541
          ],
          [
            42.15073,
            47.556541
          ],
          [
            42.15073,
            47.556541
          ],
          [
            42.15073,
            47.556541
          ],
          [
            42.15073,
            47.556541
          ],
          [
            42.15073,
            47.556541
          ],
          [
            42.15073,
            47.556541
          ],
          [
            42.15073,
            47.556541
          ],
          [
            42.15073,
            47.556541
          ],
          [
            42.15073,
            47.556541
          ],
          [
            42.15073,
            47.556541
          ],
          [
            42.15073,
            47.556541
          ],
          [
            42.15073,
            47.556541
          ],
          [
            42.15073,
            47.556541
          ],
          [
            42.15073,
            47.556541
          ],
          [
            42.15073,
            47.556541
          ],
          [
            42.15073,
            47.556541
          ],
          [
            42.15073,
            47.556541
          ],
          [
            42.15073,
            47.556541
          ],
          [
            42.15073,
            47.556541
          ],
          [
            42.15073,
            47.556541
          ],
          [
            42.15073,
            47.556541
          ],
          [
            42.15073,
            47.556541
          ],
          [
            42.15073,
            47.556541
          ],
          [
            42.15073,
            47.556541
          ],
          [
            42.15073,
            47.556541
          ],
          [
            42.15073,
            47.556541
          ],
          [
            42.15073,
            47.556541
          ],
          [
            42.15073,
            47.556541
          ],
          [
            42.15073,
            47.556541
          ],
          [
            42.15073,
            47.556541
          ],
          [
            42.15073,
            47.556541
          ],
          [
            42.15073,
            47.556541
          ],
          [
            42.15073,
            47.556541
          ],
          [
            42.15073,
            47.556541
          ],
          [
            42.15073,
            47.556541
          ],
          [
            42.15073,
            47.556541
          ],
          [
            42.15073,
            47.556541
          ],
          [
            42.15073,
            47.556541
          ],
          [
            42.15073,
            47.556541
          ],
          [
            42.15073,
            47.556541
          ],
          [
            42.15073,
            47.556541
          ],
          [
            42.15073,
            47.556541
          ],
          [
            42.15073,
            47.556541
          ],
          [
            42.15073,
            47.556541
          ],
          [
            42.15073,
            47.556541
          ],
          [
            42.15073,
            47.556541
          ],
          [
            42.15073,
            47.556541
          ],
          [
            42.15073,
            47.556541
          ],
          [
            42.15073,
            47.556541
          ],
          [
            42.15073,
            47.556541
          ],
          [
            42.15073,
            47.556541
          ],
          [
            42.15073,
            47.556541
          ],
          [
            42.15073,
            47.556541
          ],
          [
            42.15073,
            47.556541
          ],
          [
            42.15073,
            47.556541
          ],
          [
            42.15073,
            47.556541
          ],
          [
            42.15073,
            47.556541
          ],
          [
            42.15073,
            47.556541
          ],
          [
            42.15073,
            47.556541
          ],
          [
            42.15073,
            47.556541
          ],
          [
            42.15073,
            47.556541
          ],
          [
            42.15073,
            47.556541
          ],
          [
            42.15073,
            47.556541
          ],
          [
            42.15073,
            47.556541
          ],
          [
            42.15073,
            47.556541
          ],
          [
            42.15073,
            47.556541
          ],
          [
            42.15073,
            47.556541
          ],
          [
            42.15073,
            47.556541
          ],
          [
            42.15073,
            47.556541
          ],
          [
            42.15073,
            47.556541
          ],
          [
            42.15073,
            47.556541
          ],
          [
            42.15073,
            47.556541
          ],
          [
            42.15073,
            47.556541
          ],
          [
            42.15073,
            47.556541
          ],
          [
            42.15073,
            47.556541
          ],
          [
            42.15073,
            47.556541
          ],
          [
            42.15073,
            47.556541
          ],
          [
            42.15073,
            47.556541
          ],
          [
            42.15073,
            47.556541
          ],
          [
            42.15073,
            47.556541
          ],
          [
            42.15073,
            47.556541
          ],
          [
            42.15073,
            47.556541
          ],
          [
            42.15073,
            47.556541
          ],
          [
            42.15073,
            47.556541
          ],
          [
            42.15073,
            47.556541
          ],
          [
            42.15073,
            47.556541
          ],
          [
            42.15073,
            47.556541
          ],
          [
            42.15073,
            47.556541
          ],
          [
            42.15073,
            47.556541
          ],
          [
            42.15073,
            47.556541
          ],
          [
            42.15073,
            47.556541
          ],
          [
            42.15073,
            47.556541
          ],
          [
            42.15073,
            47.556541
          ],
          [
            42.15073,
            47.556541
          ],
          [
            42.15073,
            47.556541
          ],
          [
            42.15073,
            47.556541
          ],
          [
            42.15073,
            47.556541
          ],
          [
            42.15073,
            47.556541
          ],
          [
            42.15073,
            47.556541
          ],
          [
            42.15073,
            47.556541
          ],
          [
            42.15073,
            47.556541
          ],
          [
            42.15073,
            47.556541
          ],
          [
            42.15073,
            47.556541
          ],
          [
            42.15073,
            47.556541
          ],
          [
            42.15073,
            47.556541
          ],
          [
            42.15073,
            47.556541
          ],
          [
            42.15073,
            47.556541
          ],
          [
            42.15073,
            47.556541
          ],
          [
            42.15073,
            47.556541
          ],
          [
            42.15073,
            47.556541
          ],
          [
            42.15073,
            47.556541
          ],
          [
            42.15073,
            47.556541
          ],
          [
            42.15073,
            47.556541
          ],
          [
            42.15073,
            47.556541
          ],
          [
            42.15073,
            47.556541
          ],
          [
            42.308891,
            47.392521
          ],
          [
            42.305527,
            47.395195
          ],
          [
            42.302315,
            47.397869
          ],
          [
            42.298267,
            47.400867
          ],
          [
            42.296803,
            47.393665
          ],
          [
            42.293083,
            47.395981
          ],
          [
            42.288795,
            47.398727
          ],
          [
            42.285072,
            47.400703
          ],
          [
            42.283875,
            47.40139
          ],
          [
            42.276623,
            47.405167
          ],
          [
            42.272144,
            47.407326
          ],
          [
            42.271687,
            47.407536
          ],
          [
            42.010078,
            47.736046
          ],
          [
            42.006756,
            47.737431
          ],
          [
            42.002472,
            47.738995
          ],
          [
            41.998161,
            47.740425
          ],
          [
            41.993843,
            47.741707
          ],
          [
            41.98951,
            47.742966
          ],
          [
            41.984982,
            47.74374
          ],
          [
            41.980247,
            47.744774
          ],
          [
            41.975658,
            47.745605
          ],
          [
            41.971012,
            47.746433
          ],
          [
            41.966381,
            47.747097
          ],
          [
            41.961735,
            47.747604
          ],
          [
            41.956818,
            47.748344
          ],
          [
            41.952209,
            47.748627
          ],
          [
            41.947517,
            47.748848
          ],
          [
            41.940014,
            47.753185
          ],
          [
            41.934517,
            47.754166
          ],
          [
            41.929501,
            47.754158
          ],
          [
            41.924248,
            47.754478
          ],
          [
            41.91853,
            47.755508
          ],
          [
            41.913094,
            47.755951
          ],
          [
            41.908318,
            47.7556
          ],
          [
            41.903667,
            47.754944
          ],
          [
            41.89909,
            47.754154
          ],
          [
            41.894592,
            47.753254
          ],
          [
            41.890167,
            47.752228
          ],
          [
            41.885803,
            47.751083
          ],
          [
            41.881504,
            47.749844
          ],
          [
            41.877285,
            47.748512
          ],
          [
            41.873123,
            47.747078
          ],
          [
            41.869041,
            47.745522
          ],
          [
            41.865044,
            47.743881
          ],
          [
            41.861164,
            47.742149
          ],
          [
            41.857368,
            47.740295
          ],
          [
            41.853661,
            47.738369
          ],
          [
            41.850052,
            47.736355
          ],
          [
            41.84655,
            47.734261
          ],
          [
            41.843147,
            47.732094
          ],
          [
            41.839874,
            47.729832
          ],
          [
            41.836761,
            47.727493
          ],
          [
            41.833733,
            47.725105
          ],
          [
            41.830864,
            47.722603
          ],
          [
            41.828114,
            47.720043
          ],
          [
            41.825489,
            47.717415
          ],
          [
            41.823044,
            47.714733
          ],
          [
            41.82074,
            47.711979
          ],
          [
            41.818508,
            47.709194
          ],
          [
            41.81649,
            47.706387
          ],
          [
            41.814625,
            47.703522
          ],
          [
            41.812904,
            47.700638
          ],
          [
            41.811337,
            47.697685
          ],
          [
            41.809887,
            47.694687
          ],
          [
            41.809368,
            47.693447
          ],
          [
            41.807896,
            47.690083
          ],
          [
            41.806801,
            47.68618
          ],
          [
            41.805984,
            47.682854
          ],
          [
            41.805363,
            47.679604
          ],
          [
            41.804821,
            47.676468
          ],
          [
            41.804768,
            47.676155
          ],
          [
            41.804924,
            47.66938
          ],
          [
            41.804985,
            47.668533
          ],
          [
            41.805096,
            47.66082
          ],
          [
            41.80492,
            47.661289
          ],
          [
            41.805176,
            47.662399
          ],
          [
            41.805176,
            47.662399
          ],
          [
            41.805176,
            47.662399
          ],
          [
            41.805176,
            47.662399
          ],
          [
            41.805176,
            47.662399
          ],
          [
            41.805176,
            47.662399
          ],
          [
            41.805176,
            47.662399
          ],
          [
            41.805176,
            47.662399
          ],
          [
            41.805176,
            47.662399
          ],
          [
            41.805176,
            47.662399
          ],
          [
            41.805176,
            47.662399
          ],
          [
            41.822575,
            47.624626
          ],
          [
            41.822788,
            47.624352
          ],
          [
            41.825268,
            47.621353
          ],
          [
            41.825268,
            47.621353
          ],
          [
            41.832787,
            47.614811
          ],
          [
            41.835033,
            47.61272
          ],
          [
            41.838188,
            47.609982
          ],
          [
            41.838188,
            47.609982
          ],
          [
            41.838188,
            47.609982
          ],
          [
            41.854824,
            47.605358
          ],
          [
            41.857159,
            47.602219
          ],
          [
            41.846077,
            47.593006
          ],
          [
            41.845634,
            47.58614
          ],
          [
            41.845634,
            47.58614
          ],
          [
            41.845634,
            47.58614
          ],
          [
            41.845634,
            47.58614
          ],
          [
            41.845634,
            47.58614
          ],
          [
            41.845634,
            47.58614
          ],
          [
            41.845634,
            47.58614
          ],
          [
            41.845634,
            47.58614
          ],
          [
            41.845634,
            47.58614
          ],
          [
            41.845634,
            47.58614
          ],
          [
            41.845634,
            47.58614
          ],
          [
            41.845634,
            47.58614
          ],
          [
            41.845634,
            47.58614
          ],
          [
            41.845634,
            47.58614
          ],
          [
            41.845634,
            47.58614
          ],
          [
            41.845634,
            47.58614
          ],
          [
            41.845634,
            47.58614
          ],
          [
            41.845634,
            47.58614
          ],
          [
            41.845634,
            47.58614
          ],
          [
            41.845634,
            47.58614
          ],
          [
            41.845634,
            47.58614
          ],
          [
            41.845634,
            47.58614
          ],
          [
            41.845634,
            47.58614
          ],
          [
            41.845634,
            47.58614
          ],
          [
            41.845634,
            47.58614
          ],
          [
            41.845634,
            47.58614
          ],
          [
            41.845634,
            47.58614
          ],
          [
            41.845634,
            47.58614
          ],
          [
            41.845634,
            47.58614
          ],
          [
            41.845634,
            47.58614
          ],
          [
            41.845634,
            47.58614
          ],
          [
            41.845634,
            47.58614
          ],
          [
            41.845634,
            47.58614
          ],
          [
            41.845634,
            47.58614
          ],
          [
            41.845634,
            47.58614
          ],
          [
            41.845634,
            47.58614
          ],
          [
            41.845634,
            47.58614
          ],
          [
            41.845634,
            47.58614
          ],
          [
            41.845634,
            47.58614
          ],
          [
            41.845634,
            47.58614
          ],
          [
            41.845634,
            47.58614
          ],
          [
            41.845634,
            47.58614
          ],
          [
            41.845634,
            47.58614
          ],
          [
            41.845634,
            47.58614
          ],
          [
            41.845634,
            47.58614
          ],
          [
            41.845634,
            47.58614
          ],
          [
            41.845634,
            47.58614
          ],
          [
            41.845634,
            47.58614
          ],
          [
            41.845634,
            47.58614
          ],
          [
            41.845634,
            47.58614
          ],
          [
            41.845634,
            47.58614
          ],
          [
            41.845634,
            47.58614
          ],
          [
            41.845634,
            47.58614
          ],
          [
            41.845634,
            47.58614
          ],
          [
            41.845634,
            47.58614
          ],
          [
            41.845634,
            47.58614
          ],
          [
            41.845634,
            47.58614
          ],
          [
            41.845634,
            47.58614
          ],
          [
            41.845634,
            47.58614
          ],
          [
            41.845634,
            47.58614
          ],
          [
            41.845634,
            47.58614
          ],
          [
            41.845634,
            47.58614
          ],
          [
            41.845634,
            47.58614
          ],
          [
            41.845634,
            47.58614
          ],
          [
            41.845634,
            47.58614
          ],
          [
            41.845634,
            47.58614
          ],
          [
            41.845634,
            47.58614
          ],
          [
            41.845634,
            47.58614
          ],
          [
            41.845634,
            47.58614
          ],
          [
            41.845634,
            47.58614
          ],
          [
            41.845634,
            47.58614
          ],
          [
            41.845634,
            47.58614
          ],
          [
            41.845634,
            47.58614
          ],
          [
            41.845634,
            47.58614
          ],
          [
            41.845634,
            47.58614
          ],
          [
            41.845634,
            47.58614
          ],
          [
            41.845634,
            47.58614
          ],
          [
            41.845634,
            47.58614
          ],
          [
            41.845634,
            47.58614
          ],
          [
            41.845634,
            47.58614
          ],
          [
            41.845634,
            47.58614
          ],
          [
            41.845634,
            47.58614
          ],
          [
            41.845634,
            47.58614
          ],
          [
            41.845634,
            47.58614
          ],
          [
            41.845634,
            47.58614
          ],
          [
            41.845634,
            47.58614
          ],
          [
            41.845634,
            47.58614
          ],
          [
            41.845634,
            47.58614
          ],
          [
            41.845634,
            47.58614
          ],
          [
            41.845634,
            47.58614
          ],
          [
            41.845634,
            47.58614
          ],
          [
            41.845634,
            47.58614
          ],
          [
            41.845634,
            47.58614
          ],
          [
            41.845634,
            47.58614
          ],
          [
            41.845634,
            47.58614
          ],
          [
            41.845634,
            47.58614
          ],
          [
            41.845634,
            47.58614
          ],
          [
            41.845634,
            47.58614
          ],
          [
            41.845634,
            47.58614
          ],
          [
            41.845634,
            47.58614
          ],
          [
            41.845634,
            47.58614
          ],
          [
            41.845634,
            47.58614
          ],
          [
            41.845634,
            47.58614
          ],
          [
            41.845634,
            47.58614
          ],
          [
            41.845634,
            47.58614
          ],
          [
            41.845634,
            47.58614
          ],
          [
            41.845634,
            47.58614
          ],
          [
            41.845634,
            47.58614
          ],
          [
            41.845634,
            47.58614
          ],
          [
            41.845634,
            47.58614
          ],
          [
            41.845634,
            47.58614
          ],
          [
            41.845634,
            47.58614
          ],
          [
            41.845634,
            47.58614
          ],
          [
            41.845634,
            47.58614
          ],
          [
            41.845634,
            47.58614
          ],
          [
            41.845634,
            47.58614
          ],
          [
            41.845634,
            47.58614
          ],
          [
            41.845634,
            47.58614
          ],
          [
            41.845634,
            47.58614
          ],
          [
            41.845634,
            47.58614
          ],
          [
            41.845634,
            47.58614
          ],
          [
            41.845634,
            47.58614
          ],
          [
            41.845634,
            47.58614
          ],
          [
            41.845634,
            47.58614
          ],
          [
            41.845634,
            47.58614
          ],
          [
            41.845634,
            47.58614
          ],
          [
            41.845634,
            47.58614
          ],
          [
            41.845634,
            47.58614
          ],
          [
            41.845634,
            47.58614
          ],
          [
            41.845634,
            47.58614
          ],
          [
            41.845634,
            47.58614
          ],
          [
            41.845634,
            47.58614
          ],
          [
            41.845634,
            47.58614
          ],
          [
            41.845634,
            47.58614
          ],
          [
            41.845634,
            47.58614
          ],
          [
            41.845634,
            47.58614
          ],
          [
            41.845634,
            47.58614
          ],
          [
            41.845634,
            47.58614
          ],
          [
            41.845634,
            47.58614
          ],
          [
            41.845634,
            47.58614
          ],
          [
            41.845634,
            47.58614
          ],
          [
            41.845634,
            47.58614
          ],
          [
            41.845634,
            47.58614
          ],
          [
            41.845634,
            47.58614
          ],
          [
            41.845634,
            47.58614
          ],
          [
            41.845634,
            47.58614
          ],
          [
            41.845634,
            47.58614
          ],
          [
            41.845634,
            47.58614
          ],
          [
            41.845634,
            47.58614
          ],
          [
            41.845634,
            47.58614
          ],
          [
            41.845634,
            47.58614
          ],
          [
            41.845634,
            47.58614
          ],
          [
            41.845634,
            47.58614
          ],
          [
            41.845634,
            47.58614
          ],
          [
            41.845634,
            47.58614
          ],
          [
            41.845634,
            47.58614
          ],
          [
            41.845634,
            47.58614
          ],
          [
            41.845634,
            47.58614
          ],
          [
            41.845634,
            47.58614
          ],
          [
            41.845634,
            47.58614
          ],
          [
            41.845634,
            47.58614
          ],
          [
            41.845634,
            47.58614
          ],
          [
            41.845634,
            47.58614
          ],
          [
            41.845634,
            47.58614
          ],
          [
            41.845634,
            47.58614
          ],
          [
            41.845634,
            47.58614
          ],
          [
            41.845634,
            47.58614
          ],
          [
            41.845634,
            47.58614
          ],
          [
            41.845634,
            47.58614
          ],
          [
            41.845634,
            47.58614
          ],
          [
            41.845634,
            47.58614
          ],
          [
            41.845634,
            47.58614
          ],
          [
            41.845634,
            47.58614
          ],
          [
            41.845634,
            47.58614
          ],
          [
            41.845634,
            47.58614
          ],
          [
            41.845634,
            47.58614
          ],
          [
            41.845634,
            47.58614
          ],
          [
            41.845634,
            47.58614
          ],
          [
            41.845634,
            47.58614
          ],
          [
            41.845634,
            47.58614
          ],
          [
            41.845634,
            47.58614
          ],
          [
            41.845634,
            47.58614
          ],
          [
            41.845634,
            47.58614
          ],
          [
            41.845634,
            47.58614
          ],
          [
            41.845634,
            47.58614
          ],
          [
            41.845634,
            47.58614
          ],
          [
            41.845634,
            47.58614
          ],
          [
            41.845634,
            47.58614
          ],
          [
            41.845634,
            47.58614
          ],
          [
            41.845634,
            47.58614
          ],
          [
            41.845634,
            47.58614
          ],
          [
            41.845634,
            47.58614
          ],
          [
            41.845634,
            47.58614
          ],
          [
            41.845634,
            47.58614
          ],
          [
            41.845634,
            47.58614
          ],
          [
            41.845634,
            47.58614
          ],
          [
            41.845634,
            47.58614
          ],
          [
            41.845634,
            47.58614
          ],
          [
            41.845634,
            47.58614
          ],
          [
            41.845634,
            47.58614
          ],
          [
            41.845634,
            47.58614
          ],
          [
            41.845634,
            47.58614
          ],
          [
            41.845634,
            47.58614
          ],
          [
            41.845634,
            47.58614
          ],
          [
            41.845634,
            47.58614
          ],
          [
            41.845634,
            47.58614
          ],
          [
            41.845634,
            47.58614
          ],
          [
            41.845634,
            47.58614
          ],
          [
            41.845634,
            47.58614
          ],
          [
            41.845634,
            47.58614
          ],
          [
            41.845634,
            47.58614
          ],
          [
            41.845634,
            47.58614
          ],
          [
            41.845634,
            47.58614
          ],
          [
            41.845634,
            47.58614
          ],
          [
            41.845634,
            47.58614
          ],
          [
            41.845634,
            47.58614
          ],
          [
            41.845634,
            47.58614
          ],
          [
            41.845634,
            47.58614
          ],
          [
            41.845634,
            47.58614
          ],
          [
            41.845634,
            47.58614
          ],
          [
            41.845634,
            47.58614
          ],
          [
            41.845634,
            47.58614
          ],
          [
            41.845634,
            47.58614
          ],
          [
            41.845634,
            47.58614
          ],
          [
            41.845634,
            47.58614
          ],
          [
            41.845634,
            47.58614
          ],
          [
            41.845634,
            47.58614
          ],
          [
            41.845634,
            47.58614
          ],
          [
            41.845634,
            47.58614
          ],
          [
            41.845634,
            47.58614
          ],
          [
            41.845634,
            47.58614
          ],
          [
            41.845634,
            47.58614
          ],
          [
            41.845634,
            47.58614
          ],
          [
            41.845634,
            47.58614
          ],
          [
            41.845634,
            47.58614
          ],
          [
            41.845634,
            47.58614
          ],
          [
            41.845634,
            47.58614
          ],
          [
            41.845634,
            47.58614
          ],
          [
            41.845634,
            47.58614
          ],
          [
            41.845634,
            47.58614
          ],
          [
            41.845634,
            47.58614
          ],
          [
            41.845634,
            47.58614
          ],
          [
            41.845634,
            47.58614
          ],
          [
            41.845634,
            47.58614
          ],
          [
            41.845634,
            47.58614
          ],
          [
            41.845634,
            47.58614
          ],
          [
            41.845634,
            47.58614
          ],
          [
            41.845634,
            47.58614
          ],
          [
            41.845634,
            47.58614
          ],
          [
            41.845634,
            47.58614
          ],
          [
            41.845634,
            47.58614
          ],
          [
            41.845634,
            47.58614
          ],
          [
            41.845634,
            47.58614
          ],
          [
            41.845634,
            47.58614
          ],
          [
            41.845634,
            47.58614
          ],
          [
            41.845634,
            47.58614
          ],
          [
            41.845634,
            47.58614
          ],
          [
            41.845634,
            47.58614
          ],
          [
            41.845634,
            47.58614
          ],
          [
            41.845634,
            47.58614
          ],
          [
            41.845634,
            47.58614
          ],
          [
            41.845634,
            47.58614
          ],
          [
            41.845634,
            47.58614
          ],
          [
            41.845634,
            47.58614
          ],
          [
            41.845634,
            47.58614
          ],
          [
            41.845634,
            47.58614
          ],
          [
            41.845634,
            47.58614
          ],
          [
            41.845634,
            47.58614
          ],
          [
            41.845634,
            47.58614
          ],
          [
            41.845634,
            47.58614
          ],
          [
            41.845634,
            47.58614
          ],
          [
            41.845634,
            47.58614
          ],
          [
            41.845634,
            47.58614
          ],
          [
            41.845634,
            47.58614
          ],
          [
            41.845634,
            47.58614
          ],
          [
            41.845634,
            47.58614
          ],
          [
            41.845634,
            47.58614
          ],
          [
            41.845634,
            47.58614
          ],
          [
            41.845634,
            47.58614
          ],
          [
            41.845634,
            47.58614
          ],
          [
            41.845634,
            47.58614
          ],
          [
            41.845634,
            47.58614
          ],
          [
            41.845634,
            47.58614
          ],
          [
            41.845634,
            47.58614
          ],
          [
            41.845634,
            47.58614
          ],
          [
            41.845634,
            47.58614
          ],
          [
            41.845634,
            47.58614
          ],
          [
            41.845634,
            47.58614
          ],
          [
            41.845634,
            47.58614
          ],
          [
            41.845634,
            47.58614
          ],
          [
            41.845634,
            47.58614
          ],
          [
            41.845634,
            47.58614
          ],
          [
            41.845634,
            47.58614
          ],
          [
            41.845634,
            47.58614
          ],
          [
            41.845634,
            47.58614
          ],
          [
            41.845634,
            47.58614
          ],
          [
            41.845634,
            47.58614
          ],
          [
            41.845634,
            47.58614
          ],
          [
            41.845634,
            47.58614
          ],
          [
            41.845634,
            47.58614
          ],
          [
            41.845634,
            47.58614
          ],
          [
            41.845634,
            47.58614
          ],
          [
            41.845634,
            47.58614
          ],
          [
            41.845634,
            47.58614
          ],
          [
            41.845634,
            47.58614
          ],
          [
            41.845634,
            47.58614
          ],
          [
            41.845634,
            47.58614
          ],
          [
            41.845634,
            47.58614
          ],
          [
            41.845634,
            47.58614
          ],
          [
            41.845634,
            47.58614
          ],
          [
            41.845634,
            47.58614
          ],
          [
            41.845634,
            47.58614
          ],
          [
            41.845634,
            47.58614
          ],
          [
            41.845634,
            47.58614
          ],
          [
            41.845634,
            47.58614
          ],
          [
            41.845634,
            47.58614
          ],
          [
            41.845634,
            47.58614
          ],
          [
            41.845634,
            47.58614
          ],
          [
            41.845634,
            47.58614
          ],
          [
            41.845634,
            47.58614
          ],
          [
            41.845634,
            47.58614
          ],
          [
            41.845634,
            47.58614
          ],
          [
            41.845634,
            47.58614
          ],
          [
            41.845634,
            47.58614
          ],
          [
            41.845634,
            47.58614
          ],
          [
            41.845634,
            47.58614
          ],
          [
            41.845634,
            47.58614
          ],
          [
            41.845634,
            47.58614
          ],
          [
            41.845634,
            47.58614
          ],
          [
            41.845634,
            47.58614
          ],
          [
            41.845634,
            47.58614
          ],
          [
            41.845634,
            47.58614
          ],
          [
            41.845634,
            47.58614
          ],
          [
            41.845634,
            47.58614
          ],
          [
            41.845634,
            47.58614
          ],
          [
            41.845634,
            47.58614
          ],
          [
            41.845634,
            47.58614
          ],
          [
            41.845634,
            47.58614
          ],
          [
            41.845634,
            47.58614
          ],
          [
            41.845634,
            47.58614
          ],
          [
            41.845634,
            47.58614
          ],
          [
            41.845634,
            47.58614
          ],
          [
            41.845634,
            47.58614
          ],
          [
            41.845634,
            47.58614
          ],
          [
            41.845634,
            47.58614
          ],
          [
            41.845634,
            47.58614
          ],
          [
            41.845634,
            47.58614
          ],
          [
            41.845634,
            47.58614
          ],
          [
            41.845634,
            47.58614
          ],
          [
            41.845634,
            47.58614
          ],
          [
            41.845634,
            47.58614
          ],
          [
            41.845634,
            47.58614
          ],
          [
            41.845634,
            47.58614
          ],
          [
            41.845634,
            47.58614
          ],
          [
            41.845634,
            47.58614
          ],
          [
            41.845634,
            47.58614
          ],
          [
            41.845634,
            47.58614
          ],
          [
            41.845634,
            47.58614
          ],
          [
            41.845634,
            47.58614
          ],
          [
            41.845634,
            47.58614
          ],
          [
            41.845634,
            47.58614
          ],
          [
            41.845634,
            47.58614
          ],
          [
            41.845634,
            47.58614
          ],
          [
            41.845634,
            47.58614
          ],
          [
            41.845634,
            47.58614
          ],
          [
            41.845634,
            47.58614
          ],
          [
            41.845634,
            47.58614
          ],
          [
            41.845634,
            47.58614
          ],
          [
            41.845634,
            47.58614
          ],
          [
            41.845634,
            47.58614
          ],
          [
            41.845634,
            47.58614
          ],
          [
            41.845634,
            47.58614
          ],
          [
            41.845634,
            47.58614
          ],
          [
            41.845634,
            47.58614
          ],
          [
            41.845634,
            47.58614
          ],
          [
            41.845634,
            47.58614
          ],
          [
            41.845634,
            47.58614
          ],
          [
            41.845634,
            47.58614
          ],
          [
            41.845634,
            47.58614
          ],
          [
            41.845634,
            47.58614
          ],
          [
            41.845634,
            47.58614
          ],
          [
            41.845634,
            47.58614
          ],
          [
            41.845634,
            47.58614
          ],
          [
            41.845634,
            47.58614
          ],
          [
            41.845634,
            47.58614
          ],
          [
            41.845634,
            47.58614
          ],
          [
            41.845634,
            47.58614
          ],
          [
            41.845634,
            47.58614
          ],
          [
            41.845634,
            47.58614
          ],
          [
            41.845634,
            47.58614
          ],
          [
            41.845634,
            47.58614
          ],
          [
            41.845634,
            47.58614
          ],
          [
            41.845634,
            47.58614
          ],
          [
            41.845634,
            47.58614
          ],
          [
            41.845634,
            47.58614
          ],
          [
            41.845634,
            47.58614
          ],
          [
            41.845634,
            47.58614
          ],
          [
            41.845634,
            47.58614
          ],
          [
            41.845634,
            47.58614
          ],
          [
            41.845634,
            47.58614
          ],
          [
            41.845634,
            47.58614
          ],
          [
            41.845634,
            47.58614
          ],
          [
            41.845634,
            47.58614
          ],
          [
            41.845634,
            47.58614
          ],
          [
            41.845634,
            47.58614
          ],
          [
            41.845634,
            47.58614
          ],
          [
            41.845634,
            47.58614
          ],
          [
            41.845634,
            47.58614
          ],
          [
            41.845634,
            47.58614
          ],
          [
            41.845634,
            47.58614
          ],
          [
            41.845634,
            47.58614
          ],
          [
            41.845634,
            47.58614
          ],
          [
            41.845634,
            47.58614
          ],
          [
            41.845634,
            47.58614
          ],
          [
            41.845634,
            47.58614
          ],
          [
            41.845634,
            47.58614
          ],
          [
            41.845634,
            47.58614
          ],
          [
            41.845634,
            47.58614
          ],
          [
            41.845634,
            47.58614
          ],
          [
            41.845634,
            47.58614
          ],
          [
            41.845634,
            47.58614
          ],
          [
            41.845634,
            47.58614
          ],
          [
            41.845634,
            47.58614
          ],
          [
            41.845634,
            47.58614
          ],
          [
            41.845634,
            47.58614
          ],
          [
            41.845634,
            47.58614
          ],
          [
            41.845634,
            47.58614
          ],
          [
            41.845634,
            47.58614
          ],
          [
            41.845634,
            47.58614
          ],
          [
            41.845634,
            47.58614
          ],
          [
            41.845634,
            47.58614
          ],
          [
            41.845634,
            47.58614
          ],
          [
            41.845634,
            47.58614
          ],
          [
            41.845634,
            47.58614
          ],
          [
            41.845634,
            47.58614
          ],
          [
            41.845634,
            47.58614
          ],
          [
            41.845634,
            47.58614
          ],
          [
            41.845634,
            47.58614
          ],
          [
            41.845634,
            47.58614
          ],
          [
            41.845634,
            47.58614
          ],
          [
            41.845634,
            47.58614
          ],
          [
            41.845634,
            47.58614
          ],
          [
            41.845634,
            47.58614
          ],
          [
            41.845634,
            47.58614
          ],
          [
            41.845634,
            47.58614
          ],
          [
            41.845634,
            47.58614
          ],
          [
            41.845634,
            47.58614
          ],
          [
            41.845634,
            47.58614
          ],
          [
            41.845634,
            47.58614
          ],
          [
            41.845634,
            47.58614
          ],
          [
            41.845634,
            47.58614
          ],
          [
            41.845634,
            47.58614
          ],
          [
            41.845634,
            47.58614
          ],
          [
            41.845634,
            47.58614
          ],
          [
            41.845634,
            47.58614
          ],
          [
            41.845634,
            47.58614
          ],
          [
            41.845634,
            47.58614
          ],
          [
            41.845634,
            47.58614
          ],
          [
            41.845634,
            47.58614
          ],
          [
            41.845634,
            47.58614
          ],
          [
            41.845634,
            47.58614
          ],
          [
            41.845634,
            47.58614
          ],
          [
            41.845634,
            47.58614
          ],
          [
            41.845634,
            47.58614
          ],
          [
            41.845634,
            47.58614
          ],
          [
            41.845634,
            47.58614
          ],
          [
            41.845634,
            47.58614
          ],
          [
            41.845634,
            47.58614
          ],
          [
            41.845634,
            47.58614
          ],
          [
            41.845634,
            47.58614
          ],
          [
            41.845634,
            47.58614
          ],
          [
            41.845634,
            47.58614
          ],
          [
            41.845634,
            47.58614
          ],
          [
            41.845634,
            47.58614
          ],
          [
            41.845634,
            47.58614
          ],
          [
            41.845634,
            47.58614
          ],
          [
            41.845634,
            47.58614
          ],
          [
            41.845634,
            47.58614
          ],
          [
            41.845634,
            47.58614
          ],
          [
            41.845634,
            47.58614
          ],
          [
            41.845634,
            47.58614
          ],
          [
            41.845634,
            47.58614
          ],
          [
            41.845634,
            47.58614
          ],
          [
            41.845634,
            47.58614
          ],
          [
            41.845634,
            47.58614
          ],
          [
            41.845634,
            47.58614
          ],
          [
            41.845634,
            47.58614
          ],
          [
            41.845634,
            47.58614
          ],
          [
            41.845634,
            47.58614
          ],
          [
            41.845634,
            47.58614
          ],
          [
            41.845634,
            47.58614
          ],
          [
            41.845634,
            47.58614
          ],
          [
            41.845634,
            47.58614
          ],
          [
            41.845634,
            47.58614
          ],
          [
            41.845634,
            47.58614
          ],
          [
            41.845634,
            47.58614
          ],
          [
            41.845634,
            47.58614
          ],
          [
            41.845634,
            47.58614
          ],
          [
            41.845634,
            47.58614
          ],
          [
            41.845634,
            47.58614
          ],
          [
            41.845634,
            47.58614
          ],
          [
            41.845634,
            47.58614
          ],
          [
            41.845634,
            47.58614
          ],
          [
            41.845634,
            47.58614
          ],
          [
            41.845634,
            47.58614
          ],
          [
            41.845634,
            47.58614
          ],
          [
            41.845634,
            47.58614
          ],
          [
            41.845634,
            47.58614
          ],
          [
            41.845634,
            47.58614
          ],
          [
            41.845634,
            47.58614
          ],
          [
            41.845634,
            47.58614
          ],
          [
            41.845634,
            47.58614
          ],
          [
            41.845634,
            47.58614
          ],
          [
            41.845634,
            47.58614
          ],
          [
            41.845634,
            47.58614
          ],
          [
            41.845634,
            47.58614
          ],
          [
            41.845634,
            47.58614
          ],
          [
            41.845634,
            47.58614
          ],
          [
            41.845634,
            47.58614
          ],
          [
            41.845634,
            47.58614
          ],
          [
            41.845634,
            47.58614
          ],
          [
            41.845634,
            47.58614
          ],
          [
            41.845634,
            47.58614
          ],
          [
            41.845634,
            47.58614
          ],
          [
            41.845634,
            47.58614
          ],
          [
            41.845634,
            47.58614
          ],
          [
            41.845634,
            47.58614
          ],
          [
            41.845634,
            47.58614
          ],
          [
            41.845634,
            47.58614
          ],
          [
            41.845634,
            47.58614
          ],
          [
            41.845634,
            47.58614
          ],
          [
            41.845634,
            47.58614
          ],
          [
            41.845634,
            47.58614
          ],
          [
            41.845634,
            47.58614
          ],
          [
            41.845634,
            47.58614
          ],
          [
            41.845634,
            47.58614
          ],
          [
            41.845634,
            47.58614
          ],
          [
            41.845634,
            47.58614
          ],
          [
            41.845634,
            47.58614
          ],
          [
            41.845634,
            47.58614
          ],
          [
            41.845634,
            47.58614
          ],
          [
            41.845634,
            47.58614
          ],
          [
            41.845634,
            47.58614
          ],
          [
            41.845634,
            47.58614
          ],
          [
            41.845634,
            47.58614
          ],
          [
            41.845634,
            47.58614
          ],
          [
            41.845634,
            47.58614
          ],
          [
            41.845634,
            47.58614
          ],
          [
            41.845634,
            47.58614
          ],
          [
            41.845634,
            47.58614
          ],
          [
            41.845634,
            47.58614
          ],
          [
            41.845634,
            47.58614
          ],
          [
            41.845634,
            47.58614
          ],
          [
            41.845634,
            47.58614
          ],
          [
            41.845634,
            47.58614
          ],
          [
            41.845634,
            47.58614
          ],
          [
            41.845634,
            47.58614
          ],
          [
            41.845634,
            47.58614
          ],
          [
            41.845634,
            47.58614
          ],
          [
            41.845634,
            47.58614
          ],
          [
            41.845634,
            47.58614
          ],
          [
            41.845634,
            47.58614
          ],
          [
            41.845634,
            47.58614
          ],
          [
            41.845634,
            47.58614
          ],
          [
            41.845634,
            47.58614
          ],
          [
            41.845634,
            47.58614
          ],
          [
            41.845634,
            47.58614
          ],
          [
            41.845634,
            47.58614
          ],
          [
            41.845634,
            47.58614
          ],
          [
            41.845634,
            47.58614
          ],
          [
            41.845634,
            47.58614
          ],
          [
            41.845634,
            47.58614
          ],
          [
            41.845634,
            47.58614
          ],
          [
            41.845634,
            47.58614
          ],
          [
            41.845634,
            47.58614
          ],
          [
            41.845634,
            47.58614
          ],
          [
            41.845634,
            47.58614
          ],
          [
            41.845634,
            47.58614
          ],
          [
            41.845634,
            47.58614
          ],
          [
            42.353172,
            47.683258
          ],
          [
            42.346497,
            47.685085
          ]
        ]
      },
      "properties": {}
    },
    {
      "type": "Feature",
      "id": 890,
      "geometry": {
        "type": "Point",
        "coordinates": [
          42.15073,
          47.556541
        ]
      },
      "properties": {
        "time": "141669"
      }
    },
    {
      "type": "Feature",
      "id": 891,
      "geometry": {
        "type": "Point",
        "coordinates": [
          42.15073,
          47.556541
        ]
      },
      "properties": {
        "time": "141670"
      }
    },
    {
      "type": "Feature",
      "id": 892,
      "geometry": {
        "type": "Point",
        "coordinates": [
          42.15073,
          47.556541
        ]
      },
      "properties": {
        "time": "141671"
      }
    },
    {
      "type": "Feature",
      "id": 893,
      "geometry": {
        "type": "Point",
        "coordinates": [
          42.15073,
          47.556541
        ]
      },
      "properties": {
        "time": "141672"
      }
    },
    {
      "type": "Feature",
      "id": 894,
      "geometry": {
        "type": "Point",
        "coordinates": [
          42.15073,
          47.556541
        ]
      },
      "properties": {
        "time": "141673"
      }
    },
    {
      "type": "Feature",
      "id": 895,
      "geometry": {
        "type": "Point",
        "coordinates": [
          42.15073,
          47.556541
        ]
      },
      "properties": {
        "time": "141674"
      }
    },
    {
      "type": "Feature",
      "id": 896,
      "geometry": {
        "type": "Point",
        "coordinates": [
          42.15073,
          47.556541
        ]
      },
      "properties": {
        "time": "141675"
      }
    },
    {
      "type": "Feature",
      "id": 897,
      "geometry": {
        "type": "Point",
        "coordinates": [
          42.15073,
          47.556541
        ]
      },
      "properties": {
        "time": "141676"
      }
    },
    {
      "type": "Feature",
      "id": 898,
      "geometry": {
        "type": "Point",
        "coordinates": [
          42.15073,
          47.556541
        ]
      },
      "properties": {
        "time": "141677"
      }
    },
    {
      "type": "Feature",
      "id": 899,
      "geometry": {
        "type": "Point",
        "coordinates": [
          42.15073,
          47.556541
        ]
      },
      "properties": {
        "time": "141678"
      }
    },
    {
      "type": "Feature",
      "id": 900,
      "geometry": {
        "type": "Point",
        "coordinates": [
          42.15073,
          47.556541
        ]
      },
      "properties": {
        "time": "141679"
      }
    },
    {
      "type": "Feature",
      "id": 901,
      "geometry": {
        "type": "Point",
        "coordinates": [
          42.15073,
          47.556541
        ]
      },
      "properties": {
        "time": "141680"
      }
    },
    {
      "type": "Feature",
      "id": 902,
      "geometry": {
        "type": "Point",
        "coordinates": [
          42.15073,
          47.556541
        ]
      },
      "properties": {
        "time": "141681"
      }
    },
    {
      "type": "Feature",
      "id": 903,
      "geometry": {
        "type": "Point",
        "coordinates": [
          42.15073,
          47.556541
        ]
      },
      "properties": {
        "time": "141682"
      }
    },
    {
      "type": "Feature",
      "id": 904,
      "geometry": {
        "type": "Point",
        "coordinates": [
          42.15073,
          47.556541
        ]
      },
      "properties": {
        "time": "141683"
      }
    },
    {
      "type": "Feature",
      "id": 905,
      "geometry": {
        "type": "Point",
        "coordinates": [
          42.15073,
          47.556541
        ]
      },
      "properties": {
        "time": "141684"
      }
    },
    {
      "type": "Feature",
      "id": 906,
      "geometry": {
        "type": "Point",
        "coordinates": [
          42.15073,
          47.556541
        ]
      },
      "properties": {
        "time": "141685"
      }
    },
    {
      "type": "Feature",
      "id": 907,
      "geometry": {
        "type": "Point",
        "coordinates": [
          42.15073,
          47.556541
        ]
      },
      "properties": {
        "time": "141686"
      }
    },
    {
      "type": "Feature",
      "id": 908,
      "geometry": {
        "type": "Point",
        "coordinates": [
          42.15073,
          47.556541
        ]
      },
      "properties": {
        "time": "141687"
      }
    },
    {
      "type": "Feature",
      "id": 909,
      "geometry": {
        "type": "Point",
        "coordinates": [
          42.15073,
          47.556541
        ]
      },
      "properties": {
        "time": "141688"
      }
    },
    {
      "type": "Feature",
      "id": 910,
      "geometry": {
        "type": "Point",
        "coordinates": [
          42.15073,
          47.556541
        ]
      },
      "properties": {
        "time": "141689"
      }
    },
    {
      "type": "Feature",
      "id": 911,
      "geometry": {
        "type": "Point",
        "coordinates": [
          42.15073,
          47.556541
        ]
      },
      "properties": {
        "time": "141690"
      }
    },
    {
      "type": "Feature",
      "id": 912,
      "geometry": {
        "type": "Point",
        "coordinates": [
          42.15073,
          47.556541
        ]
      },
      "properties": {
        "time": "141691"
      }
    },
    {
      "type": "Feature",
      "id": 913,
      "geometry": {
        "type": "Point",
        "coordinates": [
          42.15073,
          47.556541
        ]
      },
      "properties": {
        "time": "141692"
      }
    },
    {
      "type": "Feature",
      "id": 914,
      "geometry": {
        "type": "Point",
        "coordinates": [
          42.15073,
          47.556541
        ]
      },
      "properties": {
        "time": "141693"
      }
    },
    {
      "type": "Feature",
      "id": 915,
      "geometry": {
        "type": "Point",
        "coordinates": [
          42.15073,
          47.556541
        ]
      },
      "properties": {
        "time": "141694"
      }
    },
    {
      "type": "Feature",
      "id": 916,
      "geometry": {
        "type": "Point",
        "coordinates": [
          42.15073,
          47.556541
        ]
      },
      "properties": {
        "time": "141695"
      }
    },
    {
      "type": "Feature",
      "id": 917,
      "geometry": {
        "type": "Point",
        "coordinates": [
          42.15073,
          47.556541
        ]
      },
      "properties": {
        "time": "141696"
      }
    },
    {
      "type": "Feature",
      "id": 918,
      "geometry": {
        "type": "Point",
        "coordinates": [
          42.15073,
          47.556541
        ]
      },
      "properties": {
        "time": "141697"
      }
    },
    {
      "type": "Feature",
      "id": 919,
      "geometry": {
        "type": "Point",
        "coordinates": [
          42.15073,
          47.556541
        ]
      },
      "properties": {
        "time": "141698"
      }
    },
    {
      "type": "Feature",
      "id": 920,
      "geometry": {
        "type": "Point",
        "coordinates": [
          42.15073,
          47.556541
        ]
      },
      "properties": {
        "time": "141699"
      }
    },
    {
      "type": "Feature",
      "id": 921,
      "geometry": {
        "type": "Point",
        "coordinates": [
          42.15073,
          47.556541
        ]
      },
      "properties": {
        "time": "141700"
      }
    },
    {
      "type": "Feature",
      "id": 922,
      "geometry": {
        "type": "Point",
        "coordinates": [
          42.15073,
          47.556541
        ]
      },
      "properties": {
        "time": "141701"
      }
    },
    {
      "type": "Feature",
      "id": 923,
      "geometry": {
        "type": "Point",
        "coordinates": [
          42.15073,
          47.556541
        ]
      },
      "properties": {
        "time": "141702"
      }
    },
    {
      "type": "Feature",
      "id": 924,
      "geometry": {
        "type": "Point",
        "coordinates": [
          42.15073,
          47.556541
        ]
      },
      "properties": {
        "time": "141703"
      }
    },
    {
      "type": "Feature",
      "id": 925,
      "geometry": {
        "type": "Point",
        "coordinates": [
          42.15073,
          47.556541
        ]
      },
      "properties": {
        "time": "141704"
      }
    },
    {
      "type": "Feature",
      "id": 926,
      "geometry": {
        "type": "Point",
        "coordinates": [
          42.15073,
          47.556541
        ]
      },
      "properties": {
        "time": "141705"
      }
    },
    {
      "type": "Feature",
      "id": 927,
      "geometry": {
        "type": "Point",
        "coordinates": [
          42.15073,
          47.556541
        ]
      },
      "properties": {
        "time": "141706"
      }
    },
    {
      "type": "Feature",
      "id": 928,
      "geometry": {
        "type": "Point",
        "coordinates": [
          42.15073,
          47.556541
        ]
      },
      "properties": {
        "time": "141707"
      }
    },
    {
      "type": "Feature",
      "id": 929,
      "geometry": {
        "type": "Point",
        "coordinates": [
          42.15073,
          47.556541
        ]
      },
      "properties": {
        "time": "141708"
      }
    },
    {
      "type": "Feature",
      "id": 930,
      "geometry": {
        "type": "Point",
        "coordinates": [
          42.15073,
          47.556541
        ]
      },
      "properties": {
        "time": "141709"
      }
    },
    {
      "type": "Feature",
      "id": 931,
      "geometry": {
        "type": "Point",
        "coordinates": [
          42.15073,
          47.556541
        ]
      },
      "properties": {
        "time": "141710"
      }
    },
    {
      "type": "Feature",
      "id": 932,
      "geometry": {
        "type": "Point",
        "coordinates": [
          42.15073,
          47.556541
        ]
      },
      "properties": {
        "time": "141711"
      }
    },
    {
      "type": "Feature",
      "id": 933,
      "geometry": {
        "type": "Point",
        "coordinates": [
          42.15073,
          47.556541
        ]
      },
      "properties": {
        "time": "141712"
      }
    },
    {
      "type": "Feature",
      "id": 934,
      "geometry": {
        "type": "Point",
        "coordinates": [
          42.15073,
          47.556541
        ]
      },
      "properties": {
        "time": "141713"
      }
    },
    {
      "type": "Feature",
      "id": 935,
      "geometry": {
        "type": "Point",
        "coordinates": [
          42.15073,
          47.556541
        ]
      },
      "properties": {
        "time": "141714"
      }
    },
    {
      "type": "Feature",
      "id": 936,
      "geometry": {
        "type": "Point",
        "coordinates": [
          42.15073,
          47.556541
        ]
      },
      "properties": {
        "time": "141715"
      }
    },
    {
      "type": "Feature",
      "id": 937,
      "geometry": {
        "type": "Point",
        "coordinates": [
          42.15073,
          47.556541
        ]
      },
      "properties": {
        "time": "141716"
      }
    },
    {
      "type": "Feature",
      "id": 938,
      "geometry": {
        "type": "Point",
        "coordinates": [
          42.15073,
          47.556541
        ]
      },
      "properties": {
        "time": "141717"
      }
    },
    {
      "type": "Feature",
      "id": 939,
      "geometry": {
        "type": "Point",
        "coordinates": [
          42.15073,
          47.556541
        ]
      },
      "properties": {
        "time": "141718"
      }
    },
    {
      "type": "Feature",
      "id": 940,
      "geometry": {
        "type": "Point",
        "coordinates": [
          42.15073,
          47.556541
        ]
      },
      "properties": {
        "time": "141719"
      }
    },
    {
      "type": "Feature",
      "id": 941,
      "geometry": {
        "type": "Point",
        "coordinates": [
          42.15073,
          47.556541
        ]
      },
      "properties": {
        "time": "141720"
      }
    },
    {
      "type": "Feature",
      "id": 942,
      "geometry": {
        "type": "Point",
        "coordinates": [
          42.15073,
          47.556541
        ]
      },
      "properties": {
        "time": "141721"
      }
    },
    {
      "type": "Feature",
      "id": 943,
      "geometry": {
        "type": "Point",
        "coordinates": [
          42.15073,
          47.556541
        ]
      },
      "properties": {
        "time": "141722"
      }
    },
    {
      "type": "Feature",
      "id": 944,
      "geometry": {
        "type": "Point",
        "coordinates": [
          42.15073,
          47.556541
        ]
      },
      "properties": {
        "time": "141723"
      }
    },
    {
      "type": "Feature",
      "id": 945,
      "geometry": {
        "type": "Point",
        "coordinates": [
          42.15073,
          47.556541
        ]
      },
      "properties": {
        "time": "141724"
      }
    },
    {
      "type": "Feature",
      "id": 946,
      "geometry": {
        "type": "Point",
        "coordinates": [
          42.15073,
          47.556541
        ]
      },
      "properties": {
        "time": "141725"
      }
    },
    {
      "type": "Feature",
      "id": 947,
      "geometry": {
        "type": "Point",
        "coordinates": [
          42.15073,
          47.556541
        ]
      },
      "properties": {
        "time": "141726"
      }
    },
    {
      "type": "Feature",
      "id": 948,
      "geometry": {
        "type": "Point",
        "coordinates": [
          42.15073,
          47.556541
        ]
      },
      "properties": {
        "time": "141727"
      }
    },
    {
      "type": "Feature",
      "id": 949,
      "geometry": {
        "type": "Point",
        "coordinates": [
          42.15073,
          47.556541
        ]
      },
      "properties": {
        "time": "141728"
      }
    },
    {
      "type": "Feature",
      "id": 950,
      "geometry": {
        "type": "Point",
        "coordinates": [
          42.15073,
          47.556541
        ]
      },
      "properties": {
        "time": "141729"
      }
    },
    {
      "type": "Feature",
      "id": 951,
      "geometry": {
        "type": "Point",
        "coordinates": [
          42.15073,
          47.556541
        ]
      },
      "properties": {
        "time": "141730"
      }
    },
    {
      "type": "Feature",
      "id": 952,
      "geometry": {
        "type": "Point",
        "coordinates": [
          42.15073,
          47.556541
        ]
      },
      "properties": {
        "time": "141731"
      }
    },
    {
      "type": "Feature",
      "id": 953,
      "geometry": {
        "type": "Point",
        "coordinates": [
          42.15073,
          47.556541
        ]
      },
      "properties": {
        "time": "141732"
      }
    },
    {
      "type": "Feature",
      "id": 954,
      "geometry": {
        "type": "Point",
        "coordinates": [
          42.15073,
          47.556541
        ]
      },
      "properties": {
        "time": "141733"
      }
    },
    {
      "type": "Feature",
      "id": 955,
      "geometry": {
        "type": "Point",
        "coordinates": [
          42.15073,
          47.556541
        ]
      },
      "properties": {
        "time": "141734"
      }
    },
    {
      "type": "Feature",
      "id": 956,
      "geometry": {
        "type": "Point",
        "coordinates": [
          42.15073,
          47.556541
        ]
      },
      "properties": {
        "time": "141735"
      }
    },
    {
      "type": "Feature",
      "id": 957,
      "geometry": {
        "type": "Point",
        "coordinates": [
          42.15073,
          47.556541
        ]
      },
      "properties": {
        "time": "141736"
      }
    },
    {
      "type": "Feature",
      "id": 958,
      "geometry": {
        "type": "Point",
        "coordinates": [
          42.15073,
          47.556541
        ]
      },
      "properties": {
        "time": "141737"
      }
    },
    {
      "type": "Feature",
      "id": 959,
      "geometry": {
        "type": "Point",
        "coordinates": [
          42.15073,
          47.556541
        ]
      },
      "properties": {
        "time": "141738"
      }
    },
    {
      "type": "Feature",
      "id": 960,
      "geometry": {
        "type": "Point",
        "coordinates": [
          42.15073,
          47.556541
        ]
      },
      "properties": {
        "time": "141739"
      }
    },
    {
      "type": "Feature",
      "id": 961,
      "geometry": {
        "type": "Point",
        "coordinates": [
          42.15073,
          47.556541
        ]
      },
      "properties": {
        "time": "141740"
      }
    },
    {
      "type": "Feature",
      "id": 962,
      "geometry": {
        "type": "Point",
        "coordinates": [
          42.15073,
          47.556541
        ]
      },
      "properties": {
        "time": "141741"
      }
    },
    {
      "type": "Feature",
      "id": 963,
      "geometry": {
        "type": "Point",
        "coordinates": [
          42.15073,
          47.556541
        ]
      },
      "properties": {
        "time": "141742"
      }
    },
    {
      "type": "Feature",
      "id": 964,
      "geometry": {
        "type": "Point",
        "coordinates": [
          42.15073,
          47.556541
        ]
      },
      "properties": {
        "time": "141743"
      }
    },
    {
      "type": "Feature",
      "id": 965,
      "geometry": {
        "type": "Point",
        "coordinates": [
          42.15073,
          47.556541
        ]
      },
      "properties": {
        "time": "141744"
      }
    },
    {
      "type": "Feature",
      "id": 966,
      "geometry": {
        "type": "Point",
        "coordinates": [
          42.15073,
          47.556541
        ]
      },
      "properties": {
        "time": "141745"
      }
    },
    {
      "type": "Feature",
      "id": 967,
      "geometry": {
        "type": "Point",
        "coordinates": [
          42.15073,
          47.556541
        ]
      },
      "properties": {
        "time": "141746"
      }
    },
    {
      "type": "Feature",
      "id": 968,
      "geometry": {
        "type": "Point",
        "coordinates": [
          42.15073,
          47.556541
        ]
      },
      "properties": {
        "time": "141747"
      }
    },
    {
      "type": "Feature",
      "id": 969,
      "geometry": {
        "type": "Point",
        "coordinates": [
          42.15073,
          47.556541
        ]
      },
      "properties": {
        "time": "141748"
      }
    },
    {
      "type": "Feature",
      "id": 970,
      "geometry": {
        "type": "Point",
        "coordinates": [
          42.15073,
          47.556541
        ]
      },
      "properties": {
        "time": "141749"
      }
    },
    {
      "type": "Feature",
      "id": 971,
      "geometry": {
        "type": "Point",
        "coordinates": [
          42.15073,
          47.556541
        ]
      },
      "properties": {
        "time": "141750"
      }
    },
    {
      "type": "Feature",
      "id": 972,
      "geometry": {
        "type": "Point",
        "coordinates": [
          42.15073,
          47.556541
        ]
      },
      "properties": {
        "time": "141751"
      }
    },
    {
      "type": "Feature",
      "id": 973,
      "geometry": {
        "type": "Point",
        "coordinates": [
          42.15073,
          47.556541
        ]
      },
      "properties": {
        "time": "141752"
      }
    },
    {
      "type": "Feature",
      "id": 974,
      "geometry": {
        "type": "Point",
        "coordinates": [
          42.15073,
          47.556541
        ]
      },
      "properties": {
        "time": "141753"
      }
    },
    {
      "type": "Feature",
      "id": 975,
      "geometry": {
        "type": "Point",
        "coordinates": [
          42.15073,
          47.556541
        ]
      },
      "properties": {
        "time": "141754"
      }
    },
    {
      "type": "Feature",
      "id": 976,
      "geometry": {
        "type": "Point",
        "coordinates": [
          42.15073,
          47.556541
        ]
      },
      "properties": {
        "time": "141755"
      }
    },
    {
      "type": "Feature",
      "id": 977,
      "geometry": {
        "type": "Point",
        "coordinates": [
          42.15073,
          47.556541
        ]
      },
      "properties": {
        "time": "141756"
      }
    },
    {
      "type": "Feature",
      "id": 978,
      "geometry": {
        "type": "Point",
        "coordinates": [
          42.15073,
          47.556541
        ]
      },
      "properties": {
        "time": "141757"
      }
    },
    {
      "type": "Feature",
      "id": 979,
      "geometry": {
        "type": "Point",
        "coordinates": [
          42.15073,
          47.556541
        ]
      },
      "properties": {
        "time": "141758"
      }
    },
    {
      "type": "Feature",
      "id": 980,
      "geometry": {
        "type": "Point",
        "coordinates": [
          42.15073,
          47.556541
        ]
      },
      "properties": {
        "time": "141759"
      }
    },
    {
      "type": "Feature",
      "id": 981,
      "geometry": {
        "type": "Point",
        "coordinates": [
          42.15073,
          47.556541
        ]
      },
      "properties": {
        "time": "141760"
      }
    },
    {
      "type": "Feature",
      "id": 982,
      "geometry": {
        "type": "Point",
        "coordinates": [
          42.15073,
          47.556541
        ]
      },
      "properties": {
        "time": "141761"
      }
    },
    {
      "type": "Feature",
      "id": 983,
      "geometry": {
        "type": "Point",
        "coordinates": [
          42.15073,
          47.556541
        ]
      },
      "properties": {
        "time": "141762"
      }
    },
    {
      "type": "Feature",
      "id": 984,
      "geometry": {
        "type": "Point",
        "coordinates": [
          42.15073,
          47.556541
        ]
      },
      "properties": {
        "time": "141763"
      }
    },
    {
      "type": "Feature",
      "id": 985,
      "geometry": {
        "type": "Point",
        "coordinates": [
          42.15073,
          47.556541
        ]
      },
      "properties": {
        "time": "141764"
      }
    },
    {
      "type": "Feature",
      "id": 986,
      "geometry": {
        "type": "Point",
        "coordinates": [
          42.15073,
          47.556541
        ]
      },
      "properties": {
        "time": "141765"
      }
    },
    {
      "type": "Feature",
      "id": 987,
      "geometry": {
        "type": "Point",
        "coordinates": [
          42.15073,
          47.556541
        ]
      },
      "properties": {
        "time": "141766"
      }
    },
    {
      "type": "Feature",
      "id": 988,
      "geometry": {
        "type": "Point",
        "coordinates": [
          42.15073,
          47.556541
        ]
      },
      "properties": {
        "time": "141767"
      }
    },
    {
      "type": "Feature",
      "id": 989,
      "geometry": {
        "type": "Point",
        "coordinates": [
          42.15073,
          47.556541
        ]
      },
      "properties": {
        "time": "141768"
      }
    },
    {
      "type": "Feature",
      "id": 990,
      "geometry": {
        "type": "Point",
        "coordinates": [
          42.15073,
          47.556541
        ]
      },
      "properties": {
        "time": "141769"
      }
    },
    {
      "type": "Feature",
      "id": 991,
      "geometry": {
        "type": "Point",
        "coordinates": [
          42.15073,
          47.556541
        ]
      },
      "properties": {
        "time": "141770"
      }
    },
    {
      "type": "Feature",
      "id": 992,
      "geometry": {
        "type": "Point",
        "coordinates": [
          42.15073,
          47.556541
        ]
      },
      "properties": {
        "time": "141771"
      }
    },
    {
      "type": "Feature",
      "id": 993,
      "geometry": {
        "type": "Point",
        "coordinates": [
          42.15073,
          47.556541
        ]
      },
      "properties": {
        "time": "141772"
      }
    },
    {
      "type": "Feature",
      "id": 994,
      "geometry": {
        "type": "Point",
        "coordinates": [
          42.15073,
          47.556541
        ]
      },
      "properties": {
        "time": "141773"
      }
    },
    {
      "type": "Feature",
      "id": 995,
      "geometry": {
        "type": "Point",
        "coordinates": [
          42.15073,
          47.556541
        ]
      },
      "properties": {
        "time": "141774"
      }
    },
    {
      "type": "Feature",
      "id": 996,
      "geometry": {
        "type": "Point",
        "coordinates": [
          42.15073,
          47.556541
        ]
      },
      "properties": {
        "time": "141775"
      }
    },
    {
      "type": "Feature",
      "id": 997,
      "geometry": {
        "type": "Point",
        "coordinates": [
          42.15073,
          47.556541
        ]
      },
      "properties": {
        "time": "141776"
      }
    },
    {
      "type": "Feature",
      "id": 998,
      "geometry": {
        "type": "Point",
        "coordinates": [
          42.15073,
          47.556541
        ]
      },
      "properties": {
        "time": "141777"
      }
    },
    {
      "type": "Feature",
      "id": 999,
      "geometry": {
        "type": "Point",
        "coordinates": [
          42.15073,
          47.556541
        ]
      },
      "properties": {
        "time": "141778"
      }
    },
    {
      "type": "Feature",
      "id": 1000,
      "geometry": {
        "type": "Point",
        "coordinates": [
          42.15073,
          47.556541
        ]
      },
      "properties": {
        "time": "141779"
      }
    },
    {
      "type": "Feature",
      "id": 1001,
      "geometry": {
        "type": "Point",
        "coordinates": [
          42.15073,
          47.556541
        ]
      },
      "properties": {
        "time": "141780"
      }
    },
    {
      "type": "Feature",
      "id": 1002,
      "geometry": {
        "type": "Point",
        "coordinates": [
          42.15073,
          47.556541
        ]
      },
      "properties": {
        "time": "141781"
      }
    },
    {
      "type": "Feature",
      "id": 1003,
      "geometry": {
        "type": "Point",
        "coordinates": [
          42.15073,
          47.556541
        ]
      },
      "properties": {
        "time": "141782"
      }
    },
    {
      "type": "Feature",
      "id": 1004,
      "geometry": {
        "type": "Point",
        "coordinates": [
          42.15073,
          47.556541
        ]
      },
      "properties": {
        "time": "141783"
      }
    },
    {
      "type": "Feature",
      "id": 1005,
      "geometry": {
        "type": "Point",
        "coordinates": [
          42.15073,
          47.556541
        ]
      },
      "properties": {
        "time": "141784"
      }
    },
    {
      "type": "Feature",
      "id": 1006,
      "geometry": {
        "type": "Point",
        "coordinates": [
          42.15073,
          47.556541
        ]
      },
      "properties": {
        "time": "141785"
      }
    },
    {
      "type": "Feature",
      "id": 1007,
      "geometry": {
        "type": "Point",
        "coordinates": [
          42.15073,
          47.556541
        ]
      },
      "properties": {
        "time": "141786"
      }
    },
    {
      "type": "Feature",
      "id": 1008,
      "geometry": {
        "type": "Point",
        "coordinates": [
          42.15073,
          47.556541
        ]
      },
      "properties": {
        "time": "141787"
      }
    },
    {
      "type": "Feature",
      "id": 1009,
      "geometry": {
        "type": "Point",
        "coordinates": [
          42.15073,
          47.556541
        ]
      },
      "properties": {
        "time": "141788"
      }
    },
    {
      "type": "Feature",
      "id": 1010,
      "geometry": {
        "type": "Point",
        "coordinates": [
          42.15073,
          47.556541
        ]
      },
      "properties": {
        "time": "141789"
      }
    },
    {
      "type": "Feature",
      "id": 1011,
      "geometry": {
        "type": "Point",
        "coordinates": [
          42.15073,
          47.556541
        ]
      },
      "properties": {
        "time": "141790"
      }
    },
    {
      "type": "Feature",
      "id": 1012,
      "geometry": {
        "type": "Point",
        "coordinates": [
          42.15073,
          47.556541
        ]
      },
      "properties": {
        "time": "141791"
      }
    },
    {
      "type": "Feature",
      "id": 1013,
      "geometry": {
        "type": "Point",
        "coordinates": [
          42.15073,
          47.556541
        ]
      },
      "properties": {
        "time": "141792"
      }
    },
    {
      "type": "Feature",
      "id": 1014,
      "geometry": {
        "type": "Point",
        "coordinates": [
          42.15073,
          47.556541
        ]
      },
      "properties": {
        "time": "141793"
      }
    },
    {
      "type": "Feature",
      "id": 1015,
      "geometry": {
        "type": "Point",
        "coordinates": [
          42.15073,
          47.556541
        ]
      },
      "properties": {
        "time": "141794"
      }
    },
    {
      "type": "Feature",
      "id": 1016,
      "geometry": {
        "type": "Point",
        "coordinates": [
          42.15073,
          47.556541
        ]
      },
      "properties": {
        "time": "141795"
      }
    },
    {
      "type": "Feature",
      "id": 1017,
      "geometry": {
        "type": "Point",
        "coordinates": [
          42.15073,
          47.556541
        ]
      },
      "properties": {
        "time": "141796"
      }
    },
    {
      "type": "Feature",
      "id": 1018,
      "geometry": {
        "type": "Point",
        "coordinates": [
          42.15073,
          47.556541
        ]
      },
      "properties": {
        "time": "141797"
      }
    },
    {
      "type": "Feature",
      "id": 1019,
      "geometry": {
        "type": "Point",
        "coordinates": [
          42.15073,
          47.556541
        ]
      },
      "properties": {
        "time": "141798"
      }
    },
    {
      "type": "Feature",
      "id": 1020,
      "geometry": {
        "type": "Point",
        "coordinates": [
          42.15073,
          47.556541
        ]
      },
      "properties": {
        "time": "141799"
      }
    },
    {
      "type": "Feature",
      "id": 1021,
      "geometry": {
        "type": "Point",
        "coordinates": [
          42.15073,
          47.556541
        ]
      },
      "properties": {
        "time": "141800"
      }
    },
    {
      "type": "Feature",
      "id": 1022,
      "geometry": {
        "type": "Point",
        "coordinates": [
          42.15073,
          47.556541
        ]
      },
      "properties": {
        "time": "141801"
      }
    },
    {
      "type": "Feature",
      "id": 1023,
      "geometry": {
        "type": "Point",
        "coordinates": [
          42.15073,
          47.556541
        ]
      },
      "properties": {
        "time": "141802"
      }
    },
    {
      "type": "Feature",
      "id": 1024,
      "geometry": {
        "type": "Point",
        "coordinates": [
          42.15073,
          47.556541
        ]
      },
      "properties": {
        "time": "141803"
      }
    },
    {
      "type": "Feature",
      "id": 1025,
      "geometry": {
        "type": "Point",
        "coordinates": [
          42.15073,
          47.556541
        ]
      },
      "properties": {
        "time": "141804"
      }
    },
    {
      "type": "Feature",
      "id": 1026,
      "geometry": {
        "type": "Point",
        "coordinates": [
          42.15073,
          47.556541
        ]
      },
      "properties": {
        "time": "141805"
      }
    },
    {
      "type": "Feature",
      "id": 1027,
      "geometry": {
        "type": "Point",
        "coordinates": [
          42.15073,
          47.556541
        ]
      },
      "properties": {
        "time": "141806"
      }
    },
    {
      "type": "Feature",
      "id": 1028,
      "geometry": {
        "type": "Point",
        "coordinates": [
          42.15073,
          47.556541
        ]
      },
      "properties": {
        "time": "141807"
      }
    },
    {
      "type": "Feature",
      "id": 1029,
      "geometry": {
        "type": "Point",
        "coordinates": [
          42.15073,
          47.556541
        ]
      },
      "properties": {
        "time": "141808"
      }
    },
    {
      "type": "Feature",
      "id": 1030,
      "geometry": {
        "type": "Point",
        "coordinates": [
          42.15073,
          47.556541
        ]
      },
      "properties": {
        "time": "141809"
      }
    },
    {
      "type": "Feature",
      "id": 1031,
      "geometry": {
        "type": "Point",
        "coordinates": [
          42.15073,
          47.556541
        ]
      },
      "properties": {
        "time": "141810"
      }
    },
    {
      "type": "Feature",
      "id": 1032,
      "geometry": {
        "type": "Point",
        "coordinates": [
          42.15073,
          47.556541
        ]
      },
      "properties": {
        "time": "141811"
      }
    },
    {
      "type": "Feature",
      "id": 1033,
      "geometry": {
        "type": "Point",
        "coordinates": [
          42.15073,
          47.556541
        ]
      },
      "properties": {
        "time": "141812"
      }
    },
    {
      "type": "Feature",
      "id": 1034,
      "geometry": {
        "type": "Point",
        "coordinates": [
          42.15073,
          47.556541
        ]
      },
      "properties": {
        "time": "141813"
      }
    },
    {
      "type": "Feature",
      "id": 1035,
      "geometry": {
        "type": "Point",
        "coordinates": [
          42.15073,
          47.556541
        ]
      },
      "properties": {
        "time": "141814"
      }
    },
    {
      "type": "Feature",
      "id": 1036,
      "geometry": {
        "type": "Point",
        "coordinates": [
          42.15073,
          47.556541
        ]
      },
      "properties": {
        "time": "141815"
      }
    },
    {
      "type": "Feature",
      "id": 1037,
      "geometry": {
        "type": "Point",
        "coordinates": [
          42.15073,
          47.556541
        ]
      },
      "properties": {
        "time": "141816"
      }
    },
    {
      "type": "Feature",
      "id": 1038,
      "geometry": {
        "type": "Point",
        "coordinates": [
          42.15073,
          47.556541
        ]
      },
      "properties": {
        "time": "141817"
      }
    },
    {
      "type": "Feature",
      "id": 1039,
      "geometry": {
        "type": "Point",
        "coordinates": [
          42.15073,
          47.556541
        ]
      },
      "properties": {
        "time": "141818"
      }
    },
    {
      "type": "Feature",
      "id": 1040,
      "geometry": {
        "type": "Point",
        "coordinates": [
          41.845634,
          47.58614
        ]
      },
      "properties": {
        "time": "141939"
      }
    },
    {
      "type": "Feature",
      "id": 1041,
      "geometry": {
        "type": "Point",
        "coordinates": [
          41.845634,
          47.58614
        ]
      },
      "properties": {
        "time": "141940"
      }
    },
    {
      "type": "Feature",
      "id": 1042,
      "geometry": {
        "type": "Point",
        "coordinates": [
          41.845634,
          47.58614
        ]
      },
      "properties": {
        "time": "141941"
      }
    },
    {
      "type": "Feature",
      "id": 1043,
      "geometry": {
        "type": "Point",
        "coordinates": [
          41.845634,
          47.58614
        ]
      },
      "properties": {
        "time": "141942"
      }
    },
    {
      "type": "Feature",
      "id": 1044,
      "geometry": {
        "type": "Point",
        "coordinates": [
          41.845634,
          47.58614
        ]
      },
      "properties": {
        "time": "141943"
      }
    },
    {
      "type": "Feature",
      "id": 1045,
      "geometry": {
        "type": "Point",
        "coordinates": [
          41.845634,
          47.58614
        ]
      },
      "properties": {
        "time": "141944"
      }
    },
    {
      "type": "Feature",
      "id": 1046,
      "geometry": {
        "type": "Point",
        "coordinates": [
          41.845634,
          47.58614
        ]
      },
      "properties": {
        "time": "141945"
      }
    },
    {
      "type": "Feature",
      "id": 1047,
      "geometry": {
        "type": "Point",
        "coordinates": [
          41.845634,
          47.58614
        ]
      },
      "properties": {
        "time": "141946"
      }
    },
    {
      "type": "Feature",
      "id": 1048,
      "geometry": {
        "type": "Point",
        "coordinates": [
          41.845634,
          47.58614
        ]
      },
      "properties": {
        "time": "141947"
      }
    },
    {
      "type": "Feature",
      "id": 1049,
      "geometry": {
        "type": "Point",
        "coordinates": [
          41.845634,
          47.58614
        ]
      },
      "properties": {
        "time": "141948"
      }
    },
    {
      "type": "Feature",
      "id": 1050,
      "geometry": {
        "type": "Point",
        "coordinates": [
          41.845634,
          47.58614
        ]
      },
      "properties": {
        "time": "141949"
      }
    },
    {
      "type": "Feature",
      "id": 1051,
      "geometry": {
        "type": "Point",
        "coordinates": [
          41.845634,
          47.58614
        ]
      },
      "properties": {
        "time": "141950"
      }
    },
    {
      "type": "Feature",
      "id": 1052,
      "geometry": {
        "type": "Point",
        "coordinates": [
          41.845634,
          47.58614
        ]
      },
      "properties": {
        "time": "141951"
      }
    },
    {
      "type": "Feature",
      "id": 1053,
      "geometry": {
        "type": "Point",
        "coordinates": [
          41.845634,
          47.58614
        ]
      },
      "properties": {
        "time": "141952"
      }
    },
    {
      "type": "Feature",
      "id": 1054,
      "geometry": {
        "type": "Point",
        "coordinates": [
          41.845634,
          47.58614
        ]
      },
      "properties": {
        "time": "141953"
      }
    },
    {
      "type": "Feature",
      "id": 1055,
      "geometry": {
        "type": "Point",
        "coordinates": [
          41.845634,
          47.58614
        ]
      },
      "properties": {
        "time": "141954"
      }
    },
    {
      "type": "Feature",
      "id": 1056,
      "geometry": {
        "type": "Point",
        "coordinates": [
          41.845634,
          47.58614
        ]
      },
      "properties": {
        "time": "141955"
      }
    },
    {
      "type": "Feature",
      "id": 1057,
      "geometry": {
        "type": "Point",
        "coordinates": [
          41.845634,
          47.58614
        ]
      },
      "properties": {
        "time": "141956"
      }
    },
    {
      "type": "Feature",
      "id": 1058,
      "geometry": {
        "type": "Point",
        "coordinates": [
          41.845634,
          47.58614
        ]
      },
      "properties": {
        "time": "141957"
      }
    },
    {
      "type": "Feature",
      "id": 1059,
      "geometry": {
        "type": "Point",
        "coordinates": [
          41.845634,
          47.58614
        ]
      },
      "properties": {
        "time": "141958"
      }
    },
    {
      "type": "Feature",
      "id": 1060,
      "geometry": {
        "type": "Point",
        "coordinates": [
          41.845634,
          47.58614
        ]
      },
      "properties": {
        "time": "141959"
      }
    },
    {
      "type": "Feature",
      "id": 1061,
      "geometry": {
        "type": "Point",
        "coordinates": [
          41.845634,
          47.58614
        ]
      },
      "properties": {
        "time": "141960"
      }
    },
    {
      "type": "Feature",
      "id": 1062,
      "geometry": {
        "type": "Point",
        "coordinates": [
          41.845634,
          47.58614
        ]
      },
      "properties": {
        "time": "141961"
      }
    },
    {
      "type": "Feature",
      "id": 1063,
      "geometry": {
        "type": "Point",
        "coordinates": [
          41.845634,
          47.58614
        ]
      },
      "properties": {
        "time": "141962"
      }
    },
    {
      "type": "Feature",
      "id": 1064,
      "geometry": {
        "type": "Point",
        "coordinates": [
          41.845634,
          47.58614
        ]
      },
      "properties": {
        "time": "141963"
      }
    },
    {
      "type": "Feature",
      "id": 1065,
      "geometry": {
        "type": "Point",
        "coordinates": [
          41.845634,
          47.58614
        ]
      },
      "properties": {
        "time": "141964"
      }
    },
    {
      "type": "Feature",
      "id": 1066,
      "geometry": {
        "type": "Point",
        "coordinates": [
          41.845634,
          47.58614
        ]
      },
      "properties": {
        "time": "141965"
      }
    },
    {
      "type": "Feature",
      "id": 1067,
      "geometry": {
        "type": "Point",
        "coordinates": [
          41.845634,
          47.58614
        ]
      },
      "properties": {
        "time": "141966"
      }
    },
    {
      "type": "Feature",
      "id": 1068,
      "geometry": {
        "type": "Point",
        "coordinates": [
          41.845634,
          47.58614
        ]
      },
      "properties": {
        "time": "141967"
      }
    },
    {
      "type": "Feature",
      "id": 1069,
      "geometry": {
        "type": "Point",
        "coordinates": [
          41.845634,
          47.58614
        ]
      },
      "properties": {
        "time": "141968"
      }
    },
    {
      "type": "Feature",
      "id": 1070,
      "geometry": {
        "type": "Point",
        "coordinates": [
          41.845634,
          47.58614
        ]
      },
      "properties": {
        "time": "141969"
      }
    },
    {
      "type": "Feature",
      "id": 1071,
      "geometry": {
        "type": "Point",
        "coordinates": [
          41.845634,
          47.58614
        ]
      },
      "properties": {
        "time": "141970"
      }
    },
    {
      "type": "Feature",
      "id": 1072,
      "geometry": {
        "type": "Point",
        "coordinates": [
          41.845634,
          47.58614
        ]
      },
      "properties": {
        "time": "141971"
      }
    },
    {
      "type": "Feature",
      "id": 1073,
      "geometry": {
        "type": "Point",
        "coordinates": [
          41.845634,
          47.58614
        ]
      },
      "properties": {
        "time": "141972"
      }
    },
    {
      "type": "Feature",
      "id": 1074,
      "geometry": {
        "type": "Point",
        "coordinates": [
          41.845634,
          47.58614
        ]
      },
      "properties": {
        "time": "141973"
      }
    },
    {
      "type": "Feature",
      "id": 1075,
      "geometry": {
        "type": "Point",
        "coordinates": [
          41.845634,
          47.58614
        ]
      },
      "properties": {
        "time": "141974"
      }
    },
    {
      "type": "Feature",
      "id": 1076,
      "geometry": {
        "type": "Point",
        "coordinates": [
          41.845634,
          47.58614
        ]
      },
      "properties": {
        "time": "141975"
      }
    },
    {
      "type": "Feature",
      "id": 1077,
      "geometry": {
        "type": "Point",
        "coordinates": [
          41.845634,
          47.58614
        ]
      },
      "properties": {
        "time": "141976"
      }
    },
    {
      "type": "Feature",
      "id": 1078,
      "geometry": {
        "type": "Point",
        "coordinates": [
          41.845634,
          47.58614
        ]
      },
      "properties": {
        "time": "141977"
      }
    },
    {
      "type": "Feature",
      "id": 1079,
      "geometry": {
        "type": "Point",
        "coordinates": [
          41.845634,
          47.58614
        ]
      },
      "properties": {
        "time": "141978"
      }
    },
    {
      "type": "Feature",
      "id": 1080,
      "geometry": {
        "type": "Point",
        "coordinates": [
          41.845634,
          47.58614
        ]
      },
      "properties": {
        "time": "141979"
      }
    },
    {
      "type": "Feature",
      "id": 1081,
      "geometry": {
        "type": "Point",
        "coordinates": [
          41.845634,
          47.58614
        ]
      },
      "properties": {
        "time": "141980"
      }
    },
    {
      "type": "Feature",
      "id": 1082,
      "geometry": {
        "type": "Point",
        "coordinates": [
          41.845634,
          47.58614
        ]
      },
      "properties": {
        "time": "141981"
      }
    },
    {
      "type": "Feature",
      "id": 1083,
      "geometry": {
        "type": "Point",
        "coordinates": [
          41.845634,
          47.58614
        ]
      },
      "properties": {
        "time": "141982"
      }
    },
    {
      "type": "Feature",
      "id": 1084,
      "geometry": {
        "type": "Point",
        "coordinates": [
          41.845634,
          47.58614
        ]
      },
      "properties": {
        "time": "141983"
      }
    },
    {
      "type": "Feature",
      "id": 1085,
      "geometry": {
        "type": "Point",
        "coordinates": [
          41.845634,
          47.58614
        ]
      },
      "properties": {
        "time": "141984"
      }
    },
    {
      "type": "Feature",
      "id": 1086,
      "geometry": {
        "type": "Point",
        "coordinates": [
          41.845634,
          47.58614
        ]
      },
      "properties": {
        "time": "141985"
      }
    },
    {
      "type": "Feature",
      "id": 1087,
      "geometry": {
        "type": "Point",
        "coordinates": [
          41.845634,
          47.58614
        ]
      },
      "properties": {
        "time": "141986"
      }
    },
    {
      "type": "Feature",
      "id": 1088,
      "geometry": {
        "type": "Point",
        "coordinates": [
          41.845634,
          47.58614
        ]
      },
      "properties": {
        "time": "141987"
      }
    },
    {
      "type": "Feature",
      "id": 1089,
      "geometry": {
        "type": "Point",
        "coordinates": [
          41.845634,
          47.58614
        ]
      },
      "properties": {
        "time": "141988"
      }
    },
    {
      "type": "Feature",
      "id": 1090,
      "geometry": {
        "type": "Point",
        "coordinates": [
          41.845634,
          47.58614
        ]
      },
      "properties": {
        "time": "141989"
      }
    },
    {
      "type": "Feature",
      "id": 1091,
      "geometry": {
        "type": "Point",
        "coordinates": [
          41.845634,
          47.58614
        ]
      },
      "properties": {
        "time": "141990"
      }
    },
    {
      "type": "Feature",
      "id": 1092,
      "geometry": {
        "type": "Point",
        "coordinates": [
          41.845634,
          47.58614
        ]
      },
      "properties": {
        "time": "141991"
      }
    },
    {
      "type": "Feature",
      "id": 1093,
      "geometry": {
        "type": "Point",
        "coordinates": [
          41.845634,
          47.58614
        ]
      },
      "properties": {
        "time": "141992"
      }
    },
    {
      "type": "Feature",
      "id": 1094,
      "geometry": {
        "type": "Point",
        "coordinates": [
          41.845634,
          47.58614
        ]
      },
      "properties": {
        "time": "141993"
      }
    },
    {
      "type": "Feature",
      "id": 1095,
      "geometry": {
        "type": "Point",
        "coordinates": [
          41.845634,
          47.58614
        ]
      },
      "properties": {
        "time": "141994"
      }
    },
    {
      "type": "Feature",
      "id": 1096,
      "geometry": {
        "type": "Point",
        "coordinates": [
          41.845634,
          47.58614
        ]
      },
      "properties": {
        "time": "141995"
      }
    },
    {
      "type": "Feature",
      "id": 1097,
      "geometry": {
        "type": "Point",
        "coordinates": [
          41.845634,
          47.58614
        ]
      },
      "properties": {
        "time": "141996"
      }
    },
    {
      "type": "Feature",
      "id": 1098,
      "geometry": {
        "type": "Point",
        "coordinates": [
          41.845634,
          47.58614
        ]
      },
      "properties": {
        "time": "141997"
      }
    },
    {
      "type": "Feature",
      "id": 1099,
      "geometry": {
        "type": "Point",
        "coordinates": [
          41.845634,
          47.58614
        ]
      },
      "properties": {
        "time": "141998"
      }
    },
    {
      "type": "Feature",
      "id": 1100,
      "geometry": {
        "type": "Point",
        "coordinates": [
          41.845634,
          47.58614
        ]
      },
      "properties": {
        "time": "141999"
      }
    },
    {
      "type": "Feature",
      "id": 1101,
      "geometry": {
        "type": "Point",
        "coordinates": [
          41.845634,
          47.58614
        ]
      },
      "properties": {
        "time": "142000"
      }
    },
    {
      "type": "Feature",
      "id": 1102,
      "geometry": {
        "type": "Point",
        "coordinates": [
          41.845634,
          47.58614
        ]
      },
      "properties": {
        "time": "142001"
      }
    },
    {
      "type": "Feature",
      "id": 1103,
      "geometry": {
        "type": "Point",
        "coordinates": [
          41.845634,
          47.58614
        ]
      },
      "properties": {
        "time": "142002"
      }
    },
    {
      "type": "Feature",
      "id": 1104,
      "geometry": {
        "type": "Point",
        "coordinates": [
          41.845634,
          47.58614
        ]
      },
      "properties": {
        "time": "142003"
      }
    },
    {
      "type": "Feature",
      "id": 1105,
      "geometry": {
        "type": "Point",
        "coordinates": [
          41.845634,
          47.58614
        ]
      },
      "properties": {
        "time": "142004"
      }
    },
    {
      "type": "Feature",
      "id": 1106,
      "geometry": {
        "type": "Point",
        "coordinates": [
          41.845634,
          47.58614
        ]
      },
      "properties": {
        "time": "142005"
      }
    },
    {
      "type": "Feature",
      "id": 1107,
      "geometry": {
        "type": "Point",
        "coordinates": [
          41.845634,
          47.58614
        ]
      },
      "properties": {
        "time": "142006"
      }
    },
    {
      "type": "Feature",
      "id": 1108,
      "geometry": {
        "type": "Point",
        "coordinates": [
          41.845634,
          47.58614
        ]
      },
      "properties": {
        "time": "142007"
      }
    },
    {
      "type": "Feature",
      "id": 1109,
      "geometry": {
        "type": "Point",
        "coordinates": [
          41.845634,
          47.58614
        ]
      },
      "properties": {
        "time": "142008"
      }
    },
    {
      "type": "Feature",
      "id": 1110,
      "geometry": {
        "type": "Point",
        "coordinates": [
          41.845634,
          47.58614
        ]
      },
      "properties": {
        "time": "142009"
      }
    },
    {
      "type": "Feature",
      "id": 1111,
      "geometry": {
        "type": "Point",
        "coordinates": [
          41.845634,
          47.58614
        ]
      },
      "properties": {
        "time": "142010"
      }
    },
    {
      "type": "Feature",
      "id": 1112,
      "geometry": {
        "type": "Point",
        "coordinates": [
          41.845634,
          47.58614
        ]
      },
      "properties": {
        "time": "142011"
      }
    },
    {
      "type": "Feature",
      "id": 1113,
      "geometry": {
        "type": "Point",
        "coordinates": [
          41.845634,
          47.58614
        ]
      },
      "properties": {
        "time": "142012"
      }
    },
    {
      "type": "Feature",
      "id": 1114,
      "geometry": {
        "type": "Point",
        "coordinates": [
          41.845634,
          47.58614
        ]
      },
      "properties": {
        "time": "142013"
      }
    },
    {
      "type": "Feature",
      "id": 1115,
      "geometry": {
        "type": "Point",
        "coordinates": [
          41.845634,
          47.58614
        ]
      },
      "properties": {
        "time": "142014"
      }
    },
    {
      "type": "Feature",
      "id": 1116,
      "geometry": {
        "type": "Point",
        "coordinates": [
          41.845634,
          47.58614
        ]
      },
      "properties": {
        "time": "142015"
      }
    },
    {
      "type": "Feature",
      "id": 1117,
      "geometry": {
        "type": "Point",
        "coordinates": [
          41.845634,
          47.58614
        ]
      },
      "properties": {
        "time": "142016"
      }
    },
    {
      "type": "Feature",
      "id": 1118,
      "geometry": {
        "type": "Point",
        "coordinates": [
          41.845634,
          47.58614
        ]
      },
      "properties": {
        "time": "142017"
      }
    },
    {
      "type": "Feature",
      "id": 1119,
      "geometry": {
        "type": "Point",
        "coordinates": [
          41.845634,
          47.58614
        ]
      },
      "properties": {
        "time": "142018"
      }
    },
    {
      "type": "Feature",
      "id": 1120,
      "geometry": {
        "type": "Point",
        "coordinates": [
          41.845634,
          47.58614
        ]
      },
      "properties": {
        "time": "142019"
      }
    },
    {
      "type": "Feature",
      "id": 1121,
      "geometry": {
        "type": "Point",
        "coordinates": [
          41.845634,
          47.58614
        ]
      },
      "properties": {
        "time": "142020"
      }
    },
    {
      "type": "Feature",
      "id": 1122,
      "geometry": {
        "type": "Point",
        "coordinates": [
          41.845634,
          47.58614
        ]
      },
      "properties": {
        "time": "142021"
      }
    },
    {
      "type": "Feature",
      "id": 1123,
      "geometry": {
        "type": "Point",
        "coordinates": [
          41.845634,
          47.58614
        ]
      },
      "properties": {
        "time": "142022"
      }
    },
    {
      "type": "Feature",
      "id": 1124,
      "geometry": {
        "type": "Point",
        "coordinates": [
          41.845634,
          47.58614
        ]
      },
      "properties": {
        "time": "142023"
      }
    },
    {
      "type": "Feature",
      "id": 1125,
      "geometry": {
        "type": "Point",
        "coordinates": [
          41.845634,
          47.58614
        ]
      },
      "properties": {
        "time": "142024"
      }
    },
    {
      "type": "Feature",
      "id": 1126,
      "geometry": {
        "type": "Point",
        "coordinates": [
          41.845634,
          47.58614
        ]
      },
      "properties": {
        "time": "142025"
      }
    },
    {
      "type": "Feature",
      "id": 1127,
      "geometry": {
        "type": "Point",
        "coordinates": [
          41.845634,
          47.58614
        ]
      },
      "properties": {
        "time": "142026"
      }
    },
    {
      "type": "Feature",
      "id": 1128,
      "geometry": {
        "type": "Point",
        "coordinates": [
          41.845634,
          47.58614
        ]
      },
      "properties": {
        "time": "142027"
      }
    },
    {
      "type": "Feature",
      "id": 1129,
      "geometry": {
        "type": "Point",
        "coordinates": [
          41.845634,
          47.58614
        ]
      },
      "properties": {
        "time": "142028"
      }
    },
    {
      "type": "Feature",
      "id": 1130,
      "geometry": {
        "type": "Point",
        "coordinates": [
          41.845634,
          47.58614
        ]
      },
      "properties": {
        "time": "142029"
      }
    },
    {
      "type": "Feature",
      "id": 1131,
      "geometry": {
        "type": "Point",
        "coordinates": [
          41.845634,
          47.58614
        ]
      },
      "properties": {
        "time": "142030"
      }
    },
    {
      "type": "Feature",
      "id": 1132,
      "geometry": {
        "type": "Point",
        "coordinates": [
          41.845634,
          47.58614
        ]
      },
      "properties": {
        "time": "142031"
      }
    },
    {
      "type": "Feature",
      "id": 1133,
      "geometry": {
        "type": "Point",
        "coordinates": [
          41.845634,
          47.58614
        ]
      },
      "properties": {
        "time": "142032"
      }
    },
    {
      "type": "Feature",
      "id": 1134,
      "geometry": {
        "type": "Point",
        "coordinates": [
          41.845634,
          47.58614
        ]
      },
      "properties": {
        "time": "142033"
      }
    },
    {
      "type": "Feature",
      "id": 1135,
      "geometry": {
        "type": "Point",
        "coordinates": [
          41.845634,
          47.58614
        ]
      },
      "properties": {
        "time": "142034"
      }
    },
    {
      "type": "Feature",
      "id": 1136,
      "geometry": {
        "type": "Point",
        "coordinates": [
          41.845634,
          47.58614
        ]
      },
      "properties": {
        "time": "142035"
      }
    },
    {
      "type": "Feature",
      "id": 1137,
      "geometry": {
        "type": "Point",
        "coordinates": [
          41.845634,
          47.58614
        ]
      },
      "properties": {
        "time": "142036"
      }
    },
    {
      "type": "Feature",
      "id": 1138,
      "geometry": {
        "type": "Point",
        "coordinates": [
          41.845634,
          47.58614
        ]
      },
      "properties": {
        "time": "142037"
      }
    },
    {
      "type": "Feature",
      "id": 1139,
      "geometry": {
        "type": "Point",
        "coordinates": [
          41.845634,
          47.58614
        ]
      },
      "properties": {
        "time": "142038"
      }
    },
    {
      "type": "Feature",
      "id": 1140,
      "geometry": {
        "type": "Point",
        "coordinates": [
          41.845634,
          47.58614
        ]
      },
      "properties": {
        "time": "142039"
      }
    },
    {
      "type": "Feature",
      "id": 1141,
      "geometry": {
        "type": "Point",
        "coordinates": [
          41.845634,
          47.58614
        ]
      },
      "properties": {
        "time": "142040"
      }
    },
    {
      "type": "Feature",
      "id": 1142,
      "geometry": {
        "type": "Point",
        "coordinates": [
          41.845634,
          47.58614
        ]
      },
      "properties": {
        "time": "142041"
      }
    },
    {
      "type": "Feature",
      "id": 1143,
      "geometry": {
        "type": "Point",
        "coordinates": [
          41.845634,
          47.58614
        ]
      },
      "properties": {
        "time": "142042"
      }
    },
    {
      "type": "Feature",
      "id": 1144,
      "geometry": {
        "type": "Point",
        "coordinates": [
          41.845634,
          47.58614
        ]
      },
      "properties": {
        "time": "142043"
      }
    },
    {
      "type": "Feature",
      "id": 1145,
      "geometry": {
        "type": "Point",
        "coordinates": [
          41.845634,
          47.58614
        ]
      },
      "properties": {
        "time": "142044"
      }
    },
    {
      "type": "Feature",
      "id": 1146,
      "geometry": {
        "type": "Point",
        "coordinates": [
          41.845634,
          47.58614
        ]
      },
      "properties": {
        "time": "142045"
      }
    },
    {
      "type": "Feature",
      "id": 1147,
      "geometry": {
        "type": "Point",
        "coordinates": [
          41.845634,
          47.58614
        ]
      },
      "properties": {
        "time": "142046"
      }
    },
    {
      "type": "Feature",
      "id": 1148,
      "geometry": {
        "type": "Point",
        "coordinates": [
          41.845634,
          47.58614
        ]
      },
      "properties": {
        "time": "142047"
      }
    },
    {
      "type": "Feature",
      "id": 1149,
      "geometry": {
        "type": "Point",
        "coordinates": [
          41.845634,
          47.58614
        ]
      },
      "properties": {
        "time": "142048"
      }
    },
    {
      "type": "Feature",
      "id": 1150,
      "geometry": {
        "type": "Point",
        "coordinates": [
          41.845634,
          47.58614
        ]
      },
      "properties": {
        "time": "142049"
      }
    },
    {
      "type": "Feature",
      "id": 1151,
      "geometry": {
        "type": "Point",
        "coordinates": [
          41.845634,
          47.58614
        ]
      },
      "properties": {
        "time": "142050"
      }
    },
    {
      "type": "Feature",
      "id": 1152,
      "geometry": {
        "type": "Point",
        "coordinates": [
          41.845634,
          47.58614
        ]
      },
      "properties": {
        "time": "142051"
      }
    },
    {
      "type": "Feature",
      "id": 1153,
      "geometry": {
        "type": "Point",
        "coordinates": [
          41.845634,
          47.58614
        ]
      },
      "properties": {
        "time": "142052"
      }
    },
    {
      "type": "Feature",
      "id": 1154,
      "geometry": {
        "type": "Point",
        "coordinates": [
          41.845634,
          47.58614
        ]
      },
      "properties": {
        "time": "142053"
      }
    },
    {
      "type": "Feature",
      "id": 1155,
      "geometry": {
        "type": "Point",
        "coordinates": [
          41.845634,
          47.58614
        ]
      },
      "properties": {
        "time": "142054"
      }
    },
    {
      "type": "Feature",
      "id": 1156,
      "geometry": {
        "type": "Point",
        "coordinates": [
          41.845634,
          47.58614
        ]
      },
      "properties": {
        "time": "142055"
      }
    },
    {
      "type": "Feature",
      "id": 1157,
      "geometry": {
        "type": "Point",
        "coordinates": [
          41.845634,
          47.58614
        ]
      },
      "properties": {
        "time": "142056"
      }
    },
    {
      "type": "Feature",
      "id": 1158,
      "geometry": {
        "type": "Point",
        "coordinates": [
          41.845634,
          47.58614
        ]
      },
      "properties": {
        "time": "142057"
      }
    },
    {
      "type": "Feature",
      "id": 1159,
      "geometry": {
        "type": "Point",
        "coordinates": [
          41.845634,
          47.58614
        ]
      },
      "properties": {
        "time": "142058"
      }
    },
    {
      "type": "Feature",
      "id": 1160,
      "geometry": {
        "type": "Point",
        "coordinates": [
          41.845634,
          47.58614
        ]
      },
      "properties": {
        "time": "142059"
      }
    },
    {
      "type": "Feature",
      "id": 1161,
      "geometry": {
        "type": "Point",
        "coordinates": [
          41.845634,
          47.58614
        ]
      },
      "properties": {
        "time": "142060"
      }
    },
    {
      "type": "Feature",
      "id": 1162,
      "geometry": {
        "type": "Point",
        "coordinates": [
          41.845634,
          47.58614
        ]
      },
      "properties": {
        "time": "142061"
      }
    },
    {
      "type": "Feature",
      "id": 1163,
      "geometry": {
        "type": "Point",
        "coordinates": [
          41.845634,
          47.58614
        ]
      },
      "properties": {
        "time": "142062"
      }
    },
    {
      "type": "Feature",
      "id": 1164,
      "geometry": {
        "type": "Point",
        "coordinates": [
          41.845634,
          47.58614
        ]
      },
      "properties": {
        "time": "142063"
      }
    },
    {
      "type": "Feature",
      "id": 1165,
      "geometry": {
        "type": "Point",
        "coordinates": [
          41.845634,
          47.58614
        ]
      },
      "properties": {
        "time": "142064"
      }
    },
    {
      "type": "Feature",
      "id": 1166,
      "geometry": {
        "type": "Point",
        "coordinates": [
          41.845634,
          47.58614
        ]
      },
      "properties": {
        "time": "142065"
      }
    },
    {
      "type": "Feature",
      "id": 1167,
      "geometry": {
        "type": "Point",
        "coordinates": [
          41.845634,
          47.58614
        ]
      },
      "properties": {
        "time": "142066"
      }
    },
    {
      "type": "Feature",
      "id": 1168,
      "geometry": {
        "type": "Point",
        "coordinates": [
          41.845634,
          47.58614
        ]
      },
      "properties": {
        "time": "142067"
      }
    },
    {
      "type": "Feature",
      "id": 1169,
      "geometry": {
        "type": "Point",
        "coordinates": [
          41.845634,
          47.58614
        ]
      },
      "properties": {
        "time": "142068"
      }
    },
    {
      "type": "Feature",
      "id": 1170,
      "geometry": {
        "type": "Point",
        "coordinates": [
          41.845634,
          47.58614
        ]
      },
      "properties": {
        "time": "142069"
      }
    },
    {
      "type": "Feature",
      "id": 1171,
      "geometry": {
        "type": "Point",
        "coordinates": [
          41.845634,
          47.58614
        ]
      },
      "properties": {
        "time": "142070"
      }
    },
    {
      "type": "Feature",
      "id": 1172,
      "geometry": {
        "type": "Point",
        "coordinates": [
          41.845634,
          47.58614
        ]
      },
      "properties": {
        "time": "142071"
      }
    },
    {
      "type": "Feature",
      "id": 1173,
      "geometry": {
        "type": "Point",
        "coordinates": [
          41.845634,
          47.58614
        ]
      },
      "properties": {
        "time": "142072"
      }
    },
    {
      "type": "Feature",
      "id": 1174,
      "geometry": {
        "type": "Point",
        "coordinates": [
          41.845634,
          47.58614
        ]
      },
      "properties": {
        "time": "142073"
      }
    },
    {
      "type": "Feature",
      "id": 1175,
      "geometry": {
        "type": "Point",
        "coordinates": [
          41.845634,
          47.58614
        ]
      },
      "properties": {
        "time": "142074"
      }
    },
    {
      "type": "Feature",
      "id": 1176,
      "geometry": {
        "type": "Point",
        "coordinates": [
          41.845634,
          47.58614
        ]
      },
      "properties": {
        "time": "142075"
      }
    },
    {
      "type": "Feature",
      "id": 1177,
      "geometry": {
        "type": "Point",
        "coordinates": [
          41.845634,
          47.58614
        ]
      },
      "properties": {
        "time": "142076"
      }
    },
    {
      "type": "Feature",
      "id": 1178,
      "geometry": {
        "type": "Point",
        "coordinates": [
          41.845634,
          47.58614
        ]
      },
      "properties": {
        "time": "142077"
      }
    },
    {
      "type": "Feature",
      "id": 1179,
      "geometry": {
        "type": "Point",
        "coordinates": [
          41.845634,
          47.58614
        ]
      },
      "properties": {
        "time": "142078"
      }
    },
    {
      "type": "Feature",
      "id": 1180,
      "geometry": {
        "type": "Point",
        "coordinates": [
          41.845634,
          47.58614
        ]
      },
      "properties": {
        "time": "142079"
      }
    },
    {
      "type": "Feature",
      "id": 1181,
      "geometry": {
        "type": "Point",
        "coordinates": [
          41.845634,
          47.58614
        ]
      },
      "properties": {
        "time": "142080"
      }
    },
    {
      "type": "Feature",
      "id": 1182,
      "geometry": {
        "type": "Point",
        "coordinates": [
          41.845634,
          47.58614
        ]
      },
      "properties": {
        "time": "142081"
      }
    },
    {
      "type": "Feature",
      "id": 1183,
      "geometry": {
        "type": "Point",
        "coordinates": [
          41.845634,
          47.58614
        ]
      },
      "properties": {
        "time": "142082"
      }
    },
    {
      "type": "Feature",
      "id": 1184,
      "geometry": {
        "type": "Point",
        "coordinates": [
          41.845634,
          47.58614
        ]
      },
      "properties": {
        "time": "142083"
      }
    },
    {
      "type": "Feature",
      "id": 1185,
      "geometry": {
        "type": "Point",
        "coordinates": [
          41.845634,
          47.58614
        ]
      },
      "properties": {
        "time": "142084"
      }
    },
    {
      "type": "Feature",
      "id": 1186,
      "geometry": {
        "type": "Point",
        "coordinates": [
          41.845634,
          47.58614
        ]
      },
      "properties": {
        "time": "142085"
      }
    },
    {
      "type": "Feature",
      "id": 1187,
      "geometry": {
        "type": "Point",
        "coordinates": [
          41.845634,
          47.58614
        ]
      },
      "properties": {
        "time": "142086"
      }
    },
    {
      "type": "Feature",
      "id": 1188,
      "geometry": {
        "type": "Point",
        "coordinates": [
          41.845634,
          47.58614
        ]
      },
      "properties": {
        "time": "142087"
      }
    },
    {
      "type": "Feature",
      "id": 1189,
      "geometry": {
        "type": "Point",
        "coordinates": [
          41.845634,
          47.58614
        ]
      },
      "properties": {
        "time": "142088"
      }
    },
    {
      "type": "Feature",
      "id": 1190,
      "geometry": {
        "type": "Point",
        "coordinates": [
          41.845634,
          47.58614
        ]
      },
      "properties": {
        "time": "142089"
      }
    },
    {
      "type": "Feature",
      "id": 1191,
      "geometry": {
        "type": "Point",
        "coordinates": [
          41.845634,
          47.58614
        ]
      },
      "properties": {
        "time": "142090"
      }
    },
    {
      "type": "Feature",
      "id": 1192,
      "geometry": {
        "type": "Point",
        "coordinates": [
          41.845634,
          47.58614
        ]
      },
      "properties": {
        "time": "142091"
      }
    },
    {
      "type": "Feature",
      "id": 1193,
      "geometry": {
        "type": "Point",
        "coordinates": [
          41.845634,
          47.58614
        ]
      },
      "properties": {
        "time": "142092"
      }
    },
    {
      "type": "Feature",
      "id": 1194,
      "geometry": {
        "type": "Point",
        "coordinates": [
          41.845634,
          47.58614
        ]
      },
      "properties": {
        "time": "142093"
      }
    },
    {
      "type": "Feature",
      "id": 1195,
      "geometry": {
        "type": "Point",
        "coordinates": [
          41.845634,
          47.58614
        ]
      },
      "properties": {
        "time": "142094"
      }
    },
    {
      "type": "Feature",
      "id": 1196,
      "geometry": {
        "type": "Point",
        "coordinates": [
          41.845634,
          47.58614
        ]
      },
      "properties": {
        "time": "142095"
      }
    },
    {
      "type": "Feature",
      "id": 1197,
      "geometry": {
        "type": "Point",
        "coordinates": [
          41.845634,
          47.58614
        ]
      },
      "properties": {
        "time": "142096"
      }
    },
    {
      "type": "Feature",
      "id": 1198,
      "geometry": {
        "type": "Point",
        "coordinates": [
          41.845634,
          47.58614
        ]
      },
      "properties": {
        "time": "142097"
      }
    },
    {
      "type": "Feature",
      "id": 1199,
      "geometry": {
        "type": "Point",
        "coordinates": [
          41.845634,
          47.58614
        ]
      },
      "properties": {
        "time": "142098"
      }
    },
    {
      "type": "Feature",
      "id": 1200,
      "geometry": {
        "type": "Point",
        "coordinates": [
          41.845634,
          47.58614
        ]
      },
      "properties": {
        "time": "142099"
      }
    },
    {
      "type": "Feature",
      "id": 1201,
      "geometry": {
        "type": "Point",
        "coordinates": [
          41.845634,
          47.58614
        ]
      },
      "properties": {
        "time": "142100"
      }
    },
    {
      "type": "Feature",
      "id": 1202,
      "geometry": {
        "type": "Point",
        "coordinates": [
          41.845634,
          47.58614
        ]
      },
      "properties": {
        "time": "142101"
      }
    },
    {
      "type": "Feature",
      "id": 1203,
      "geometry": {
        "type": "Point",
        "coordinates": [
          41.845634,
          47.58614
        ]
      },
      "properties": {
        "time": "142102"
      }
    },
    {
      "type": "Feature",
      "id": 1204,
      "geometry": {
        "type": "Point",
        "coordinates": [
          41.845634,
          47.58614
        ]
      },
      "properties": {
        "time": "142103"
      }
    },
    {
      "type": "Feature",
      "id": 1205,
      "geometry": {
        "type": "Point",
        "coordinates": [
          41.845634,
          47.58614
        ]
      },
      "properties": {
        "time": "142104"
      }
    },
    {
      "type": "Feature",
      "id": 1206,
      "geometry": {
        "type": "Point",
        "coordinates": [
          41.845634,
          47.58614
        ]
      },
      "properties": {
        "time": "142105"
      }
    },
    {
      "type": "Feature",
      "id": 1207,
      "geometry": {
        "type": "Point",
        "coordinates": [
          41.845634,
          47.58614
        ]
      },
      "properties": {
        "time": "142106"
      }
    },
    {
      "type": "Feature",
      "id": 1208,
      "geometry": {
        "type": "Point",
        "coordinates": [
          41.845634,
          47.58614
        ]
      },
      "properties": {
        "time": "142107"
      }
    },
    {
      "type": "Feature",
      "id": 1209,
      "geometry": {
        "type": "Point",
        "coordinates": [
          41.845634,
          47.58614
        ]
      },
      "properties": {
        "time": "142108"
      }
    },
    {
      "type": "Feature",
      "id": 1210,
      "geometry": {
        "type": "Point",
        "coordinates": [
          41.845634,
          47.58614
        ]
      },
      "properties": {
        "time": "142109"
      }
    },
    {
      "type": "Feature",
      "id": 1211,
      "geometry": {
        "type": "Point",
        "coordinates": [
          41.845634,
          47.58614
        ]
      },
      "properties": {
        "time": "142110"
      }
    },
    {
      "type": "Feature",
      "id": 1212,
      "geometry": {
        "type": "Point",
        "coordinates": [
          41.845634,
          47.58614
        ]
      },
      "properties": {
        "time": "142111"
      }
    },
    {
      "type": "Feature",
      "id": 1213,
      "geometry": {
        "type": "Point",
        "coordinates": [
          41.845634,
          47.58614
        ]
      },
      "properties": {
        "time": "142112"
      }
    },
    {
      "type": "Feature",
      "id": 1214,
      "geometry": {
        "type": "Point",
        "coordinates": [
          41.845634,
          47.58614
        ]
      },
      "properties": {
        "time": "142113"
      }
    },
    {
      "type": "Feature",
      "id": 1215,
      "geometry": {
        "type": "Point",
        "coordinates": [
          41.845634,
          47.58614
        ]
      },
      "properties": {
        "time": "142114"
      }
    },
    {
      "type": "Feature",
      "id": 1216,
      "geometry": {
        "type": "Point",
        "coordinates": [
          41.845634,
          47.58614
        ]
      },
      "properties": {
        "time": "142115"
      }
    },
    {
      "type": "Feature",
      "id": 1217,
      "geometry": {
        "type": "Point",
        "coordinates": [
          41.845634,
          47.58614
        ]
      },
      "properties": {
        "time": "142116"
      }
    },
    {
      "type": "Feature",
      "id": 1218,
      "geometry": {
        "type": "Point",
        "coordinates": [
          41.845634,
          47.58614
        ]
      },
      "properties": {
        "time": "142117"
      }
    },
    {
      "type": "Feature",
      "id": 1219,
      "geometry": {
        "type": "Point",
        "coordinates": [
          41.845634,
          47.58614
        ]
      },
      "properties": {
        "time": "142118"
      }
    },
    {
      "type": "Feature",
      "id": 1220,
      "geometry": {
        "type": "Point",
        "coordinates": [
          41.845634,
          47.58614
        ]
      },
      "properties": {
        "time": "142119"
      }
    },
    {
      "type": "Feature",
      "id": 1221,
      "geometry": {
        "type": "Point",
        "coordinates": [
          41.845634,
          47.58614
        ]
      },
      "properties": {
        "time": "142120"
      }
    },
    {
      "type": "Feature",
      "id": 1222,
      "geometry": {
        "type": "Point",
        "coordinates": [
          41.845634,
          47.58614
        ]
      },
      "properties": {
        "time": "142121"
      }
    },
    {
      "type": "Feature",
      "id": 1223,
      "geometry": {
        "type": "Point",
        "coordinates": [
          41.845634,
          47.58614
        ]
      },
      "properties": {
        "time": "142122"
      }
    },
    {
      "type": "Feature",
      "id": 1224,
      "geometry": {
        "type": "Point",
        "coordinates": [
          41.845634,
          47.58614
        ]
      },
      "properties": {
        "time": "142123"
      }
    },
    {
      "type": "Feature",
      "id": 1225,
      "geometry": {
        "type": "Point",
        "coordinates": [
          41.845634,
          47.58614
        ]
      },
      "properties": {
        "time": "142124"
      }
    },
    {
      "type": "Feature",
      "id": 1226,
      "geometry": {
        "type": "Point",
        "coordinates": [
          41.845634,
          47.58614
        ]
      },
      "properties": {
        "time": "142125"
      }
    },
    {
      "type": "Feature",
      "id": 1227,
      "geometry": {
        "type": "Point",
        "coordinates": [
          41.845634,
          47.58614
        ]
      },
      "properties": {
        "time": "142126"
      }
    },
    {
      "type": "Feature",
      "id": 1228,
      "geometry": {
        "type": "Point",
        "coordinates": [
          41.845634,
          47.58614
        ]
      },
      "properties": {
        "time": "142127"
      }
    },
    {
      "type": "Feature",
      "id": 1229,
      "geometry": {
        "type": "Point",
        "coordinates": [
          41.845634,
          47.58614
        ]
      },
      "properties": {
        "time": "142128"
      }
    },
    {
      "type": "Feature",
      "id": 1230,
      "geometry": {
        "type": "Point",
        "coordinates": [
          41.845634,
          47.58614
        ]
      },
      "properties": {
        "time": "142129"
      }
    },
    {
      "type": "Feature",
      "id": 1231,
      "geometry": {
        "type": "Point",
        "coordinates": [
          41.845634,
          47.58614
        ]
      },
      "properties": {
        "time": "142130"
      }
    },
    {
      "type": "Feature",
      "id": 1232,
      "geometry": {
        "type": "Point",
        "coordinates": [
          41.845634,
          47.58614
        ]
      },
      "properties": {
        "time": "142131"
      }
    },
    {
      "type": "Feature",
      "id": 1233,
      "geometry": {
        "type": "Point",
        "coordinates": [
          41.845634,
          47.58614
        ]
      },
      "properties": {
        "time": "142132"
      }
    },
    {
      "type": "Feature",
      "id": 1234,
      "geometry": {
        "type": "Point",
        "coordinates": [
          41.845634,
          47.58614
        ]
      },
      "properties": {
        "time": "142133"
      }
    },
    {
      "type": "Feature",
      "id": 1235,
      "geometry": {
        "type": "Point",
        "coordinates": [
          41.845634,
          47.58614
        ]
      },
      "properties": {
        "time": "142134"
      }
    },
    {
      "type": "Feature",
      "id": 1236,
      "geometry": {
        "type": "Point",
        "coordinates": [
          41.845634,
          47.58614
        ]
      },
      "properties": {
        "time": "142135"
      }
    },
    {
      "type": "Feature",
      "id": 1237,
      "geometry": {
        "type": "Point",
        "coordinates": [
          41.845634,
          47.58614
        ]
      },
      "properties": {
        "time": "142136"
      }
    },
    {
      "type": "Feature",
      "id": 1238,
      "geometry": {
        "type": "Point",
        "coordinates": [
          41.845634,
          47.58614
        ]
      },
      "properties": {
        "time": "142137"
      }
    },
    {
      "type": "Feature",
      "id": 1239,
      "geometry": {
        "type": "Point",
        "coordinates": [
          41.845634,
          47.58614
        ]
      },
      "properties": {
        "time": "142138"
      }
    },
    {
      "type": "Feature",
      "id": 1240,
      "geometry": {
        "type": "Point",
        "coordinates": [
          41.845634,
          47.58614
        ]
      },
      "properties": {
        "time": "142139"
      }
    },
    {
      "type": "Feature",
      "id": 1241,
      "geometry": {
        "type": "Point",
        "coordinates": [
          41.845634,
          47.58614
        ]
      },
      "properties": {
        "time": "142140"
      }
    },
    {
      "type": "Feature",
      "id": 1242,
      "geometry": {
        "type": "Point",
        "coordinates": [
          41.845634,
          47.58614
        ]
      },
      "properties": {
        "time": "142141"
      }
    },
    {
      "type": "Feature",
      "id": 1243,
      "geometry": {
        "type": "Point",
        "coordinates": [
          41.845634,
          47.58614
        ]
      },
      "properties": {
        "time": "142142"
      }
    },
    {
      "type": "Feature",
      "id": 1244,
      "geometry": {
        "type": "Point",
        "coordinates": [
          41.845634,
          47.58614
        ]
      },
      "properties": {
        "time": "142143"
      }
    },
    {
      "type": "Feature",
      "id": 1245,
      "geometry": {
        "type": "Point",
        "coordinates": [
          41.845634,
          47.58614
        ]
      },
      "properties": {
        "time": "142144"
      }
    },
    {
      "type": "Feature",
      "id": 1246,
      "geometry": {
        "type": "Point",
        "coordinates": [
          41.845634,
          47.58614
        ]
      },
      "properties": {
        "time": "142145"
      }
    },
    {
      "type": "Feature",
      "id": 1247,
      "geometry": {
        "type": "Point",
        "coordinates": [
          41.845634,
          47.58614
        ]
      },
      "properties": {
        "time": "142146"
      }
    },
    {
      "type": "Feature",
      "id": 1248,
      "geometry": {
        "type": "Point",
        "coordinates": [
          41.845634,
          47.58614
        ]
      },
      "properties": {
        "time": "142147"
      }
    },
    {
      "type": "Feature",
      "id": 1249,
      "geometry": {
        "type": "Point",
        "coordinates": [
          41.845634,
          47.58614
        ]
      },
      "properties": {
        "time": "142148"
      }
    },
    {
      "type": "Feature",
      "id": 1250,
      "geometry": {
        "type": "Point",
        "coordinates": [
          41.845634,
          47.58614
        ]
      },
      "properties": {
        "time": "142149"
      }
    },
    {
      "type": "Feature",
      "id": 1251,
      "geometry": {
        "type": "Point",
        "coordinates": [
          41.845634,
          47.58614
        ]
      },
      "properties": {
        "time": "142150"
      }
    },
    {
      "type": "Feature",
      "id": 1252,
      "geometry": {
        "type": "Point",
        "coordinates": [
          41.845634,
          47.58614
        ]
      },
      "properties": {
        "time": "142151"
      }
    },
    {
      "type": "Feature",
      "id": 1253,
      "geometry": {
        "type": "Point",
        "coordinates": [
          41.845634,
          47.58614
        ]
      },
      "properties": {
        "time": "142152"
      }
    },
    {
      "type": "Feature",
      "id": 1254,
      "geometry": {
        "type": "Point",
        "coordinates": [
          41.845634,
          47.58614
        ]
      },
      "properties": {
        "time": "142153"
      }
    },
    {
      "type": "Feature",
      "id": 1255,
      "geometry": {
        "type": "Point",
        "coordinates": [
          41.845634,
          47.58614
        ]
      },
      "properties": {
        "time": "142154"
      }
    },
    {
      "type": "Feature",
      "id": 1256,
      "geometry": {
        "type": "Point",
        "coordinates": [
          41.845634,
          47.58614
        ]
      },
      "properties": {
        "time": "142155"
      }
    },
    {
      "type": "Feature",
      "id": 1257,
      "geometry": {
        "type": "Point",
        "coordinates": [
          41.845634,
          47.58614
        ]
      },
      "properties": {
        "time": "142156"
      }
    },
    {
      "type": "Feature",
      "id": 1258,
      "geometry": {
        "type": "Point",
        "coordinates": [
          41.845634,
          47.58614
        ]
      },
      "properties": {
        "time": "142157"
      }
    },
    {
      "type": "Feature",
      "id": 1259,
      "geometry": {
        "type": "Point",
        "coordinates": [
          41.845634,
          47.58614
        ]
      },
      "properties": {
        "time": "142158"
      }
    },
    {
      "type": "Feature",
      "id": 1260,
      "geometry": {
        "type": "Point",
        "coordinates": [
          41.845634,
          47.58614
        ]
      },
      "properties": {
        "time": "142159"
      }
    },
    {
      "type": "Feature",
      "id": 1261,
      "geometry": {
        "type": "Point",
        "coordinates": [
          41.845634,
          47.58614
        ]
      },
      "properties": {
        "time": "142160"
      }
    },
    {
      "type": "Feature",
      "id": 1262,
      "geometry": {
        "type": "Point",
        "coordinates": [
          41.845634,
          47.58614
        ]
      },
      "properties": {
        "time": "142161"
      }
    },
    {
      "type": "Feature",
      "id": 1263,
      "geometry": {
        "type": "Point",
        "coordinates": [
          41.845634,
          47.58614
        ]
      },
      "properties": {
        "time": "142162"
      }
    },
    {
      "type": "Feature",
      "id": 1264,
      "geometry": {
        "type": "Point",
        "coordinates": [
          41.845634,
          47.58614
        ]
      },
      "properties": {
        "time": "142163"
      }
    },
    {
      "type": "Feature",
      "id": 1265,
      "geometry": {
        "type": "Point",
        "coordinates": [
          41.845634,
          47.58614
        ]
      },
      "properties": {
        "time": "142164"
      }
    },
    {
      "type": "Feature",
      "id": 1266,
      "geometry": {
        "type": "Point",
        "coordinates": [
          41.845634,
          47.58614
        ]
      },
      "properties": {
        "time": "142165"
      }
    },
    {
      "type": "Feature",
      "id": 1267,
      "geometry": {
        "type": "Point",
        "coordinates": [
          41.845634,
          47.58614
        ]
      },
      "properties": {
        "time": "142166"
      }
    },
    {
      "type": "Feature",
      "id": 1268,
      "geometry": {
        "type": "Point",
        "coordinates": [
          41.845634,
          47.58614
        ]
      },
      "properties": {
        "time": "142167"
      }
    },
    {
      "type": "Feature",
      "id": 1269,
      "geometry": {
        "type": "Point",
        "coordinates": [
          41.845634,
          47.58614
        ]
      },
      "properties": {
        "time": "142168"
      }
    },
    {
      "type": "Feature",
      "id": 1270,
      "geometry": {
        "type": "Point",
        "coordinates": [
          41.845634,
          47.58614
        ]
      },
      "properties": {
        "time": "142169"
      }
    },
    {
      "type": "Feature",
      "id": 1271,
      "geometry": {
        "type": "Point",
        "coordinates": [
          41.845634,
          47.58614
        ]
      },
      "properties": {
        "time": "142170"
      }
    },
    {
      "type": "Feature",
      "id": 1272,
      "geometry": {
        "type": "Point",
        "coordinates": [
          41.845634,
          47.58614
        ]
      },
      "properties": {
        "time": "142171"
      }
    },
    {
      "type": "Feature",
      "id": 1273,
      "geometry": {
        "type": "Point",
        "coordinates": [
          41.845634,
          47.58614
        ]
      },
      "properties": {
        "time": "142172"
      }
    },
    {
      "type": "Feature",
      "id": 1274,
      "geometry": {
        "type": "Point",
        "coordinates": [
          41.845634,
          47.58614
        ]
      },
      "properties": {
        "time": "142173"
      }
    },
    {
      "type": "Feature",
      "id": 1275,
      "geometry": {
        "type": "Point",
        "coordinates": [
          41.845634,
          47.58614
        ]
      },
      "properties": {
        "time": "142174"
      }
    },
    {
      "type": "Feature",
      "id": 1276,
      "geometry": {
        "type": "Point",
        "coordinates": [
          41.845634,
          47.58614
        ]
      },
      "properties": {
        "time": "142175"
      }
    },
    {
      "type": "Feature",
      "id": 1277,
      "geometry": {
        "type": "Point",
        "coordinates": [
          41.845634,
          47.58614
        ]
      },
      "properties": {
        "time": "142176"
      }
    },
    {
      "type": "Feature",
      "id": 1278,
      "geometry": {
        "type": "Point",
        "coordinates": [
          41.845634,
          47.58614
        ]
      },
      "properties": {
        "time": "142177"
      }
    },
    {
      "type": "Feature",
      "id": 1279,
      "geometry": {
        "type": "Point",
        "coordinates": [
          41.845634,
          47.58614
        ]
      },
      "properties": {
        "time": "142178"
      }
    },
    {
      "type": "Feature",
      "id": 1280,
      "geometry": {
        "type": "Point",
        "coordinates": [
          41.845634,
          47.58614
        ]
      },
      "properties": {
        "time": "142179"
      }
    },
    {
      "type": "Feature",
      "id": 1281,
      "geometry": {
        "type": "Point",
        "coordinates": [
          41.845634,
          47.58614
        ]
      },
      "properties": {
        "time": "142180"
      }
    },
    {
      "type": "Feature",
      "id": 1282,
      "geometry": {
        "type": "Point",
        "coordinates": [
          41.845634,
          47.58614
        ]
      },
      "properties": {
        "time": "142181"
      }
    },
    {
      "type": "Feature",
      "id": 1283,
      "geometry": {
        "type": "Point",
        "coordinates": [
          41.845634,
          47.58614
        ]
      },
      "properties": {
        "time": "142182"
      }
    },
    {
      "type": "Feature",
      "id": 1284,
      "geometry": {
        "type": "Point",
        "coordinates": [
          41.845634,
          47.58614
        ]
      },
      "properties": {
        "time": "142183"
      }
    },
    {
      "type": "Feature",
      "id": 1285,
      "geometry": {
        "type": "Point",
        "coordinates": [
          41.845634,
          47.58614
        ]
      },
      "properties": {
        "time": "142184"
      }
    },
    {
      "type": "Feature",
      "id": 1286,
      "geometry": {
        "type": "Point",
        "coordinates": [
          41.845634,
          47.58614
        ]
      },
      "properties": {
        "time": "142185"
      }
    },
    {
      "type": "Feature",
      "id": 1287,
      "geometry": {
        "type": "Point",
        "coordinates": [
          41.845634,
          47.58614
        ]
      },
      "properties": {
        "time": "142186"
      }
    },
    {
      "type": "Feature",
      "id": 1288,
      "geometry": {
        "type": "Point",
        "coordinates": [
          41.845634,
          47.58614
        ]
      },
      "properties": {
        "time": "142187"
      }
    },
    {
      "type": "Feature",
      "id": 1289,
      "geometry": {
        "type": "Point",
        "coordinates": [
          41.845634,
          47.58614
        ]
      },
      "properties": {
        "time": "142188"
      }
    },
    {
      "type": "Feature",
      "id": 1290,
      "geometry": {
        "type": "Point",
        "coordinates": [
          41.845634,
          47.58614
        ]
      },
      "properties": {
        "time": "142189"
      }
    },
    {
      "type": "Feature",
      "id": 1291,
      "geometry": {
        "type": "Point",
        "coordinates": [
          41.845634,
          47.58614
        ]
      },
      "properties": {
        "time": "142190"
      }
    },
    {
      "type": "Feature",
      "id": 1292,
      "geometry": {
        "type": "Point",
        "coordinates": [
          41.845634,
          47.58614
        ]
      },
      "properties": {
        "time": "142191"
      }
    },
    {
      "type": "Feature",
      "id": 1293,
      "geometry": {
        "type": "Point",
        "coordinates": [
          41.845634,
          47.58614
        ]
      },
      "properties": {
        "time": "142192"
      }
    },
    {
      "type": "Feature",
      "id": 1294,
      "geometry": {
        "type": "Point",
        "coordinates": [
          41.845634,
          47.58614
        ]
      },
      "properties": {
        "time": "142193"
      }
    },
    {
      "type": "Feature",
      "id": 1295,
      "geometry": {
        "type": "Point",
        "coordinates": [
          41.845634,
          47.58614
        ]
      },
      "properties": {
        "time": "142194"
      }
    },
    {
      "type": "Feature",
      "id": 1296,
      "geometry": {
        "type": "Point",
        "coordinates": [
          41.845634,
          47.58614
        ]
      },
      "properties": {
        "time": "142195"
      }
    },
    {
      "type": "Feature",
      "id": 1297,
      "geometry": {
        "type": "Point",
        "coordinates": [
          41.845634,
          47.58614
        ]
      },
      "properties": {
        "time": "142196"
      }
    },
    {
      "type": "Feature",
      "id": 1298,
      "geometry": {
        "type": "Point",
        "coordinates": [
          41.845634,
          47.58614
        ]
      },
      "properties": {
        "time": "142197"
      }
    },
    {
      "type": "Feature",
      "id": 1299,
      "geometry": {
        "type": "Point",
        "coordinates": [
          41.845634,
          47.58614
        ]
      },
      "properties": {
        "time": "142198"
      }
    },
    {
      "type": "Feature",
      "id": 1300,
      "geometry": {
        "type": "Point",
        "coordinates": [
          41.845634,
          47.58614
        ]
      },
      "properties": {
        "time": "142199"
      }
    },
    {
      "type": "Feature",
      "id": 1301,
      "geometry": {
        "type": "Point",
        "coordinates": [
          41.845634,
          47.58614
        ]
      },
      "properties": {
        "time": "142200"
      }
    },
    {
      "type": "Feature",
      "id": 1302,
      "geometry": {
        "type": "Point",
        "coordinates": [
          41.845634,
          47.58614
        ]
      },
      "properties": {
        "time": "142201"
      }
    },
    {
      "type": "Feature",
      "id": 1303,
      "geometry": {
        "type": "Point",
        "coordinates": [
          41.845634,
          47.58614
        ]
      },
      "properties": {
        "time": "142202"
      }
    },
    {
      "type": "Feature",
      "id": 1304,
      "geometry": {
        "type": "Point",
        "coordinates": [
          41.845634,
          47.58614
        ]
      },
      "properties": {
        "time": "142203"
      }
    },
    {
      "type": "Feature",
      "id": 1305,
      "geometry": {
        "type": "Point",
        "coordinates": [
          41.845634,
          47.58614
        ]
      },
      "properties": {
        "time": "142204"
      }
    },
    {
      "type": "Feature",
      "id": 1306,
      "geometry": {
        "type": "Point",
        "coordinates": [
          41.845634,
          47.58614
        ]
      },
      "properties": {
        "time": "142205"
      }
    },
    {
      "type": "Feature",
      "id": 1307,
      "geometry": {
        "type": "Point",
        "coordinates": [
          41.845634,
          47.58614
        ]
      },
      "properties": {
        "time": "142206"
      }
    },
    {
      "type": "Feature",
      "id": 1308,
      "geometry": {
        "type": "Point",
        "coordinates": [
          41.845634,
          47.58614
        ]
      },
      "properties": {
        "time": "142207"
      }
    },
    {
      "type": "Feature",
      "id": 1309,
      "geometry": {
        "type": "Point",
        "coordinates": [
          41.845634,
          47.58614
        ]
      },
      "properties": {
        "time": "142208"
      }
    },
    {
      "type": "Feature",
      "id": 1310,
      "geometry": {
        "type": "Point",
        "coordinates": [
          41.845634,
          47.58614
        ]
      },
      "properties": {
        "time": "142209"
      }
    },
    {
      "type": "Feature",
      "id": 1311,
      "geometry": {
        "type": "Point",
        "coordinates": [
          41.845634,
          47.58614
        ]
      },
      "properties": {
        "time": "142210"
      }
    },
    {
      "type": "Feature",
      "id": 1312,
      "geometry": {
        "type": "Point",
        "coordinates": [
          41.845634,
          47.58614
        ]
      },
      "properties": {
        "time": "142211"
      }
    },
    {
      "type": "Feature",
      "id": 1313,
      "geometry": {
        "type": "Point",
        "coordinates": [
          41.845634,
          47.58614
        ]
      },
      "properties": {
        "time": "142212"
      }
    },
    {
      "type": "Feature",
      "id": 1314,
      "geometry": {
        "type": "Point",
        "coordinates": [
          41.845634,
          47.58614
        ]
      },
      "properties": {
        "time": "142213"
      }
    },
    {
      "type": "Feature",
      "id": 1315,
      "geometry": {
        "type": "Point",
        "coordinates": [
          41.845634,
          47.58614
        ]
      },
      "properties": {
        "time": "142214"
      }
    },
    {
      "type": "Feature",
      "id": 1316,
      "geometry": {
        "type": "Point",
        "coordinates": [
          41.845634,
          47.58614
        ]
      },
      "properties": {
        "time": "142215"
      }
    },
    {
      "type": "Feature",
      "id": 1317,
      "geometry": {
        "type": "Point",
        "coordinates": [
          41.845634,
          47.58614
        ]
      },
      "properties": {
        "time": "142216"
      }
    },
    {
      "type": "Feature",
      "id": 1318,
      "geometry": {
        "type": "Point",
        "coordinates": [
          41.845634,
          47.58614
        ]
      },
      "properties": {
        "time": "142217"
      }
    },
    {
      "type": "Feature",
      "id": 1319,
      "geometry": {
        "type": "Point",
        "coordinates": [
          41.845634,
          47.58614
        ]
      },
      "properties": {
        "time": "142218"
      }
    },
    {
      "type": "Feature",
      "id": 1320,
      "geometry": {
        "type": "Point",
        "coordinates": [
          41.845634,
          47.58614
        ]
      },
      "properties": {
        "time": "142219"
      }
    },
    {
      "type": "Feature",
      "id": 1321,
      "geometry": {
        "type": "Point",
        "coordinates": [
          41.845634,
          47.58614
        ]
      },
      "properties": {
        "time": "142220"
      }
    },
    {
      "type": "Feature",
      "id": 1322,
      "geometry": {
        "type": "Point",
        "coordinates": [
          41.845634,
          47.58614
        ]
      },
      "properties": {
        "time": "142221"
      }
    },
    {
      "type": "Feature",
      "id": 1323,
      "geometry": {
        "type": "Point",
        "coordinates": [
          41.845634,
          47.58614
        ]
      },
      "properties": {
        "time": "142222"
      }
    },
    {
      "type": "Feature",
      "id": 1324,
      "geometry": {
        "type": "Point",
        "coordinates": [
          41.845634,
          47.58614
        ]
      },
      "properties": {
        "time": "142223"
      }
    },
    {
      "type": "Feature",
      "id": 1325,
      "geometry": {
        "type": "Point",
        "coordinates": [
          41.845634,
          47.58614
        ]
      },
      "properties": {
        "time": "142224"
      }
    },
    {
      "type": "Feature",
      "id": 1326,
      "geometry": {
        "type": "Point",
        "coordinates": [
          41.845634,
          47.58614
        ]
      },
      "properties": {
        "time": "142225"
      }
    },
    {
      "type": "Feature",
      "id": 1327,
      "geometry": {
        "type": "Point",
        "coordinates": [
          41.845634,
          47.58614
        ]
      },
      "properties": {
        "time": "142226"
      }
    },
    {
      "type": "Feature",
      "id": 1328,
      "geometry": {
        "type": "Point",
        "coordinates": [
          41.845634,
          47.58614
        ]
      },
      "properties": {
        "time": "142227"
      }
    },
    {
      "type": "Feature",
      "id": 1329,
      "geometry": {
        "type": "Point",
        "coordinates": [
          41.845634,
          47.58614
        ]
      },
      "properties": {
        "time": "142228"
      }
    },
    {
      "type": "Feature",
      "id": 1330,
      "geometry": {
        "type": "Point",
        "coordinates": [
          41.845634,
          47.58614
        ]
      },
      "properties": {
        "time": "142229"
      }
    },
    {
      "type": "Feature",
      "id": 1331,
      "geometry": {
        "type": "Point",
        "coordinates": [
          41.845634,
          47.58614
        ]
      },
      "properties": {
        "time": "142230"
      }
    },
    {
      "type": "Feature",
      "id": 1332,
      "geometry": {
        "type": "Point",
        "coordinates": [
          41.845634,
          47.58614
        ]
      },
      "properties": {
        "time": "142231"
      }
    },
    {
      "type": "Feature",
      "id": 1333,
      "geometry": {
        "type": "Point",
        "coordinates": [
          41.845634,
          47.58614
        ]
      },
      "properties": {
        "time": "142232"
      }
    },
    {
      "type": "Feature",
      "id": 1334,
      "geometry": {
        "type": "Point",
        "coordinates": [
          41.845634,
          47.58614
        ]
      },
      "properties": {
        "time": "142233"
      }
    },
    {
      "type": "Feature",
      "id": 1335,
      "geometry": {
        "type": "Point",
        "coordinates": [
          41.845634,
          47.58614
        ]
      },
      "properties": {
        "time": "142234"
      }
    },
    {
      "type": "Feature",
      "id": 1336,
      "geometry": {
        "type": "Point",
        "coordinates": [
          41.845634,
          47.58614
        ]
      },
      "properties": {
        "time": "142235"
      }
    },
    {
      "type": "Feature",
      "id": 1337,
      "geometry": {
        "type": "Point",
        "coordinates": [
          41.845634,
          47.58614
        ]
      },
      "properties": {
        "time": "142236"
      }
    },
    {
      "type": "Feature",
      "id": 1338,
      "geometry": {
        "type": "Point",
        "coordinates": [
          41.845634,
          47.58614
        ]
      },
      "properties": {
        "time": "142237"
      }
    },
    {
      "type": "Feature",
      "id": 1339,
      "geometry": {
        "type": "Point",
        "coordinates": [
          41.845634,
          47.58614
        ]
      },
      "properties": {
        "time": "142238"
      }
    },
    {
      "type": "Feature",
      "id": 1340,
      "geometry": {
        "type": "Point",
        "coordinates": [
          41.845634,
          47.58614
        ]
      },
      "properties": {
        "time": "142239"
      }
    },
    {
      "type": "Feature",
      "id": 1341,
      "geometry": {
        "type": "Point",
        "coordinates": [
          41.845634,
          47.58614
        ]
      },
      "properties": {
        "time": "142240"
      }
    },
    {
      "type": "Feature",
      "id": 1342,
      "geometry": {
        "type": "Point",
        "coordinates": [
          41.845634,
          47.58614
        ]
      },
      "properties": {
        "time": "142241"
      }
    },
    {
      "type": "Feature",
      "id": 1343,
      "geometry": {
        "type": "Point",
        "coordinates": [
          41.845634,
          47.58614
        ]
      },
      "properties": {
        "time": "142242"
      }
    },
    {
      "type": "Feature",
      "id": 1344,
      "geometry": {
        "type": "Point",
        "coordinates": [
          41.845634,
          47.58614
        ]
      },
      "properties": {
        "time": "142243"
      }
    },
    {
      "type": "Feature",
      "id": 1345,
      "geometry": {
        "type": "Point",
        "coordinates": [
          41.845634,
          47.58614
        ]
      },
      "properties": {
        "time": "142244"
      }
    },
    {
      "type": "Feature",
      "id": 1346,
      "geometry": {
        "type": "Point",
        "coordinates": [
          41.845634,
          47.58614
        ]
      },
      "properties": {
        "time": "142245"
      }
    },
    {
      "type": "Feature",
      "id": 1347,
      "geometry": {
        "type": "Point",
        "coordinates": [
          41.845634,
          47.58614
        ]
      },
      "properties": {
        "time": "142246"
      }
    },
    {
      "type": "Feature",
      "id": 1348,
      "geometry": {
        "type": "Point",
        "coordinates": [
          41.845634,
          47.58614
        ]
      },
      "properties": {
        "time": "142247"
      }
    },
    {
      "type": "Feature",
      "id": 1349,
      "geometry": {
        "type": "Point",
        "coordinates": [
          41.845634,
          47.58614
        ]
      },
      "properties": {
        "time": "142248"
      }
    },
    {
      "type": "Feature",
      "id": 1350,
      "geometry": {
        "type": "Point",
        "coordinates": [
          41.845634,
          47.58614
        ]
      },
      "properties": {
        "time": "142249"
      }
    },
    {
      "type": "Feature",
      "id": 1351,
      "geometry": {
        "type": "Point",
        "coordinates": [
          41.845634,
          47.58614
        ]
      },
      "properties": {
        "time": "142250"
      }
    },
    {
      "type": "Feature",
      "id": 1352,
      "geometry": {
        "type": "Point",
        "coordinates": [
          41.845634,
          47.58614
        ]
      },
      "properties": {
        "time": "142251"
      }
    },
    {
      "type": "Feature",
      "id": 1353,
      "geometry": {
        "type": "Point",
        "coordinates": [
          41.845634,
          47.58614
        ]
      },
      "properties": {
        "time": "142252"
      }
    },
    {
      "type": "Feature",
      "id": 1354,
      "geometry": {
        "type": "Point",
        "coordinates": [
          41.845634,
          47.58614
        ]
      },
      "properties": {
        "time": "142253"
      }
    },
    {
      "type": "Feature",
      "id": 1355,
      "geometry": {
        "type": "Point",
        "coordinates": [
          41.845634,
          47.58614
        ]
      },
      "properties": {
        "time": "142254"
      }
    },
    {
      "type": "Feature",
      "id": 1356,
      "geometry": {
        "type": "Point",
        "coordinates": [
          41.845634,
          47.58614
        ]
      },
      "properties": {
        "time": "142255"
      }
    },
    {
      "type": "Feature",
      "id": 1357,
      "geometry": {
        "type": "Point",
        "coordinates": [
          41.845634,
          47.58614
        ]
      },
      "properties": {
        "time": "142256"
      }
    },
    {
      "type": "Feature",
      "id": 1358,
      "geometry": {
        "type": "Point",
        "coordinates": [
          41.845634,
          47.58614
        ]
      },
      "properties": {
        "time": "142257"
      }
    },
    {
      "type": "Feature",
      "id": 1359,
      "geometry": {
        "type": "Point",
        "coordinates": [
          41.845634,
          47.58614
        ]
      },
      "properties": {
        "time": "142258"
      }
    },
    {
      "type": "Feature",
      "id": 1360,
      "geometry": {
        "type": "Point",
        "coordinates": [
          41.845634,
          47.58614
        ]
      },
      "properties": {
        "time": "142259"
      }
    },
    {
      "type": "Feature",
      "id": 1361,
      "geometry": {
        "type": "Point",
        "coordinates": [
          41.845634,
          47.58614
        ]
      },
      "properties": {
        "time": "142260"
      }
    },
    {
      "type": "Feature",
      "id": 1362,
      "geometry": {
        "type": "Point",
        "coordinates": [
          41.845634,
          47.58614
        ]
      },
      "properties": {
        "time": "142261"
      }
    },
    {
      "type": "Feature",
      "id": 1363,
      "geometry": {
        "type": "Point",
        "coordinates": [
          41.845634,
          47.58614
        ]
      },
      "properties": {
        "time": "142262"
      }
    },
    {
      "type": "Feature",
      "id": 1364,
      "geometry": {
        "type": "Point",
        "coordinates": [
          41.845634,
          47.58614
        ]
      },
      "properties": {
        "time": "142263"
      }
    },
    {
      "type": "Feature",
      "id": 1365,
      "geometry": {
        "type": "Point",
        "coordinates": [
          41.845634,
          47.58614
        ]
      },
      "properties": {
        "time": "142264"
      }
    },
    {
      "type": "Feature",
      "id": 1366,
      "geometry": {
        "type": "Point",
        "coordinates": [
          41.845634,
          47.58614
        ]
      },
      "properties": {
        "time": "142265"
      }
    },
    {
      "type": "Feature",
      "id": 1367,
      "geometry": {
        "type": "Point",
        "coordinates": [
          41.845634,
          47.58614
        ]
      },
      "properties": {
        "time": "142266"
      }
    },
    {
      "type": "Feature",
      "id": 1368,
      "geometry": {
        "type": "Point",
        "coordinates": [
          41.845634,
          47.58614
        ]
      },
      "properties": {
        "time": "142267"
      }
    },
    {
      "type": "Feature",
      "id": 1369,
      "geometry": {
        "type": "Point",
        "coordinates": [
          41.845634,
          47.58614
        ]
      },
      "properties": {
        "time": "142268"
      }
    },
    {
      "type": "Feature",
      "id": 1370,
      "geometry": {
        "type": "Point",
        "coordinates": [
          41.845634,
          47.58614
        ]
      },
      "properties": {
        "time": "142269"
      }
    },
    {
      "type": "Feature",
      "id": 1371,
      "geometry": {
        "type": "Point",
        "coordinates": [
          41.845634,
          47.58614
        ]
      },
      "properties": {
        "time": "142270"
      }
    },
    {
      "type": "Feature",
      "id": 1372,
      "geometry": {
        "type": "Point",
        "coordinates": [
          41.845634,
          47.58614
        ]
      },
      "properties": {
        "time": "142271"
      }
    },
    {
      "type": "Feature",
      "id": 1373,
      "geometry": {
        "type": "Point",
        "coordinates": [
          41.845634,
          47.58614
        ]
      },
      "properties": {
        "time": "142272"
      }
    },
    {
      "type": "Feature",
      "id": 1374,
      "geometry": {
        "type": "Point",
        "coordinates": [
          41.845634,
          47.58614
        ]
      },
      "properties": {
        "time": "142273"
      }
    },
    {
      "type": "Feature",
      "id": 1375,
      "geometry": {
        "type": "Point",
        "coordinates": [
          41.845634,
          47.58614
        ]
      },
      "properties": {
        "time": "142274"
      }
    },
    {
      "type": "Feature",
      "id": 1376,
      "geometry": {
        "type": "Point",
        "coordinates": [
          41.845634,
          47.58614
        ]
      },
      "properties": {
        "time": "142275"
      }
    },
    {
      "type": "Feature",
      "id": 1377,
      "geometry": {
        "type": "Point",
        "coordinates": [
          41.845634,
          47.58614
        ]
      },
      "properties": {
        "time": "142276"
      }
    },
    {
      "type": "Feature",
      "id": 1378,
      "geometry": {
        "type": "Point",
        "coordinates": [
          41.845634,
          47.58614
        ]
      },
      "properties": {
        "time": "142277"
      }
    },
    {
      "type": "Feature",
      "id": 1379,
      "geometry": {
        "type": "Point",
        "coordinates": [
          41.845634,
          47.58614
        ]
      },
      "properties": {
        "time": "142278"
      }
    },
    {
      "type": "Feature",
      "id": 1380,
      "geometry": {
        "type": "Point",
        "coordinates": [
          41.845634,
          47.58614
        ]
      },
      "properties": {
        "time": "142279"
      }
    },
    {
      "type": "Feature",
      "id": 1381,
      "geometry": {
        "type": "Point",
        "coordinates": [
          41.845634,
          47.58614
        ]
      },
      "properties": {
        "time": "142280"
      }
    },
    {
      "type": "Feature",
      "id": 1382,
      "geometry": {
        "type": "Point",
        "coordinates": [
          41.845634,
          47.58614
        ]
      },
      "properties": {
        "time": "142281"
      }
    },
    {
      "type": "Feature",
      "id": 1383,
      "geometry": {
        "type": "Point",
        "coordinates": [
          41.845634,
          47.58614
        ]
      },
      "properties": {
        "time": "142282"
      }
    },
    {
      "type": "Feature",
      "id": 1384,
      "geometry": {
        "type": "Point",
        "coordinates": [
          41.845634,
          47.58614
        ]
      },
      "properties": {
        "time": "142283"
      }
    },
    {
      "type": "Feature",
      "id": 1385,
      "geometry": {
        "type": "Point",
        "coordinates": [
          41.845634,
          47.58614
        ]
      },
      "properties": {
        "time": "142284"
      }
    },
    {
      "type": "Feature",
      "id": 1386,
      "geometry": {
        "type": "Point",
        "coordinates": [
          41.845634,
          47.58614
        ]
      },
      "properties": {
        "time": "142285"
      }
    },
    {
      "type": "Feature",
      "id": 1387,
      "geometry": {
        "type": "Point",
        "coordinates": [
          41.845634,
          47.58614
        ]
      },
      "properties": {
        "time": "142286"
      }
    },
    {
      "type": "Feature",
      "id": 1388,
      "geometry": {
        "type": "Point",
        "coordinates": [
          41.845634,
          47.58614
        ]
      },
      "properties": {
        "time": "142287"
      }
    },
    {
      "type": "Feature",
      "id": 1389,
      "geometry": {
        "type": "Point",
        "coordinates": [
          41.845634,
          47.58614
        ]
      },
      "properties": {
        "time": "142288"
      }
    },
    {
      "type": "Feature",
      "id": 1390,
      "geometry": {
        "type": "Point",
        "coordinates": [
          41.845634,
          47.58614
        ]
      },
      "properties": {
        "time": "142289"
      }
    },
    {
      "type": "Feature",
      "id": 1391,
      "geometry": {
        "type": "Point",
        "coordinates": [
          41.845634,
          47.58614
        ]
      },
      "properties": {
        "time": "142290"
      }
    },
    {
      "type": "Feature",
      "id": 1392,
      "geometry": {
        "type": "Point",
        "coordinates": [
          41.845634,
          47.58614
        ]
      },
      "properties": {
        "time": "142291"
      }
    },
    {
      "type": "Feature",
      "id": 1393,
      "geometry": {
        "type": "Point",
        "coordinates": [
          41.845634,
          47.58614
        ]
      },
      "properties": {
        "time": "142292"
      }
    },
    {
      "type": "Feature",
      "id": 1394,
      "geometry": {
        "type": "Point",
        "coordinates": [
          41.845634,
          47.58614
        ]
      },
      "properties": {
        "time": "142293"
      }
    },
    {
      "type": "Feature",
      "id": 1395,
      "geometry": {
        "type": "Point",
        "coordinates": [
          41.845634,
          47.58614
        ]
      },
      "properties": {
        "time": "142294"
      }
    },
    {
      "type": "Feature",
      "id": 1396,
      "geometry": {
        "type": "Point",
        "coordinates": [
          41.845634,
          47.58614
        ]
      },
      "properties": {
        "time": "142295"
      }
    },
    {
      "type": "Feature",
      "id": 1397,
      "geometry": {
        "type": "Point",
        "coordinates": [
          41.845634,
          47.58614
        ]
      },
      "properties": {
        "time": "142296"
      }
    },
    {
      "type": "Feature",
      "id": 1398,
      "geometry": {
        "type": "Point",
        "coordinates": [
          41.845634,
          47.58614
        ]
      },
      "properties": {
        "time": "142297"
      }
    },
    {
      "type": "Feature",
      "id": 1399,
      "geometry": {
        "type": "Point",
        "coordinates": [
          41.845634,
          47.58614
        ]
      },
      "properties": {
        "time": "142298"
      }
    },
    {
      "type": "Feature",
      "id": 1400,
      "geometry": {
        "type": "Point",
        "coordinates": [
          41.845634,
          47.58614
        ]
      },
      "properties": {
        "time": "142299"
      }
    },
    {
      "type": "Feature",
      "id": 1401,
      "geometry": {
        "type": "Point",
        "coordinates": [
          41.845634,
          47.58614
        ]
      },
      "properties": {
        "time": "142300"
      }
    },
    {
      "type": "Feature",
      "id": 1402,
      "geometry": {
        "type": "Point",
        "coordinates": [
          41.845634,
          47.58614
        ]
      },
      "properties": {
        "time": "142301"
      }
    },
    {
      "type": "Feature",
      "id": 1403,
      "geometry": {
        "type": "Point",
        "coordinates": [
          41.845634,
          47.58614
        ]
      },
      "properties": {
        "time": "142302"
      }
    },
    {
      "type": "Feature",
      "id": 1404,
      "geometry": {
        "type": "Point",
        "coordinates": [
          41.845634,
          47.58614
        ]
      },
      "properties": {
        "time": "142303"
      }
    },
    {
      "type": "Feature",
      "id": 1405,
      "geometry": {
        "type": "Point",
        "coordinates": [
          41.845634,
          47.58614
        ]
      },
      "properties": {
        "time": "142304"
      }
    },
    {
      "type": "Feature",
      "id": 1406,
      "geometry": {
        "type": "Point",
        "coordinates": [
          41.845634,
          47.58614
        ]
      },
      "properties": {
        "time": "142305"
      }
    },
    {
      "type": "Feature",
      "id": 1407,
      "geometry": {
        "type": "Point",
        "coordinates": [
          41.845634,
          47.58614
        ]
      },
      "properties": {
        "time": "142306"
      }
    },
    {
      "type": "Feature",
      "id": 1408,
      "geometry": {
        "type": "Point",
        "coordinates": [
          41.845634,
          47.58614
        ]
      },
      "properties": {
        "time": "142307"
      }
    },
    {
      "type": "Feature",
      "id": 1409,
      "geometry": {
        "type": "Point",
        "coordinates": [
          41.845634,
          47.58614
        ]
      },
      "properties": {
        "time": "142308"
      }
    },
    {
      "type": "Feature",
      "id": 1410,
      "geometry": {
        "type": "Point",
        "coordinates": [
          41.845634,
          47.58614
        ]
      },
      "properties": {
        "time": "142309"
      }
    },
    {
      "type": "Feature",
      "id": 1411,
      "geometry": {
        "type": "Point",
        "coordinates": [
          41.845634,
          47.58614
        ]
      },
      "properties": {
        "time": "142310"
      }
    },
    {
      "type": "Feature",
      "id": 1412,
      "geometry": {
        "type": "Point",
        "coordinates": [
          41.845634,
          47.58614
        ]
      },
      "properties": {
        "time": "142311"
      }
    },
    {
      "type": "Feature",
      "id": 1413,
      "geometry": {
        "type": "Point",
        "coordinates": [
          41.845634,
          47.58614
        ]
      },
      "properties": {
        "time": "142312"
      }
    },
    {
      "type": "Feature",
      "id": 1414,
      "geometry": {
        "type": "Point",
        "coordinates": [
          41.845634,
          47.58614
        ]
      },
      "properties": {
        "time": "142313"
      }
    },
    {
      "type": "Feature",
      "id": 1415,
      "geometry": {
        "type": "Point",
        "coordinates": [
          41.845634,
          47.58614
        ]
      },
      "properties": {
        "time": "142314"
      }
    },
    {
      "type": "Feature",
      "id": 1416,
      "geometry": {
        "type": "Point",
        "coordinates": [
          41.845634,
          47.58614
        ]
      },
      "properties": {
        "time": "142315"
      }
    },
    {
      "type": "Feature",
      "id": 1417,
      "geometry": {
        "type": "Point",
        "coordinates": [
          41.845634,
          47.58614
        ]
      },
      "properties": {
        "time": "142316"
      }
    },
    {
      "type": "Feature",
      "id": 1418,
      "geometry": {
        "type": "Point",
        "coordinates": [
          41.845634,
          47.58614
        ]
      },
      "properties": {
        "time": "142317"
      }
    },
    {
      "type": "Feature",
      "id": 1419,
      "geometry": {
        "type": "Point",
        "coordinates": [
          41.845634,
          47.58614
        ]
      },
      "properties": {
        "time": "142318"
      }
    },
    {
      "type": "Feature",
      "id": 1420,
      "geometry": {
        "type": "Point",
        "coordinates": [
          41.845634,
          47.58614
        ]
      },
      "properties": {
        "time": "142319"
      }
    },
    {
      "type": "Feature",
      "id": 1421,
      "geometry": {
        "type": "Point",
        "coordinates": [
          41.845634,
          47.58614
        ]
      },
      "properties": {
        "time": "142320"
      }
    },
    {
      "type": "Feature",
      "id": 1422,
      "geometry": {
        "type": "Point",
        "coordinates": [
          41.845634,
          47.58614
        ]
      },
      "properties": {
        "time": "142321"
      }
    },
    {
      "type": "Feature",
      "id": 1423,
      "geometry": {
        "type": "Point",
        "coordinates": [
          41.845634,
          47.58614
        ]
      },
      "properties": {
        "time": "142322"
      }
    },
    {
      "type": "Feature",
      "id": 1424,
      "geometry": {
        "type": "Point",
        "coordinates": [
          41.845634,
          47.58614
        ]
      },
      "properties": {
        "time": "142323"
      }
    },
    {
      "type": "Feature",
      "id": 1425,
      "geometry": {
        "type": "Point",
        "coordinates": [
          41.845634,
          47.58614
        ]
      },
      "properties": {
        "time": "142324"
      }
    },
    {
      "type": "Feature",
      "id": 1426,
      "geometry": {
        "type": "Point",
        "coordinates": [
          41.845634,
          47.58614
        ]
      },
      "properties": {
        "time": "142325"
      }
    },
    {
      "type": "Feature",
      "id": 1427,
      "geometry": {
        "type": "Point",
        "coordinates": [
          41.845634,
          47.58614
        ]
      },
      "properties": {
        "time": "142326"
      }
    },
    {
      "type": "Feature",
      "id": 1428,
      "geometry": {
        "type": "Point",
        "coordinates": [
          41.845634,
          47.58614
        ]
      },
      "properties": {
        "time": "142327"
      }
    },
    {
      "type": "Feature",
      "id": 1429,
      "geometry": {
        "type": "Point",
        "coordinates": [
          41.845634,
          47.58614
        ]
      },
      "properties": {
        "time": "142328"
      }
    },
    {
      "type": "Feature",
      "id": 1430,
      "geometry": {
        "type": "Point",
        "coordinates": [
          41.845634,
          47.58614
        ]
      },
      "properties": {
        "time": "142329"
      }
    },
    {
      "type": "Feature",
      "id": 1431,
      "geometry": {
        "type": "Point",
        "coordinates": [
          41.845634,
          47.58614
        ]
      },
      "properties": {
        "time": "142330"
      }
    },
    {
      "type": "Feature",
      "id": 1432,
      "geometry": {
        "type": "Point",
        "coordinates": [
          41.845634,
          47.58614
        ]
      },
      "properties": {
        "time": "142331"
      }
    },
    {
      "type": "Feature",
      "id": 1433,
      "geometry": {
        "type": "Point",
        "coordinates": [
          41.845634,
          47.58614
        ]
      },
      "properties": {
        "time": "142332"
      }
    },
    {
      "type": "Feature",
      "id": 1434,
      "geometry": {
        "type": "Point",
        "coordinates": [
          41.845634,
          47.58614
        ]
      },
      "properties": {
        "time": "142333"
      }
    },
    {
      "type": "Feature",
      "id": 1435,
      "geometry": {
        "type": "Point",
        "coordinates": [
          41.845634,
          47.58614
        ]
      },
      "properties": {
        "time": "142334"
      }
    },
    {
      "type": "Feature",
      "id": 1436,
      "geometry": {
        "type": "Point",
        "coordinates": [
          41.845634,
          47.58614
        ]
      },
      "properties": {
        "time": "142335"
      }
    },
    {
      "type": "Feature",
      "id": 1437,
      "geometry": {
        "type": "Point",
        "coordinates": [
          41.845634,
          47.58614
        ]
      },
      "properties": {
        "time": "142336"
      }
    },
    {
      "type": "Feature",
      "id": 1438,
      "geometry": {
        "type": "Point",
        "coordinates": [
          41.845634,
          47.58614
        ]
      },
      "properties": {
        "time": "142337"
      }
    },
    {
      "type": "Feature",
      "id": 1439,
      "geometry": {
        "type": "Point",
        "coordinates": [
          41.845634,
          47.58614
        ]
      },
      "properties": {
        "time": "142338"
      }
    },
    {
      "type": "Feature",
      "id": 1440,
      "geometry": {
        "type": "Point",
        "coordinates": [
          41.845634,
          47.58614
        ]
      },
      "properties": {
        "time": "142339"
      }
    },
    {
      "type": "Feature",
      "id": 1441,
      "geometry": {
        "type": "Point",
        "coordinates": [
          41.845634,
          47.58614
        ]
      },
      "properties": {
        "time": "142340"
      }
    },
    {
      "type": "Feature",
      "id": 1442,
      "geometry": {
        "type": "Point",
        "coordinates": [
          41.845634,
          47.58614
        ]
      },
      "properties": {
        "time": "142341"
      }
    },
    {
      "type": "Feature",
      "id": 1443,
      "geometry": {
        "type": "Point",
        "coordinates": [
          41.845634,
          47.58614
        ]
      },
      "properties": {
        "time": "142342"
      }
    },
    {
      "type": "Feature",
      "id": 1444,
      "geometry": {
        "type": "Point",
        "coordinates": [
          41.845634,
          47.58614
        ]
      },
      "properties": {
        "time": "142343"
      }
    },
    {
      "type": "Feature",
      "id": 1445,
      "geometry": {
        "type": "Point",
        "coordinates": [
          41.845634,
          47.58614
        ]
      },
      "properties": {
        "time": "142344"
      }
    },
    {
      "type": "Feature",
      "id": 1446,
      "geometry": {
        "type": "Point",
        "coordinates": [
          41.845634,
          47.58614
        ]
      },
      "properties": {
        "time": "142345"
      }
    },
    {
      "type": "Feature",
      "id": 1447,
      "geometry": {
        "type": "Point",
        "coordinates": [
          41.845634,
          47.58614
        ]
      },
      "properties": {
        "time": "142346"
      }
    },
    {
      "type": "Feature",
      "id": 1448,
      "geometry": {
        "type": "Point",
        "coordinates": [
          41.845634,
          47.58614
        ]
      },
      "properties": {
        "time": "142347"
      }
    },
    {
      "type": "Feature",
      "id": 1449,
      "geometry": {
        "type": "Point",
        "coordinates": [
          41.845634,
          47.58614
        ]
      },
      "properties": {
        "time": "142348"
      }
    },
    {
      "type": "Feature",
      "id": 1450,
      "geometry": {
        "type": "Point",
        "coordinates": [
          41.845634,
          47.58614
        ]
      },
      "properties": {
        "time": "142349"
      }
    },
    {
      "type": "Feature",
      "id": 1451,
      "geometry": {
        "type": "Point",
        "coordinates": [
          41.845634,
          47.58614
        ]
      },
      "properties": {
        "time": "142350"
      }
    },
    {
      "type": "Feature",
      "id": 1452,
      "geometry": {
        "type": "Point",
        "coordinates": [
          41.845634,
          47.58614
        ]
      },
      "properties": {
        "time": "142351"
      }
    },
    {
      "type": "Feature",
      "id": 1453,
      "geometry": {
        "type": "Point",
        "coordinates": [
          41.845634,
          47.58614
        ]
      },
      "properties": {
        "time": "142352"
      }
    },
    {
      "type": "Feature",
      "id": 1454,
      "geometry": {
        "type": "Point",
        "coordinates": [
          41.845634,
          47.58614
        ]
      },
      "properties": {
        "time": "142353"
      }
    },
    {
      "type": "Feature",
      "id": 1455,
      "geometry": {
        "type": "Point",
        "coordinates": [
          41.845634,
          47.58614
        ]
      },
      "properties": {
        "time": "142354"
      }
    },
    {
      "type": "Feature",
      "id": 1456,
      "geometry": {
        "type": "Point",
        "coordinates": [
          41.845634,
          47.58614
        ]
      },
      "properties": {
        "time": "142355"
      }
    },
    {
      "type": "Feature",
      "id": 1457,
      "geometry": {
        "type": "Point",
        "coordinates": [
          41.845634,
          47.58614
        ]
      },
      "properties": {
        "time": "142356"
      }
    },
    {
      "type": "Feature",
      "id": 1458,
      "geometry": {
        "type": "Point",
        "coordinates": [
          41.845634,
          47.58614
        ]
      },
      "properties": {
        "time": "142357"
      }
    },
    {
      "type": "Feature",
      "id": 1459,
      "geometry": {
        "type": "Point",
        "coordinates": [
          41.845634,
          47.58614
        ]
      },
      "properties": {
        "time": "142358"
      }
    },
    {
      "type": "Feature",
      "id": 1460,
      "geometry": {
        "type": "Point",
        "coordinates": [
          41.845634,
          47.58614
        ]
      },
      "properties": {
        "time": "142359"
      }
    },
    {
      "type": "Feature",
      "id": 1461,
      "geometry": {
        "type": "Point",
        "coordinates": [
          41.845634,
          47.58614
        ]
      },
      "properties": {
        "time": "142360"
      }
    },
    {
      "type": "Feature",
      "id": 1462,
      "geometry": {
        "type": "Point",
        "coordinates": [
          41.845634,
          47.58614
        ]
      },
      "properties": {
        "time": "142361"
      }
    },
    {
      "type": "Feature",
      "id": 1463,
      "geometry": {
        "type": "Point",
        "coordinates": [
          41.845634,
          47.58614
        ]
      },
      "properties": {
        "time": "142362"
      }
    },
    {
      "type": "Feature",
      "id": 1464,
      "geometry": {
        "type": "Point",
        "coordinates": [
          41.845634,
          47.58614
        ]
      },
      "properties": {
        "time": "142363"
      }
    },
    {
      "type": "Feature",
      "id": 1465,
      "geometry": {
        "type": "Point",
        "coordinates": [
          41.845634,
          47.58614
        ]
      },
      "properties": {
        "time": "142364"
      }
    },
    {
      "type": "Feature",
      "id": 1466,
      "geometry": {
        "type": "Point",
        "coordinates": [
          41.845634,
          47.58614
        ]
      },
      "properties": {
        "time": "142365"
      }
    },
    {
      "type": "Feature",
      "id": 1467,
      "geometry": {
        "type": "Point",
        "coordinates": [
          41.845634,
          47.58614
        ]
      },
      "properties": {
        "time": "142366"
      }
    },
    {
      "type": "Feature",
      "id": 1468,
      "geometry": {
        "type": "Point",
        "coordinates": [
          41.845634,
          47.58614
        ]
      },
      "properties": {
        "time": "142367"
      }
    },
    {
      "type": "Feature",
      "id": 1469,
      "geometry": {
        "type": "Point",
        "coordinates": [
          41.845634,
          47.58614
        ]
      },
      "properties": {
        "time": "142368"
      }
    },
    {
      "type": "Feature",
      "id": 1470,
      "geometry": {
        "type": "Point",
        "coordinates": [
          41.845634,
          47.58614
        ]
      },
      "properties": {
        "time": "142369"
      }
    },
    {
      "type": "Feature",
      "id": 1471,
      "geometry": {
        "type": "Point",
        "coordinates": [
          41.845634,
          47.58614
        ]
      },
      "properties": {
        "time": "142370"
      }
    },
    {
      "type": "Feature",
      "id": 1472,
      "geometry": {
        "type": "Point",
        "coordinates": [
          41.845634,
          47.58614
        ]
      },
      "properties": {
        "time": "142371"
      }
    },
    {
      "type": "Feature",
      "id": 1473,
      "geometry": {
        "type": "Point",
        "coordinates": [
          41.845634,
          47.58614
        ]
      },
      "properties": {
        "time": "142372"
      }
    },
    {
      "type": "Feature",
      "id": 1474,
      "geometry": {
        "type": "Point",
        "coordinates": [
          41.845634,
          47.58614
        ]
      },
      "properties": {
        "time": "142373"
      }
    },
    {
      "type": "Feature",
      "id": 1475,
      "geometry": {
        "type": "Point",
        "coordinates": [
          41.845634,
          47.58614
        ]
      },
      "properties": {
        "time": "142374"
      }
    },
    {
      "type": "Feature",
      "id": 1476,
      "geometry": {
        "type": "Point",
        "coordinates": [
          41.845634,
          47.58614
        ]
      },
      "properties": {
        "time": "142375"
      }
    },
    {
      "type": "Feature",
      "id": 1477,
      "geometry": {
        "type": "Point",
        "coordinates": [
          41.845634,
          47.58614
        ]
      },
      "properties": {
        "time": "142376"
      }
    },
    {
      "type": "Feature",
      "id": 1478,
      "geometry": {
        "type": "Point",
        "coordinates": [
          41.845634,
          47.58614
        ]
      },
      "properties": {
        "time": "142377"
      }
    },
    {
      "type": "Feature",
      "id": 1479,
      "geometry": {
        "type": "Point",
        "coordinates": [
          41.845634,
          47.58614
        ]
      },
      "properties": {
        "time": "142378"
      }
    },
    {
      "type": "Feature",
      "id": 1480,
      "geometry": {
        "type": "Point",
        "coordinates": [
          41.845634,
          47.58614
        ]
      },
      "properties": {
        "time": "142379"
      }
    },
    {
      "type": "Feature",
      "id": 1481,
      "geometry": {
        "type": "Point",
        "coordinates": [
          41.845634,
          47.58614
        ]
      },
      "properties": {
        "time": "142380"
      }
    },
    {
      "type": "Feature",
      "id": 1482,
      "geometry": {
        "type": "Point",
        "coordinates": [
          41.845634,
          47.58614
        ]
      },
      "properties": {
        "time": "142381"
      }
    },
    {
      "type": "Feature",
      "id": 1483,
      "geometry": {
        "type": "Point",
        "coordinates": [
          41.845634,
          47.58614
        ]
      },
      "properties": {
        "time": "142382"
      }
    },
    {
      "type": "Feature",
      "id": 1484,
      "geometry": {
        "type": "Point",
        "coordinates": [
          41.845634,
          47.58614
        ]
      },
      "properties": {
        "time": "142383"
      }
    },
    {
      "type": "Feature",
      "id": 1485,
      "geometry": {
        "type": "Point",
        "coordinates": [
          41.845634,
          47.58614
        ]
      },
      "properties": {
        "time": "142384"
      }
    },
    {
      "type": "Feature",
      "id": 1486,
      "geometry": {
        "type": "Point",
        "coordinates": [
          41.845634,
          47.58614
        ]
      },
      "properties": {
        "time": "142385"
      }
    },
    {
      "type": "Feature",
      "id": 1487,
      "geometry": {
        "type": "Point",
        "coordinates": [
          41.845634,
          47.58614
        ]
      },
      "properties": {
        "time": "142386"
      }
    },
    {
      "type": "Feature",
      "id": 1488,
      "geometry": {
        "type": "Point",
        "coordinates": [
          41.845634,
          47.58614
        ]
      },
      "properties": {
        "time": "142387"
      }
    },
    {
      "type": "Feature",
      "id": 1489,
      "geometry": {
        "type": "Point",
        "coordinates": [
          41.845634,
          47.58614
        ]
      },
      "properties": {
        "time": "142388"
      }
    },
    {
      "type": "Feature",
      "id": 1490,
      "geometry": {
        "type": "Point",
        "coordinates": [
          41.845634,
          47.58614
        ]
      },
      "properties": {
        "time": "142389"
      }
    },
    {
      "type": "Feature",
      "id": 1491,
      "geometry": {
        "type": "Point",
        "coordinates": [
          41.845634,
          47.58614
        ]
      },
      "properties": {
        "time": "142390"
      }
    },
    {
      "type": "Feature",
      "id": 1492,
      "geometry": {
        "type": "Point",
        "coordinates": [
          41.845634,
          47.58614
        ]
      },
      "properties": {
        "time": "142391"
      }
    },
    {
      "type": "Feature",
      "id": 1493,
      "geometry": {
        "type": "Point",
        "coordinates": [
          41.845634,
          47.58614
        ]
      },
      "properties": {
        "time": "142392"
      }
    },
    {
      "type": "Feature",
      "id": 1494,
      "geometry": {
        "type": "Point",
        "coordinates": [
          41.845634,
          47.58614
        ]
      },
      "properties": {
        "time": "142393"
      }
    },
    {
      "type": "Feature",
      "id": 1495,
      "geometry": {
        "type": "Point",
        "coordinates": [
          41.845634,
          47.58614
        ]
      },
      "properties": {
        "time": "142394"
      }
    },
    {
      "type": "Feature",
      "id": 1496,
      "geometry": {
        "type": "Point",
        "coordinates": [
          41.845634,
          47.58614
        ]
      },
      "properties": {
        "time": "142395"
      }
    },
    {
      "type": "Feature",
      "id": 1497,
      "geometry": {
        "type": "Point",
        "coordinates": [
          41.845634,
          47.58614
        ]
      },
      "properties": {
        "time": "142396"
      }
    },
    {
      "type": "Feature",
      "id": 1498,
      "geometry": {
        "type": "Point",
        "coordinates": [
          41.845634,
          47.58614
        ]
      },
      "properties": {
        "time": "142397"
      }
    },
    {
      "type": "Feature",
      "id": 1499,
      "geometry": {
        "type": "Point",
        "coordinates": [
          41.845634,
          47.58614
        ]
      },
      "properties": {
        "time": "142398"
      }
    },
    {
      "type": "Feature",
      "id": 1500,
      "geometry": {
        "type": "Point",
        "coordinates": [
          41.845634,
          47.58614
        ]
      },
      "properties": {
        "time": "142399"
      }
    },
    {
      "type": "Feature",
      "id": 1501,
      "geometry": {
        "type": "Point",
        "coordinates": [
          41.845634,
          47.58614
        ]
      },
      "properties": {
        "time": "142400"
      }
    },
    {
      "type": "Feature",
      "id": 1502,
      "geometry": {
        "type": "Point",
        "coordinates": [
          41.845634,
          47.58614
        ]
      },
      "properties": {
        "time": "142401"
      }
    },
    {
      "type": "Feature",
      "id": 1503,
      "geometry": {
        "type": "Point",
        "coordinates": [
          41.845634,
          47.58614
        ]
      },
      "properties": {
        "time": "142402"
      }
    },
    {
      "type": "Feature",
      "id": 1504,
      "geometry": {
        "type": "Point",
        "coordinates": [
          41.845634,
          47.58614
        ]
      },
      "properties": {
        "time": "142403"
      }
    },
    {
      "type": "Feature",
      "id": 1505,
      "geometry": {
        "type": "Point",
        "coordinates": [
          41.845634,
          47.58614
        ]
      },
      "properties": {
        "time": "142404"
      }
    },
    {
      "type": "Feature",
      "id": 1506,
      "geometry": {
        "type": "Point",
        "coordinates": [
          41.845634,
          47.58614
        ]
      },
      "properties": {
        "time": "142405"
      }
    },
    {
      "type": "Feature",
      "id": 1507,
      "geometry": {
        "type": "Point",
        "coordinates": [
          41.845634,
          47.58614
        ]
      },
      "properties": {
        "time": "142406"
      }
    },
    {
      "type": "Feature",
      "id": 1508,
      "geometry": {
        "type": "Point",
        "coordinates": [
          41.845634,
          47.58614
        ]
      },
      "properties": {
        "time": "142407"
      }
    },
    {
      "type": "Feature",
      "id": 1509,
      "geometry": {
        "type": "Point",
        "coordinates": [
          41.845634,
          47.58614
        ]
      },
      "properties": {
        "time": "142408"
      }
    },
    {
      "type": "Feature",
      "id": 1510,
      "geometry": {
        "type": "Point",
        "coordinates": [
          41.845634,
          47.58614
        ]
      },
      "properties": {
        "time": "142409"
      }
    },
    {
      "type": "Feature",
      "id": 1511,
      "geometry": {
        "type": "Point",
        "coordinates": [
          41.845634,
          47.58614
        ]
      },
      "properties": {
        "time": "142410"
      }
    },
    {
      "type": "Feature",
      "id": 1512,
      "geometry": {
        "type": "Point",
        "coordinates": [
          41.845634,
          47.58614
        ]
      },
      "properties": {
        "time": "142411"
      }
    },
    {
      "type": "Feature",
      "id": 1513,
      "geometry": {
        "type": "Point",
        "coordinates": [
          41.845634,
          47.58614
        ]
      },
      "properties": {
        "time": "142412"
      }
    },
    {
      "type": "Feature",
      "id": 1514,
      "geometry": {
        "type": "Point",
        "coordinates": [
          41.845634,
          47.58614
        ]
      },
      "properties": {
        "time": "142413"
      }
    },
    {
      "type": "Feature",
      "id": 1515,
      "geometry": {
        "type": "Point",
        "coordinates": [
          41.845634,
          47.58614
        ]
      },
      "properties": {
        "time": "142414"
      }
    },
    {
      "type": "Feature",
      "id": 1516,
      "geometry": {
        "type": "Point",
        "coordinates": [
          41.845634,
          47.58614
        ]
      },
      "properties": {
        "time": "142415"
      }
    },
    {
      "type": "Feature",
      "id": 1517,
      "geometry": {
        "type": "Point",
        "coordinates": [
          41.845634,
          47.58614
        ]
      },
      "properties": {
        "time": "142416"
      }
    },
    {
      "type": "Feature",
      "id": 1518,
      "geometry": {
        "type": "Point",
        "coordinates": [
          41.845634,
          47.58614
        ]
      },
      "properties": {
        "time": "142417"
      }
    },
    {
      "type": "Feature",
      "id": 1519,
      "geometry": {
        "type": "Point",
        "coordinates": [
          41.845634,
          47.58614
        ]
      },
      "properties": {
        "time": "142418"
      }
    },
    {
      "type": "Feature",
      "id": 1520,
      "geometry": {
        "type": "Point",
        "coordinates": [
          41.845634,
          47.58614
        ]
      },
      "properties": {
        "time": "142419"
      }
    },
    {
      "type": "Feature",
      "id": 1521,
      "geometry": {
        "type": "Point",
        "coordinates": [
          41.845634,
          47.58614
        ]
      },
      "properties": {
        "time": "142420"
      }
    },
    {
      "type": "Feature",
      "id": 1522,
      "geometry": {
        "type": "Point",
        "coordinates": [
          41.845634,
          47.58614
        ]
      },
      "properties": {
        "time": "142421"
      }
    },
    {
      "type": "Feature",
      "id": 1523,
      "geometry": {
        "type": "Point",
        "coordinates": [
          41.845634,
          47.58614
        ]
      },
      "properties": {
        "time": "142422"
      }
    },
    {
      "type": "Feature",
      "id": 1524,
      "geometry": {
        "type": "Point",
        "coordinates": [
          41.845634,
          47.58614
        ]
      },
      "properties": {
        "time": "142423"
      }
    },
    {
      "type": "Feature",
      "id": 1525,
      "geometry": {
        "type": "Point",
        "coordinates": [
          41.845634,
          47.58614
        ]
      },
      "properties": {
        "time": "142424"
      }
    },
    {
      "type": "Feature",
      "id": 1526,
      "geometry": {
        "type": "Point",
        "coordinates": [
          41.845634,
          47.58614
        ]
      },
      "properties": {
        "time": "142425"
      }
    },
    {
      "type": "Feature",
      "id": 1527,
      "geometry": {
        "type": "Point",
        "coordinates": [
          41.845634,
          47.58614
        ]
      },
      "properties": {
        "time": "142426"
      }
    },
    {
      "type": "Feature",
      "id": 1528,
      "geometry": {
        "type": "Point",
        "coordinates": [
          41.845634,
          47.58614
        ]
      },
      "properties": {
        "time": "142427"
      }
    },
    {
      "type": "Feature",
      "id": 1529,
      "geometry": {
        "type": "Point",
        "coordinates": [
          41.845634,
          47.58614
        ]
      },
      "properties": {
        "time": "142428"
      }
    },
    {
      "type": "Feature",
      "id": 1530,
      "geometry": {
        "type": "Point",
        "coordinates": [
          41.845634,
          47.58614
        ]
      },
      "properties": {
        "time": "142429"
      }
    },
    {
      "type": "Feature",
      "id": 1531,
      "geometry": {
        "type": "Point",
        "coordinates": [
          41.845634,
          47.58614
        ]
      },
      "properties": {
        "time": "142430"
      }
    },
    {
      "type": "Feature",
      "id": 1532,
      "geometry": {
        "type": "Point",
        "coordinates": [
          41.845634,
          47.58614
        ]
      },
      "properties": {
        "time": "142431"
      }
    },
    {
      "type": "Feature",
      "id": 1533,
      "geometry": {
        "type": "Point",
        "coordinates": [
          41.845634,
          47.58614
        ]
      },
      "properties": {
        "time": "142432"
      }
    },
    {
      "type": "Feature",
      "id": 1534,
      "geometry": {
        "type": "Point",
        "coordinates": [
          41.845634,
          47.58614
        ]
      },
      "properties": {
        "time": "142433"
      }
    },
    {
      "type": "Feature",
      "id": 1535,
      "geometry": {
        "type": "Point",
        "coordinates": [
          41.845634,
          47.58614
        ]
      },
      "properties": {
        "time": "142434"
      }
    },
    {
      "type": "Feature",
      "id": 1536,
      "geometry": {
        "type": "Point",
        "coordinates": [
          41.845634,
          47.58614
        ]
      },
      "properties": {
        "time": "142435"
      }
    },
    {
      "type": "Feature",
      "id": 1537,
      "geometry": {
        "type": "Point",
        "coordinates": [
          41.845634,
          47.58614
        ]
      },
      "properties": {
        "time": "142436"
      }
    },
    {
      "type": "Feature",
      "id": 1538,
      "geometry": {
        "type": "Point",
        "coordinates": [
          41.845634,
          47.58614
        ]
      },
      "properties": {
        "time": "142437"
      }
    },
    {
      "type": "Feature",
      "id": 1539,
      "geometry": {
        "type": "Point",
        "coordinates": [
          41.845634,
          47.58614
        ]
      },
      "properties": {
        "time": "142438"
      }
    },
    {
      "type": "Feature",
      "id": 1540,
      "geometry": {
        "type": "Point",
        "coordinates": [
          41.845634,
          47.58614
        ]
      },
      "properties": {
        "time": "142439"
      }
    },
    {
      "type": "Feature",
      "id": 1541,
      "geometry": {
        "type": "Point",
        "coordinates": [
          41.845634,
          47.58614
        ]
      },
      "properties": {
        "time": "142440"
      }
    },
    {
      "type": "Feature",
      "id": 1542,
      "geometry": {
        "type": "Point",
        "coordinates": [
          41.845634,
          47.58614
        ]
      },
      "properties": {
        "time": "142441"
      }
    },
    {
      "type": "Feature",
      "id": 1543,
      "geometry": {
        "type": "Point",
        "coordinates": [
          41.845634,
          47.58614
        ]
      },
      "properties": {
        "time": "142442"
      }
    },
    {
      "type": "Feature",
      "id": 1544,
      "geometry": {
        "type": "Point",
        "coordinates": [
          41.845634,
          47.58614
        ]
      },
      "properties": {
        "time": "142443"
      }
    },
    {
      "type": "Feature",
      "id": 1545,
      "geometry": {
        "type": "Point",
        "coordinates": [
          41.845634,
          47.58614
        ]
      },
      "properties": {
        "time": "142444"
      }
    },
    {
      "type": "Feature",
      "id": 1546,
      "geometry": {
        "type": "Point",
        "coordinates": [
          41.845634,
          47.58614
        ]
      },
      "properties": {
        "time": "142445"
      }
    },
    {
      "type": "Feature",
      "id": 1547,
      "geometry": {
        "type": "Point",
        "coordinates": [
          41.845634,
          47.58614
        ]
      },
      "properties": {
        "time": "142446"
      }
    },
    {
      "type": "Feature",
      "id": 1548,
      "geometry": {
        "type": "Point",
        "coordinates": [
          41.845634,
          47.58614
        ]
      },
      "properties": {
        "time": "142447"
      }
    },
    {
      "type": "Feature",
      "id": 1549,
      "geometry": {
        "type": "Point",
        "coordinates": [
          41.845634,
          47.58614
        ]
      },
      "properties": {
        "time": "142448"
      }
    },
    {
      "type": "Feature",
      "id": 1550,
      "geometry": {
        "type": "Point",
        "coordinates": [
          41.845634,
          47.58614
        ]
      },
      "properties": {
        "time": "142449"
      }
    },
    {
      "type": "Feature",
      "id": 1551,
      "geometry": {
        "type": "Point",
        "coordinates": [
          41.845634,
          47.58614
        ]
      },
      "properties": {
        "time": "142450"
      }
    },
    {
      "type": "Feature",
      "id": 1552,
      "geometry": {
        "type": "Point",
        "coordinates": [
          41.845634,
          47.58614
        ]
      },
      "properties": {
        "time": "142451"
      }
    },
    {
      "type": "Feature",
      "id": 1553,
      "geometry": {
        "type": "Point",
        "coordinates": [
          41.845634,
          47.58614
        ]
      },
      "properties": {
        "time": "142452"
      }
    },
    {
      "type": "Feature",
      "id": 1554,
      "geometry": {
        "type": "Point",
        "coordinates": [
          41.845634,
          47.58614
        ]
      },
      "properties": {
        "time": "142453"
      }
    },
    {
      "type": "Feature",
      "id": 1555,
      "geometry": {
        "type": "Point",
        "coordinates": [
          41.845634,
          47.58614
        ]
      },
      "properties": {
        "time": "142454"
      }
    },
    {
      "type": "Feature",
      "id": 1556,
      "geometry": {
        "type": "Point",
        "coordinates": [
          41.845634,
          47.58614
        ]
      },
      "properties": {
        "time": "142455"
      }
    },
    {
      "type": "Feature",
      "id": 1557,
      "geometry": {
        "type": "Point",
        "coordinates": [
          41.845634,
          47.58614
        ]
      },
      "properties": {
        "time": "142456"
      }
    },
    {
      "type": "Feature",
      "id": 1558,
      "geometry": {
        "type": "Point",
        "coordinates": [
          41.845634,
          47.58614
        ]
      },
      "properties": {
        "time": "142457"
      }
    },
    {
      "type": "Feature",
      "id": 1559,
      "geometry": {
        "type": "Point",
        "coordinates": [
          41.845634,
          47.58614
        ]
      },
      "properties": {
        "time": "142458"
      }
    },
    {
      "type": "Feature",
      "id": 1560,
      "geometry": {
        "type": "Point",
        "coordinates": [
          41.845634,
          47.58614
        ]
      },
      "properties": {
        "time": "142459"
      }
    },
    {
      "type": "Feature",
      "id": 1561,
      "geometry": {
        "type": "Point",
        "coordinates": [
          41.845634,
          47.58614
        ]
      },
      "properties": {
        "time": "142460"
      }
    },
    {
      "type": "Feature",
      "id": 1562,
      "geometry": {
        "type": "Point",
        "coordinates": [
          41.845634,
          47.58614
        ]
      },
      "properties": {
        "time": "142461"
      }
    },
    {
      "type": "Feature",
      "id": 1563,
      "geometry": {
        "type": "Point",
        "coordinates": [
          41.845634,
          47.58614
        ]
      },
      "properties": {
        "time": "142462"
      }
    },
    {
      "type": "Feature",
      "id": 1564,
      "geometry": {
        "type": "Point",
        "coordinates": [
          41.845634,
          47.58614
        ]
      },
      "properties": {
        "time": "142463"
      }
    },
    {
      "type": "Feature",
      "id": 1565,
      "geometry": {
        "type": "Point",
        "coordinates": [
          41.845634,
          47.58614
        ]
      },
      "properties": {
        "time": "142464"
      }
    },
    {
      "type": "Feature",
      "id": 1566,
      "geometry": {
        "type": "Point",
        "coordinates": [
          41.845634,
          47.58614
        ]
      },
      "properties": {
        "time": "142465"
      }
    },
    {
      "type": "Feature",
      "id": 1567,
      "geometry": {
        "type": "Point",
        "coordinates": [
          41.845634,
          47.58614
        ]
      },
      "properties": {
        "time": "142466"
      }
    },
    {
      "type": "Feature",
      "id": 1568,
      "geometry": {
        "type": "Point",
        "coordinates": [
          41.845634,
          47.58614
        ]
      },
      "properties": {
        "time": "142467"
      }
    },
    {
      "type": "Feature",
      "id": 1569,
      "geometry": {
        "type": "Point",
        "coordinates": [
          41.845634,
          47.58614
        ]
      },
      "properties": {
        "time": "142468"
      }
    },
    {
      "type": "Feature",
      "id": 1570,
      "geometry": {
        "type": "Point",
        "coordinates": [
          41.845634,
          47.58614
        ]
      },
      "properties": {
        "time": "142469"
      }
    },
    {
      "type": "Feature",
      "id": 1571,
      "geometry": {
        "type": "Point",
        "coordinates": [
          41.845634,
          47.58614
        ]
      },
      "properties": {
        "time": "142470"
      }
    },
    {
      "type": "Feature",
      "id": 1572,
      "geometry": {
        "type": "Point",
        "coordinates": [
          41.845634,
          47.58614
        ]
      },
      "properties": {
        "time": "142471"
      }
    },
    {
      "type": "Feature",
      "id": 1573,
      "geometry": {
        "type": "Point",
        "coordinates": [
          41.845634,
          47.58614
        ]
      },
      "properties": {
        "time": "142472"
      }
    },
    {
      "type": "Feature",
      "id": 1574,
      "geometry": {
        "type": "Point",
        "coordinates": [
          41.845634,
          47.58614
        ]
      },
      "properties": {
        "time": "142473"
      }
    },
    {
      "type": "Feature",
      "id": 1575,
      "geometry": {
        "type": "Point",
        "coordinates": [
          41.845634,
          47.58614
        ]
      },
      "properties": {
        "time": "142474"
      }
    },
    {
      "type": "Feature",
      "id": 1576,
      "geometry": {
        "type": "Point",
        "coordinates": [
          41.845634,
          47.58614
        ]
      },
      "properties": {
        "time": "142475"
      }
    },
    {
      "type": "Feature",
      "id": 1577,
      "geometry": {
        "type": "Point",
        "coordinates": [
          41.845634,
          47.58614
        ]
      },
      "properties": {
        "time": "142476"
      }
    },
    {
      "type": "Feature",
      "id": 1578,
      "geometry": {
        "type": "Point",
        "coordinates": [
          41.845634,
          47.58614
        ]
      },
      "properties": {
        "time": "142477"
      }
    },
    {
      "type": "Feature",
      "id": 1579,
      "geometry": {
        "type": "Point",
        "coordinates": [
          41.845634,
          47.58614
        ]
      },
      "properties": {
        "time": "142478"
      }
    },
    {
      "type": "Feature",
      "id": 0,
      "geometry": {
        "type": "LineString",
        "coordinates": [
          [
            42.15073,
            47.556541
          ],
          [
            42.15073,
            47.556541
          ],
          [
            42.15073,
            47.556541
          ],
          [
            42.15073,
            47.556541
          ],
          [
            42.15073,
            47.556541
          ],
          [
            42.15073,
            47.556541
          ],
          [
            42.15073,
            47.556541
          ],
          [
            42.15073,
            47.556541
          ],
          [
            42.15073,
            47.556541
          ],
          [
            42.15073,
            47.556541
          ],
          [
            42.15073,
            47.556541
          ],
          [
            42.15073,
            47.556541
          ],
          [
            42.15073,
            47.556541
          ],
          [
            42.15073,
            47.556541
          ],
          [
            42.15073,
            47.556541
          ],
          [
            42.15073,
            47.556541
          ],
          [
            42.15073,
            47.556541
          ],
          [
            42.15073,
            47.556541
          ],
          [
            42.15073,
            47.556541
          ],
          [
            42.15073,
            47.556541
          ],
          [
            42.15073,
            47.556541
          ],
          [
            42.15073,
            47.556541
          ],
          [
            42.15073,
            47.556541
          ],
          [
            42.15073,
            47.556541
          ],
          [
            42.15073,
            47.556541
          ],
          [
            42.15073,
            47.556541
          ],
          [
            42.15073,
            47.556541
          ],
          [
            42.15073,
            47.556541
          ],
          [
            42.15073,
            47.556541
          ],
          [
            42.15073,
            47.556541
          ],
          [
            42.15073,
            47.556541
          ],
          [
            42.15073,
            47.556541
          ],
          [
            42.15073,
            47.556541
          ],
          [
            42.15073,
            47.556541
          ],
          [
            42.15073,
            47.556541
          ],
          [
            42.15073,
            47.556541
          ],
          [
            42.15073,
            47.556541
          ],
          [
            42.15073,
            47.556541
          ],
          [
            42.15073,
            47.556541
          ],
          [
            42.15073,
            47.556541
          ],
          [
            42.15073,
            47.556541
          ],
          [
            42.15073,
            47.556541
          ],
          [
            42.15073,
            47.556541
          ],
          [
            42.15073,
            47.556541
          ],
          [
            42.15073,
            47.556541
          ],
          [
            42.15073,
            47.556541
          ],
          [
            42.15073,
            47.556541
          ],
          [
            42.15073,
            47.556541
          ],
          [
            42.15073,
            47.556541
          ],
          [
            42.15073,
            47.556541
          ],
          [
            42.15073,
            47.556541
          ],
          [
            42.15073,
            47.556541
          ],
          [
            42.15073,
            47.556541
          ],
          [
            42.15073,
            47.556541
          ],
          [
            42.15073,
            47.556541
          ],
          [
            42.15073,
            47.556541
          ],
          [
            42.15073,
            47.556541
          ],
          [
            42.15073,
            47.556541
          ],
          [
            42.15073,
            47.556541
          ],
          [
            42.15073,
            47.556541
          ],
          [
            42.15073,
            47.556541
          ],
          [
            42.15073,
            47.556541
          ],
          [
            42.15073,
            47.556541
          ],
          [
            42.15073,
            47.556541
          ],
          [
            42.15073,
            47.556541
          ],
          [
            42.15073,
            47.556541
          ],
          [
            42.15073,
            47.556541
          ],
          [
            42.15073,
            47.556541
          ],
          [
            42.15073,
            47.556541
          ],
          [
            42.15073,
            47.556541
          ],
          [
            42.15073,
            47.556541
          ],
          [
            42.15073,
            47.556541
          ],
          [
            42.15073,
            47.556541
          ],
          [
            42.15073,
            47.556541
          ],
          [
            42.15073,
            47.556541
          ],
          [
            42.15073,
            47.556541
          ],
          [
            42.15073,
            47.556541
          ],
          [
            42.15073,
            47.556541
          ],
          [
            42.15073,
            47.556541
          ],
          [
            42.15073,
            47.556541
          ],
          [
            42.15073,
            47.556541
          ],
          [
            42.15073,
            47.556541
          ],
          [
            42.15073,
            47.556541
          ],
          [
            42.15073,
            47.556541
          ],
          [
            42.15073,
            47.556541
          ],
          [
            42.15073,
            47.556541
          ],
          [
            42.15073,
            47.556541
          ],
          [
            42.15073,
            47.556541
          ],
          [
            42.15073,
            47.556541
          ],
          [
            42.15073,
            47.556541
          ],
          [
            42.15073,
            47.556541
          ],
          [
            42.15073,
            47.556541
          ],
          [
            42.15073,
            47.556541
          ],
          [
            42.15073,
            47.556541
          ],
          [
            42.15073,
            47.556541
          ],
          [
            42.15073,
            47.556541
          ],
          [
            42.15073,
            47.556541
          ],
          [
            42.15073,
            47.556541
          ],
          [
            42.15073,
            47.556541
          ],
          [
            42.15073,
            47.556541
          ],
          [
            42.15073,
            47.556541
          ],
          [
            42.15073,
            47.556541
          ],
          [
            42.15073,
            47.556541
          ],
          [
            42.15073,
            47.556541
          ],
          [
            42.15073,
            47.556541
          ],
          [
            42.15073,
            47.556541
          ],
          [
            42.15073,
            47.556541
          ],
          [
            42.15073,
            47.556541
          ],
          [
            42.15073,
            47.556541
          ],
          [
            42.15073,
            47.556541
          ],
          [
            42.15073,
            47.556541
          ],
          [
            42.15073,
            47.556541
          ],
          [
            42.15073,
            47.556541
          ],
          [
            42.15073,
            47.556541
          ],
          [
            42.15073,
            47.556541
          ],
          [
            42.15073,
            47.556541
          ],
          [
            42.15073,
            47.556541
          ],
          [
            42.15073,
            47.556541
          ],
          [
            42.15073,
            47.556541
          ],
          [
            42.15073,
            47.556541
          ],
          [
            42.15073,
            47.556541
          ],
          [
            42.15073,
            47.556541
          ],
          [
            42.15073,
            47.556541
          ],
          [
            42.15073,
            47.556541
          ],
          [
            42.15073,
            47.556541
          ],
          [
            42.15073,
            47.556541
          ],
          [
            42.15073,
            47.556541
          ],
          [
            42.15073,
            47.556541
          ],
          [
            42.15073,
            47.556541
          ],
          [
            42.15073,
            47.556541
          ],
          [
            42.15073,
            47.556541
          ],
          [
            42.15073,
            47.556541
          ],
          [
            42.15073,
            47.556541
          ],
          [
            42.15073,
            47.556541
          ],
          [
            42.15073,
            47.556541
          ],
          [
            42.15073,
            47.556541
          ],
          [
            42.15073,
            47.556541
          ],
          [
            42.15073,
            47.556541
          ],
          [
            42.15073,
            47.556541
          ],
          [
            42.15073,
            47.556541
          ],
          [
            42.15073,
            47.556541
          ],
          [
            42.15073,
            47.556541
          ],
          [
            42.15073,
            47.556541
          ],
          [
            42.15073,
            47.556541
          ],
          [
            42.15073,
            47.556541
          ],
          [
            42.15073,
            47.556541
          ],
          [
            42.15073,
            47.556541
          ],
          [
            42.15073,
            47.556541
          ],
          [
            42.15073,
            47.556541
          ],
          [
            42.15073,
            47.556541
          ],
          [
            41.845634,
            47.58614
          ],
          [
            41.845634,
            47.58614
          ],
          [
            41.845634,
            47.58614
          ],
          [
            41.845634,
            47.58614
          ],
          [
            41.845634,
            47.58614
          ],
          [
            41.845634,
            47.58614
          ],
          [
            41.845634,
            47.58614
          ],
          [
            41.845634,
            47.58614
          ],
          [
            41.845634,
            47.58614
          ],
          [
            41.845634,
            47.58614
          ],
          [
            41.845634,
            47.58614
          ],
          [
            41.845634,
            47.58614
          ],
          [
            41.845634,
            47.58614
          ],
          [
            41.845634,
            47.58614
          ],
          [
            41.845634,
            47.58614
          ],
          [
            41.845634,
            47.58614
          ],
          [
            41.845634,
            47.58614
          ],
          [
            41.845634,
            47.58614
          ],
          [
            41.845634,
            47.58614
          ],
          [
            41.845634,
            47.58614
          ],
          [
            41.845634,
            47.58614
          ],
          [
            41.845634,
            47.58614
          ],
          [
            41.845634,
            47.58614
          ],
          [
            41.845634,
            47.58614
          ],
          [
            41.845634,
            47.58614
          ],
          [
            41.845634,
            47.58614
          ],
          [
            41.845634,
            47.58614
          ],
          [
            41.845634,
            47.58614
          ],
          [
            41.845634,
            47.58614
          ],
          [
            41.845634,
            47.58614
          ],
          [
            41.845634,
            47.58614
          ],
          [
            41.845634,
            47.58614
          ],
          [
            41.845634,
            47.58614
          ],
          [
            41.845634,
            47.58614
          ],
          [
            41.845634,
            47.58614
          ],
          [
            41.845634,
            47.58614
          ],
          [
            41.845634,
            47.58614
          ],
          [
            41.845634,
            47.58614
          ],
          [
            41.845634,
            47.58614
          ],
          [
            41.845634,
            47.58614
          ],
          [
            41.845634,
            47.58614
          ],
          [
            41.845634,
            47.58614
          ],
          [
            41.845634,
            47.58614
          ],
          [
            41.845634,
            47.58614
          ],
          [
            41.845634,
            47.58614
          ],
          [
            41.845634,
            47.58614
          ],
          [
            41.845634,
            47.58614
          ],
          [
            41.845634,
            47.58614
          ],
          [
            41.845634,
            47.58614
          ],
          [
            41.845634,
            47.58614
          ],
          [
            41.845634,
            47.58614
          ],
          [
            41.845634,
            47.58614
          ],
          [
            41.845634,
            47.58614
          ],
          [
            41.845634,
            47.58614
          ],
          [
            41.845634,
            47.58614
          ],
          [
            41.845634,
            47.58614
          ],
          [
            41.845634,
            47.58614
          ],
          [
            41.845634,
            47.58614
          ],
          [
            41.845634,
            47.58614
          ],
          [
            41.845634,
            47.58614
          ],
          [
            41.845634,
            47.58614
          ],
          [
            41.845634,
            47.58614
          ],
          [
            41.845634,
            47.58614
          ],
          [
            41.845634,
            47.58614
          ],
          [
            41.845634,
            47.58614
          ],
          [
            41.845634,
            47.58614
          ],
          [
            41.845634,
            47.58614
          ],
          [
            41.845634,
            47.58614
          ],
          [
            41.845634,
            47.58614
          ],
          [
            41.845634,
            47.58614
          ],
          [
            41.845634,
            47.58614
          ],
          [
            41.845634,
            47.58614
          ],
          [
            41.845634,
            47.58614
          ],
          [
            41.845634,
            47.58614
          ],
          [
            41.845634,
            47.58614
          ],
          [
            41.845634,
            47.58614
          ],
          [
            41.845634,
            47.58614
          ],
          [
            41.845634,
            47.58614
          ],
          [
            41.845634,
            47.58614
          ],
          [
            41.845634,
            47.58614
          ],
          [
            41.845634,
            47.58614
          ],
          [
            41.845634,
            47.58614
          ],
          [
            41.845634,
            47.58614
          ],
          [
            41.845634,
            47.58614
          ],
          [
            41.845634,
            47.58614
          ],
          [
            41.845634,
            47.58614
          ],
          [
            41.845634,
            47.58614
          ],
          [
            41.845634,
            47.58614
          ],
          [
            41.845634,
            47.58614
          ],
          [
            41.845634,
            47.58614
          ],
          [
            41.845634,
            47.58614
          ],
          [
            41.845634,
            47.58614
          ],
          [
            41.845634,
            47.58614
          ],
          [
            41.845634,
            47.58614
          ],
          [
            41.845634,
            47.58614
          ],
          [
            41.845634,
            47.58614
          ],
          [
            41.845634,
            47.58614
          ],
          [
            41.845634,
            47.58614
          ],
          [
            41.845634,
            47.58614
          ],
          [
            41.845634,
            47.58614
          ],
          [
            41.845634,
            47.58614
          ],
          [
            41.845634,
            47.58614
          ],
          [
            41.845634,
            47.58614
          ],
          [
            41.845634,
            47.58614
          ],
          [
            41.845634,
            47.58614
          ],
          [
            41.845634,
            47.58614
          ],
          [
            41.845634,
            47.58614
          ],
          [
            41.845634,
            47.58614
          ],
          [
            41.845634,
            47.58614
          ],
          [
            41.845634,
            47.58614
          ],
          [
            41.845634,
            47.58614
          ],
          [
            41.845634,
            47.58614
          ],
          [
            41.845634,
            47.58614
          ],
          [
            41.845634,
            47.58614
          ],
          [
            41.845634,
            47.58614
          ],
          [
            41.845634,
            47.58614
          ],
          [
            41.845634,
            47.58614
          ],
          [
            41.845634,
            47.58614
          ],
          [
            41.845634,
            47.58614
          ],
          [
            41.845634,
            47.58614
          ],
          [
            41.845634,
            47.58614
          ],
          [
            41.845634,
            47.58614
          ],
          [
            41.845634,
            47.58614
          ],
          [
            41.845634,
            47.58614
          ],
          [
            41.845634,
            47.58614
          ],
          [
            41.845634,
            47.58614
          ],
          [
            41.845634,
            47.58614
          ],
          [
            41.845634,
            47.58614
          ],
          [
            41.845634,
            47.58614
          ],
          [
            41.845634,
            47.58614
          ],
          [
            41.845634,
            47.58614
          ],
          [
            41.845634,
            47.58614
          ],
          [
            41.845634,
            47.58614
          ],
          [
            41.845634,
            47.58614
          ],
          [
            41.845634,
            47.58614
          ],
          [
            41.845634,
            47.58614
          ],
          [
            41.845634,
            47.58614
          ],
          [
            41.845634,
            47.58614
          ],
          [
            41.845634,
            47.58614
          ],
          [
            41.845634,
            47.58614
          ],
          [
            41.845634,
            47.58614
          ],
          [
            41.845634,
            47.58614
          ],
          [
            41.845634,
            47.58614
          ],
          [
            41.845634,
            47.58614
          ],
          [
            41.845634,
            47.58614
          ],
          [
            41.845634,
            47.58614
          ],
          [
            41.845634,
            47.58614
          ],
          [
            41.845634,
            47.58614
          ],
          [
            41.845634,
            47.58614
          ],
          [
            41.845634,
            47.58614
          ],
          [
            41.845634,
            47.58614
          ],
          [
            41.845634,
            47.58614
          ],
          [
            41.845634,
            47.58614
          ],
          [
            41.845634,
            47.58614
          ],
          [
            41.845634,
            47.58614
          ],
          [
            41.845634,
            47.58614
          ],
          [
            41.845634,
            47.58614
          ],
          [
            41.845634,
            47.58614
          ],
          [
            41.845634,
            47.58614
          ],
          [
            41.845634,
            47.58614
          ],
          [
            41.845634,
            47.58614
          ],
          [
            41.845634,
            47.58614
          ],
          [
            41.845634,
            47.58614
          ],
          [
            41.845634,
            47.58614
          ],
          [
            41.845634,
            47.58614
          ],
          [
            41.845634,
            47.58614
          ],
          [
            41.845634,
            47.58614
          ],
          [
            41.845634,
            47.58614
          ],
          [
            41.845634,
            47.58614
          ],
          [
            41.845634,
            47.58614
          ],
          [
            41.845634,
            47.58614
          ],
          [
            41.845634,
            47.58614
          ],
          [
            41.845634,
            47.58614
          ],
          [
            41.845634,
            47.58614
          ],
          [
            41.845634,
            47.58614
          ],
          [
            41.845634,
            47.58614
          ],
          [
            41.845634,
            47.58614
          ],
          [
            41.845634,
            47.58614
          ],
          [
            41.845634,
            47.58614
          ],
          [
            41.845634,
            47.58614
          ],
          [
            41.845634,
            47.58614
          ],
          [
            41.845634,
            47.58614
          ],
          [
            41.845634,
            47.58614
          ],
          [
            41.845634,
            47.58614
          ],
          [
            41.845634,
            47.58614
          ],
          [
            41.845634,
            47.58614
          ],
          [
            41.845634,
            47.58614
          ],
          [
            41.845634,
            47.58614
          ],
          [
            41.845634,
            47.58614
          ],
          [
            41.845634,
            47.58614
          ],
          [
            41.845634,
            47.58614
          ],
          [
            41.845634,
            47.58614
          ],
          [
            41.845634,
            47.58614
          ],
          [
            41.845634,
            47.58614
          ],
          [
            41.845634,
            47.58614
          ],
          [
            41.845634,
            47.58614
          ],
          [
            41.845634,
            47.58614
          ],
          [
            41.845634,
            47.58614
          ],
          [
            41.845634,
            47.58614
          ],
          [
            41.845634,
            47.58614
          ],
          [
            41.845634,
            47.58614
          ],
          [
            41.845634,
            47.58614
          ],
          [
            41.845634,
            47.58614
          ],
          [
            41.845634,
            47.58614
          ],
          [
            41.845634,
            47.58614
          ],
          [
            41.845634,
            47.58614
          ],
          [
            41.845634,
            47.58614
          ],
          [
            41.845634,
            47.58614
          ],
          [
            41.845634,
            47.58614
          ],
          [
            41.845634,
            47.58614
          ],
          [
            41.845634,
            47.58614
          ],
          [
            41.845634,
            47.58614
          ],
          [
            41.845634,
            47.58614
          ],
          [
            41.845634,
            47.58614
          ],
          [
            41.845634,
            47.58614
          ],
          [
            41.845634,
            47.58614
          ],
          [
            41.845634,
            47.58614
          ],
          [
            41.845634,
            47.58614
          ],
          [
            41.845634,
            47.58614
          ],
          [
            41.845634,
            47.58614
          ],
          [
            41.845634,
            47.58614
          ],
          [
            41.845634,
            47.58614
          ],
          [
            41.845634,
            47.58614
          ],
          [
            41.845634,
            47.58614
          ],
          [
            41.845634,
            47.58614
          ],
          [
            41.845634,
            47.58614
          ],
          [
            41.845634,
            47.58614
          ],
          [
            41.845634,
            47.58614
          ],
          [
            41.845634,
            47.58614
          ],
          [
            41.845634,
            47.58614
          ],
          [
            41.845634,
            47.58614
          ],
          [
            41.845634,
            47.58614
          ],
          [
            41.845634,
            47.58614
          ],
          [
            41.845634,
            47.58614
          ],
          [
            41.845634,
            47.58614
          ],
          [
            41.845634,
            47.58614
          ],
          [
            41.845634,
            47.58614
          ],
          [
            41.845634,
            47.58614
          ],
          [
            41.845634,
            47.58614
          ],
          [
            41.845634,
            47.58614
          ],
          [
            41.845634,
            47.58614
          ],
          [
            41.845634,
            47.58614
          ],
          [
            41.845634,
            47.58614
          ],
          [
            41.845634,
            47.58614
          ],
          [
            41.845634,
            47.58614
          ],
          [
            41.845634,
            47.58614
          ],
          [
            41.845634,
            47.58614
          ],
          [
            41.845634,
            47.58614
          ],
          [
            41.845634,
            47.58614
          ],
          [
            41.845634,
            47.58614
          ],
          [
            41.845634,
            47.58614
          ],
          [
            41.845634,
            47.58614
          ],
          [
            41.845634,
            47.58614
          ],
          [
            41.845634,
            47.58614
          ],
          [
            41.845634,
            47.58614
          ],
          [
            41.845634,
            47.58614
          ],
          [
            41.845634,
            47.58614
          ],
          [
            41.845634,
            47.58614
          ],
          [
            41.845634,
            47.58614
          ],
          [
            41.845634,
            47.58614
          ],
          [
            41.845634,
            47.58614
          ],
          [
            41.845634,
            47.58614
          ],
          [
            41.845634,
            47.58614
          ],
          [
            41.845634,
            47.58614
          ],
          [
            41.845634,
            47.58614
          ],
          [
            41.845634,
            47.58614
          ],
          [
            41.845634,
            47.58614
          ],
          [
            41.845634,
            47.58614
          ],
          [
            41.845634,
            47.58614
          ],
          [
            41.845634,
            47.58614
          ],
          [
            41.845634,
            47.58614
          ],
          [
            41.845634,
            47.58614
          ],
          [
            41.845634,
            47.58614
          ],
          [
            41.845634,
            47.58614
          ],
          [
            41.845634,
            47.58614
          ],
          [
            41.845634,
            47.58614
          ],
          [
            41.845634,
            47.58614
          ],
          [
            41.845634,
            47.58614
          ],
          [
            41.845634,
            47.58614
          ],
          [
            41.845634,
            47.58614
          ],
          [
            41.845634,
            47.58614
          ],
          [
            41.845634,
            47.58614
          ],
          [
            41.845634,
            47.58614
          ],
          [
            41.845634,
            47.58614
          ],
          [
            41.845634,
            47.58614
          ],
          [
            41.845634,
            47.58614
          ],
          [
            41.845634,
            47.58614
          ],
          [
            41.845634,
            47.58614
          ],
          [
            41.845634,
            47.58614
          ],
          [
            41.845634,
            47.58614
          ],
          [
            41.845634,
            47.58614
          ],
          [
            41.845634,
            47.58614
          ],
          [
            41.845634,
            47.58614
          ],
          [
            41.845634,
            47.58614
          ],
          [
            41.845634,
            47.58614
          ],
          [
            41.845634,
            47.58614
          ],
          [
            41.845634,
            47.58614
          ],
          [
            41.845634,
            47.58614
          ],
          [
            41.845634,
            47.58614
          ],
          [
            41.845634,
            47.58614
          ],
          [
            41.845634,
            47.58614
          ],
          [
            41.845634,
            47.58614
          ],
          [
            41.845634,
            47.58614
          ],
          [
            41.845634,
            47.58614
          ],
          [
            41.845634,
            47.58614
          ],
          [
            41.845634,
            47.58614
          ],
          [
            41.845634,
            47.58614
          ],
          [
            41.845634,
            47.58614
          ],
          [
            41.845634,
            47.58614
          ],
          [
            41.845634,
            47.58614
          ],
          [
            41.845634,
            47.58614
          ],
          [
            41.845634,
            47.58614
          ],
          [
            41.845634,
            47.58614
          ],
          [
            41.845634,
            47.58614
          ],
          [
            41.845634,
            47.58614
          ],
          [
            41.845634,
            47.58614
          ],
          [
            41.845634,
            47.58614
          ],
          [
            41.845634,
            47.58614
          ],
          [
            41.845634,
            47.58614
          ],
          [
            41.845634,
            47.58614
          ],
          [
            41.845634,
            47.58614
          ],
          [
            41.845634,
            47.58614
          ],
          [
            41.845634,
            47.58614
          ],
          [
            41.845634,
            47.58614
          ],
          [
            41.845634,
            47.58614
          ],
          [
            41.845634,
            47.58614
          ],
          [
            41.845634,
            47.58614
          ],
          [
            41.845634,
            47.58614
          ],
          [
            41.845634,
            47.58614
          ],
          [
            41.845634,
            47.58614
          ],
          [
            41.845634,
            47.58614
          ],
          [
            41.845634,
            47.58614
          ],
          [
            41.845634,
            47.58614
          ],
          [
            41.845634,
            47.58614
          ],
          [
            41.845634,
            47.58614
          ],
          [
            41.845634,
            47.58614
          ],
          [
            41.845634,
            47.58614
          ],
          [
            41.845634,
            47.58614
          ],
          [
            41.845634,
            47.58614
          ],
          [
            41.845634,
            47.58614
          ],
          [
            41.845634,
            47.58614
          ],
          [
            41.845634,
            47.58614
          ],
          [
            41.845634,
            47.58614
          ],
          [
            41.845634,
            47.58614
          ],
          [
            41.845634,
            47.58614
          ],
          [
            41.845634,
            47.58614
          ],
          [
            41.845634,
            47.58614
          ],
          [
            41.845634,
            47.58614
          ],
          [
            41.845634,
            47.58614
          ],
          [
            41.845634,
            47.58614
          ],
          [
            41.845634,
            47.58614
          ],
          [
            41.845634,
            47.58614
          ],
          [
            41.845634,
            47.58614
          ],
          [
            41.845634,
            47.58614
          ],
          [
            41.845634,
            47.58614
          ],
          [
            41.845634,
            47.58614
          ],
          [
            41.845634,
            47.58614
          ],
          [
            41.845634,
            47.58614
          ],
          [
            41.845634,
            47.58614
          ],
          [
            41.845634,
            47.58614
          ],
          [
            41.845634,
            47.58614
          ],
          [
            41.845634,
            47.58614
          ],
          [
            41.845634,
            47.58614
          ],
          [
            41.845634,
            47.58614
          ],
          [
            41.845634,
            47.58614
          ],
          [
            41.845634,
            47.58614
          ],
          [
            41.845634,
            47.58614
          ],
          [
            41.845634,
            47.58614
          ],
          [
            41.845634,
            47.58614
          ],
          [
            41.845634,
            47.58614
          ],
          [
            41.845634,
            47.58614
          ],
          [
            41.845634,
            47.58614
          ],
          [
            41.845634,
            47.58614
          ],
          [
            41.845634,
            47.58614
          ],
          [
            41.845634,
            47.58614
          ],
          [
            41.845634,
            47.58614
          ],
          [
            41.845634,
            47.58614
          ],
          [
            41.845634,
            47.58614
          ],
          [
            41.845634,
            47.58614
          ],
          [
            41.845634,
            47.58614
          ],
          [
            41.845634,
            47.58614
          ],
          [
            41.845634,
            47.58614
          ],
          [
            41.845634,
            47.58614
          ],
          [
            41.845634,
            47.58614
          ],
          [
            41.845634,
            47.58614
          ],
          [
            41.845634,
            47.58614
          ],
          [
            41.845634,
            47.58614
          ],
          [
            41.845634,
            47.58614
          ],
          [
            41.845634,
            47.58614
          ],
          [
            41.845634,
            47.58614
          ],
          [
            41.845634,
            47.58614
          ],
          [
            41.845634,
            47.58614
          ],
          [
            41.845634,
            47.58614
          ],
          [
            41.845634,
            47.58614
          ],
          [
            41.845634,
            47.58614
          ],
          [
            41.845634,
            47.58614
          ],
          [
            41.845634,
            47.58614
          ],
          [
            41.845634,
            47.58614
          ],
          [
            41.845634,
            47.58614
          ],
          [
            41.845634,
            47.58614
          ],
          [
            41.845634,
            47.58614
          ],
          [
            41.845634,
            47.58614
          ],
          [
            41.845634,
            47.58614
          ],
          [
            41.845634,
            47.58614
          ],
          [
            41.845634,
            47.58614
          ],
          [
            41.845634,
            47.58614
          ],
          [
            41.845634,
            47.58614
          ],
          [
            41.845634,
            47.58614
          ],
          [
            41.845634,
            47.58614
          ],
          [
            41.845634,
            47.58614
          ],
          [
            41.845634,
            47.58614
          ],
          [
            41.845634,
            47.58614
          ],
          [
            41.845634,
            47.58614
          ],
          [
            41.845634,
            47.58614
          ],
          [
            41.845634,
            47.58614
          ],
          [
            41.845634,
            47.58614
          ],
          [
            41.845634,
            47.58614
          ],
          [
            41.845634,
            47.58614
          ],
          [
            41.845634,
            47.58614
          ],
          [
            41.845634,
            47.58614
          ],
          [
            41.845634,
            47.58614
          ],
          [
            41.845634,
            47.58614
          ],
          [
            41.845634,
            47.58614
          ],
          [
            41.845634,
            47.58614
          ],
          [
            41.845634,
            47.58614
          ],
          [
            41.845634,
            47.58614
          ],
          [
            41.845634,
            47.58614
          ],
          [
            41.845634,
            47.58614
          ],
          [
            41.845634,
            47.58614
          ],
          [
            41.845634,
            47.58614
          ],
          [
            41.845634,
            47.58614
          ],
          [
            41.845634,
            47.58614
          ],
          [
            41.845634,
            47.58614
          ],
          [
            41.845634,
            47.58614
          ],
          [
            41.845634,
            47.58614
          ],
          [
            41.845634,
            47.58614
          ],
          [
            41.845634,
            47.58614
          ],
          [
            41.845634,
            47.58614
          ],
          [
            41.845634,
            47.58614
          ],
          [
            41.845634,
            47.58614
          ],
          [
            41.845634,
            47.58614
          ],
          [
            41.845634,
            47.58614
          ],
          [
            41.845634,
            47.58614
          ],
          [
            41.845634,
            47.58614
          ],
          [
            41.845634,
            47.58614
          ],
          [
            41.845634,
            47.58614
          ],
          [
            41.845634,
            47.58614
          ],
          [
            41.845634,
            47.58614
          ],
          [
            41.845634,
            47.58614
          ],
          [
            41.845634,
            47.58614
          ],
          [
            41.845634,
            47.58614
          ],
          [
            41.845634,
            47.58614
          ],
          [
            41.845634,
            47.58614
          ],
          [
            41.845634,
            47.58614
          ],
          [
            41.845634,
            47.58614
          ],
          [
            41.845634,
            47.58614
          ],
          [
            41.845634,
            47.58614
          ],
          [
            41.845634,
            47.58614
          ],
          [
            41.845634,
            47.58614
          ],
          [
            41.845634,
            47.58614
          ],
          [
            41.845634,
            47.58614
          ],
          [
            41.845634,
            47.58614
          ],
          [
            41.845634,
            47.58614
          ],
          [
            41.845634,
            47.58614
          ],
          [
            41.845634,
            47.58614
          ],
          [
            41.845634,
            47.58614
          ],
          [
            41.845634,
            47.58614
          ],
          [
            41.845634,
            47.58614
          ],
          [
            41.845634,
            47.58614
          ],
          [
            41.845634,
            47.58614
          ],
          [
            41.845634,
            47.58614
          ],
          [
            41.845634,
            47.58614
          ],
          [
            41.845634,
            47.58614
          ],
          [
            41.845634,
            47.58614
          ],
          [
            41.845634,
            47.58614
          ],
          [
            41.845634,
            47.58614
          ],
          [
            41.845634,
            47.58614
          ],
          [
            41.845634,
            47.58614
          ],
          [
            41.845634,
            47.58614
          ],
          [
            41.845634,
            47.58614
          ],
          [
            41.845634,
            47.58614
          ],
          [
            41.845634,
            47.58614
          ],
          [
            41.845634,
            47.58614
          ],
          [
            41.845634,
            47.58614
          ],
          [
            41.845634,
            47.58614
          ],
          [
            41.845634,
            47.58614
          ],
          [
            41.845634,
            47.58614
          ],
          [
            41.845634,
            47.58614
          ],
          [
            41.845634,
            47.58614
          ],
          [
            41.845634,
            47.58614
          ],
          [
            41.845634,
            47.58614
          ],
          [
            41.845634,
            47.58614
          ],
          [
            41.845634,
            47.58614
          ],
          [
            41.845634,
            47.58614
          ],
          [
            41.845634,
            47.58614
          ],
          [
            41.845634,
            47.58614
          ],
          [
            41.845634,
            47.58614
          ],
          [
            41.845634,
            47.58614
          ],
          [
            41.845634,
            47.58614
          ],
          [
            41.845634,
            47.58614
          ],
          [
            41.845634,
            47.58614
          ],
          [
            41.845634,
            47.58614
          ],
          [
            41.845634,
            47.58614
          ],
          [
            41.845634,
            47.58614
          ],
          [
            41.845634,
            47.58614
          ],
          [
            41.845634,
            47.58614
          ],
          [
            41.845634,
            47.58614
          ],
          [
            41.845634,
            47.58614
          ],
          [
            41.845634,
            47.58614
          ],
          [
            41.845634,
            47.58614
          ],
          [
            41.845634,
            47.58614
          ],
          [
            41.845634,
            47.58614
          ],
          [
            41.845634,
            47.58614
          ],
          [
            41.845634,
            47.58614
          ],
          [
            41.845634,
            47.58614
          ],
          [
            41.845634,
            47.58614
          ],
          [
            41.845634,
            47.58614
          ],
          [
            41.845634,
            47.58614
          ],
          [
            41.845634,
            47.58614
          ],
          [
            41.845634,
            47.58614
          ],
          [
            41.845634,
            47.58614
          ],
          [
            41.845634,
            47.58614
          ],
          [
            41.845634,
            47.58614
          ],
          [
            41.845634,
            47.58614
          ],
          [
            41.845634,
            47.58614
          ],
          [
            41.845634,
            47.58614
          ],
          [
            41.845634,
            47.58614
          ],
          [
            41.845634,
            47.58614
          ],
          [
            41.845634,
            47.58614
          ],
          [
            41.845634,
            47.58614
          ],
          [
            41.845634,
            47.58614
          ],
          [
            41.845634,
            47.58614
          ],
          [
            41.845634,
            47.58614
          ],
          [
            41.845634,
            47.58614
          ],
          [
            41.845634,
            47.58614
          ],
          [
            41.845634,
            47.58614
          ],
          [
            41.845634,
            47.58614
          ],
          [
            41.845634,
            47.58614
          ],
          [
            41.845634,
            47.58614
          ],
          [
            41.845634,
            47.58614
          ]
        ]
      },
      "properties": {}
    }
  ]
}