{
  "type": "FeatureCollection",
  "features": [
    {
      "type": "Feature",
      "id": 1,
      "geometry": {
        "type": "Point",
        "coordinates": [
          40.328178,
          47.312737
        ]
      },
      "properties": {
        "time": "132860"
      }
    },
    {
      "type": "Feature",
      "id": 2,
      "geometry": {
        "type": "Point",
        "coordinates": [
          40.328499,
          47.31279
        ]
      },
      "properties": {
        "time": "132861"
      }
    },
    {
      "type": "Feature",
      "id": 3,
      "geometry": {
        "type": "Point",
        "coordinates": [
          40.328823,
          47.31284
        ]
      },
      "properties": {
        "time": "132862"
      }
    },
    {
      "type": "Feature",
      "id": 4,
      "geometry": {
        "type": "Point",
        "coordinates": [
          40.32914,
          47.31287
        ]
      },
      "properties": {
        "time": "132863"
      }
    },
    {
      "type": "Feature",
      "id": 5,
      "geometry": {
        "type": "Point",
        "coordinates": [
          40.329453,
          47.312901
        ]
      },
      "properties": {
        "time": "132864"
      }
    },
    {
      "type": "Feature",
      "id": 6,
      "geometry": {
        "type": "Point",
        "coordinates": [
          40.329765,
          47.312939
        ]
      },
      "properties": {
        "time": "132865"
      }
    },
    {
      "type": "Feature",
      "id": 7,
      "geometry": {
        "type": "Point",
        "coordinates": [
          40.330082,
          47.312977
        ]
      },
      "properties": {
        "time": "132866"
      }
    },
    {
      "type": "Feature",
      "id": 8,
      "geometry": {
        "type": "Point",
        "coordinates": [
          40.330402,
          47.31303
        ]
      },
      "properties": {
        "time": "132867"
      }
    },
    {
      "type": "Feature",
      "id": 9,
      "geometry": {
        "type": "Point",
        "coordinates": [
          40.330727,
          47.313065
        ]
      },
      "properties": {
        "time": "132868"
      }
    },
    {
      "type": "Feature",
      "id": 10,
      "geometry": {
        "type": "Point",
        "coordinates": [
          40.331043,
          47.313145
        ]
      },
      "properties": {
        "time": "132869"
      }
    },
    {
      "type": "Feature",
      "id": 11,
      "geometry": {
        "type": "Point",
        "coordinates": [
          40.331348,
          47.313251
        ]
      },
      "properties": {
        "time": "132870"
      }
    },
    {
      "type": "Feature",
      "id": 12,
      "geometry": {
        "type": "Point",
        "coordinates": [
          40.331661,
          47.313332
        ]
      },
      "properties": {
        "time": "132871"
      }
    },
    {
      "type": "Feature",
      "id": 13,
      "geometry": {
        "type": "Point",
        "coordinates": [
          40.331974,
          47.313408
        ]
      },
      "properties": {
        "time": "132872"
      }
    },
    {
      "type": "Feature",
      "id": 14,
      "geometry": {
        "type": "Point",
        "coordinates": [
          40.332306,
          47.313431
        ]
      },
      "properties": {
        "time": "132873"
      }
    },
    {
      "type": "Feature",
      "id": 15,
      "geometry": {
        "type": "Point",
        "coordinates": [
          40.332607,
          47.313488
        ]
      },
      "properties": {
        "time": "132874"
      }
    },
    {
      "type": "Feature",
      "id": 16,
      "geometry": {
        "type": "Point",
        "coordinates": [
          40.332916,
          47.313557
        ]
      },
      "properties": {
        "time": "132875"
      }
    },
    {
      "type": "Feature",
      "id": 17,
      "geometry": {
        "type": "Point",
        "coordinates": [
          40.333237,
          47.313618
        ]
      },
      "properties": {
        "time": "132876"
      }
    },
    {
      "type": "Feature",
      "id": 18,
      "geometry": {
        "type": "Point",
        "coordinates": [
          40.333557,
          47.313656
        ]
      },
      "properties": {
        "time": "132877"
      }
    },
    {
      "type": "Feature",
      "id": 19,
      "geometry": {
        "type": "Point",
        "coordinates": [
          40.333881,
          47.31374
        ]
      },
      "properties": {
        "time": "132878"
      }
    },
    {
      "type": "Feature",
      "id": 20,
      "geometry": {
        "type": "Point",
        "coordinates": [
          40.334206,
          47.313808
        ]
      },
      "properties": {
        "time": "132879"
      }
    },
    {
      "type": "Feature",
      "id": 21,
      "geometry": {
        "type": "Point",
        "coordinates": [
          40.334522,
          47.313869
        ]
      },
      "properties": {
        "time": "132880"
      }
    },
    {
      "type": "Feature",
      "id": 22,
      "geometry": {
        "type": "Point",
        "coordinates": [
          40.334835,
          47.313931
        ]
      },
      "properties": {
        "time": "132881"
      }
    },
    {
      "type": "Feature",
      "id": 23,
      "geometry": {
        "type": "Point",
        "coordinates": [
          40.335152,
          47.313988
        ]
      },
      "properties": {
        "time": "132882"
      }
    },
    {
      "type": "Feature",
      "id": 24,
      "geometry": {
        "type": "Point",
        "coordinates": [
          40.335461,
          47.314045
        ]
      },
      "properties": {
        "time": "132883"
      }
    },
    {
      "type": "Feature",
      "id": 25,
      "geometry": {
        "type": "Point",
        "coordinates": [
          40.335781,
          47.314121
        ]
      },
      "properties": {
        "time": "132884"
      }
    },
    {
      "type": "Feature",
      "id": 26,
      "geometry": {
        "type": "Point",
        "coordinates": [
          40.336113,
          47.314137
        ]
      },
      "properties": {
        "time": "132885"
      }
    },
    {
      "type": "Feature",
      "id": 27,
      "geometry": {
        "type": "Point",
        "coordinates": [
          40.336452,
          47.314178
        ]
      },
      "properties": {
        "time": "132886"
      }
    },
    {
      "type": "Feature",
      "id": 28,
      "geometry": {
        "type": "Point",
        "coordinates": [
          40.336777,
          47.314243
        ]
      },
      "properties": {
        "time": "132887"
      }
    },
    {
      "type": "Feature",
      "id": 29,
      "geometry": {
        "type": "Point",
        "coordinates": [
          40.337109,
          47.314331
        ]
      },
      "properties": {
        "time": "132888"
      }
    },
    {
      "type": "Feature",
      "id": 30,
      "geometry": {
        "type": "Point",
        "coordinates": [
          40.337444,
          47.314396
        ]
      },
      "properties": {
        "time": "132889"
      }
    },
    {
      "type": "Feature",
      "id": 31,
      "geometry": {
        "type": "Point",
        "coordinates": [
          40.337788,
          47.314468
        ]
      },
      "properties": {
        "time": "132890"
      }
    },
    {
      "type": "Feature",
      "id": 32,
      "geometry": {
        "type": "Point",
        "coordinates": [
          40.338108,
          47.314545
        ]
      },
      "properties": {
        "time": "132891"
      }
    },
    {
      "type": "Feature",
      "id": 33,
      "geometry": {
        "type": "Point",
        "coordinates": [
          40.338432,
          47.314613
        ]
      },
      "properties": {
        "time": "132892"
      }
    },
    {
      "type": "Feature",
      "id": 34,
      "geometry": {
        "type": "Point",
        "coordinates": [
          40.338745,
          47.31469
        ]
      },
      "properties": {
        "time": "132893"
      }
    },
    {
      "type": "Feature",
      "id": 35,
      "geometry": {
        "type": "Point",
        "coordinates": [
          40.339046,
          47.314766
        ]
      },
      "properties": {
        "time": "132894"
      }
    },
    {
      "type": "Feature",
      "id": 36,
      "geometry": {
        "type": "Point",
        "coordinates": [
          40.339371,
          47.314838
        ]
      },
      "properties": {
        "time": "132895"
      }
    },
    {
      "type": "Feature",
      "id": 37,
      "geometry": {
        "type": "Point",
        "coordinates": [
          40.339695,
          47.314911
        ]
      },
      "properties": {
        "time": "132896"
      }
    },
    {
      "type": "Feature",
      "id": 38,
      "geometry": {
        "type": "Point",
        "coordinates": [
          40.340008,
          47.314991
        ]
      },
      "properties": {
        "time": "132897"
      }
    },
    {
      "type": "Feature",
      "id": 39,
      "geometry": {
        "type": "Point",
        "coordinates": [
          40.34034,
          47.31506
        ]
      },
      "properties": {
        "time": "132898"
      }
    },
    {
      "type": "Feature",
      "id": 40,
      "geometry": {
        "type": "Point",
        "coordinates": [
          40.340656,
          47.315136
        ]
      },
      "properties": {
        "time": "132899"
      }
    },
    {
      "type": "Feature",
      "id": 41,
      "geometry": {
        "type": "Point",
        "coordinates": [
          40.340954,
          47.315228
        ]
      },
      "properties": {
        "time": "132900"
      }
    },
    {
      "type": "Feature",
      "id": 42,
      "geometry": {
        "type": "Point",
        "coordinates": [
          40.341248,
          47.315342
        ]
      },
      "properties": {
        "time": "132901"
      }
    },
    {
      "type": "Feature",
      "id": 43,
      "geometry": {
        "type": "Point",
        "coordinates": [
          40.34153,
          47.31543
        ]
      },
      "properties": {
        "time": "132902"
      }
    },
    {
      "type": "Feature",
      "id": 44,
      "geometry": {
        "type": "Point",
        "coordinates": [
          40.34182,
          47.315502
        ]
      },
      "properties": {
        "time": "132903"
      }
    },
    {
      "type": "Feature",
      "id": 45,
      "geometry": {
        "type": "Point",
        "coordinates": [
          40.342113,
          47.315586
        ]
      },
      "properties": {
        "time": "132904"
      }
    },
    {
      "type": "Feature",
      "id": 46,
      "geometry": {
        "type": "Point",
        "coordinates": [
          40.342392,
          47.315639
        ]
      },
      "properties": {
        "time": "132905"
      }
    },
    {
      "type": "Feature",
      "id": 47,
      "geometry": {
        "type": "Point",
        "coordinates": [
          40.342686,
          47.315739
        ]
      },
      "properties": {
        "time": "132906"
      }
    },
    {
      "type": "Feature",
      "id": 48,
      "geometry": {
        "type": "Point",
        "coordinates": [
          40.343018,
          47.315807
        ]
      },
      "properties": {
        "time": "132907"
      }
    },
    {
      "type": "Feature",
      "id": 49,
      "geometry": {
        "type": "Point",
        "coordinates": [
          40.343319,
          47.315884
        ]
      },
      "properties": {
        "time": "132908"
      }
    },
    {
      "type": "Feature",
      "id": 50,
      "geometry": {
        "type": "Point",
        "coordinates": [
          40.34359,
          47.315952
        ]
      },
      "properties": {
        "time": "132909"
      }
    },
    {
      "type": "Feature",
      "id": 51,
      "geometry": {
        "type": "Point",
        "coordinates": [
          40.343197,
          47.318707
        ]
      },
      "properties": {
        "time": "132910"
      }
    },
    {
      "type": "Feature",
      "id": 52,
      "geometry": {
        "type": "Point",
        "coordinates": [
          40.342171,
          47.317993
        ]
      },
      "properties": {
        "time": "132911"
      }
    },
    {
      "type": "Feature",
      "id": 53,
      "geometry": {
        "type": "Point",
        "coordinates": [
          40.342171,
          47.317993
        ]
      },
      "properties": {
        "time": "132912"
      }
    },
    {
      "type": "Feature",
      "id": 54,
      "geometry": {
        "type": "Point",
        "coordinates": [
          40.342171,
          47.317993
        ]
      },
      "properties": {
        "time": "132913"
      }
    },
    {
      "type": "Feature",
      "id": 55,
      "geometry": {
        "type": "Point",
        "coordinates": [
          40.547665,
          47.27306
        ]
      },
      "properties": {
        "time": "132914"
      }
    },
    {
      "type": "Feature",
      "id": 56,
      "geometry": {
        "type": "Point",
        "coordinates": [
          40.552479,
          47.27507
        ]
      },
      "properties": {
        "time": "132915"
      }
    },
    {
      "type": "Feature",
      "id": 57,
      "geometry": {
        "type": "Point",
        "coordinates": [
          40.557243,
          47.277252
        ]
      },
      "properties": {
        "time": "132916"
      }
    },
    {
      "type": "Feature",
      "id": 58,
      "geometry": {
        "type": "Point",
        "coordinates": [
          40.561871,
          47.279495
        ]
      },
      "properties": {
        "time": "132917"
      }
    },
    {
      "type": "Feature",
      "id": 59,
      "geometry": {
        "type": "Point",
        "coordinates": [
          40.566311,
          47.282146
        ]
      },
      "properties": {
        "time": "132918"
      }
    },
    {
      "type": "Feature",
      "id": 60,
      "geometry": {
        "type": "Point",
        "coordinates": [
          40.570667,
          47.284824
        ]
      },
      "properties": {
        "time": "132919"
      }
    },
    {
      "type": "Feature",
      "id": 61,
      "geometry": {
        "type": "Point",
        "coordinates": [
          40.574757,
          47.287838
        ]
      },
      "properties": {
        "time": "132920"
      }
    },
    {
      "type": "Feature",
      "id": 62,
      "geometry": {
        "type": "Point",
        "coordinates": [
          40.57917,
          47.291126
        ]
      },
      "properties": {
        "time": "132921"
      }
    },
    {
      "type": "Feature",
      "id": 63,
      "geometry": {
        "type": "Point",
        "coordinates": [
          40.583302,
          47.294392
        ]
      },
      "properties": {
        "time": "132922"
      }
    },
    {
      "type": "Feature",
      "id": 64,
      "geometry": {
        "type": "Point",
        "coordinates": [
          40.587147,
          47.297729
        ]
      },
      "properties": {
        "time": "132923"
      }
    },
    {
      "type": "Feature",
      "id": 65,
      "geometry": {
        "type": "Point",
        "coordinates": [
          40.590973,
          47.301376
        ]
      },
      "properties": {
        "time": "132924"
      }
    },
    {
      "type": "Feature",
      "id": 66,
      "geometry": {
        "type": "Point",
        "coordinates": [
          40.5947,
          47.305271
        ]
      },
      "properties": {
        "time": "132925"
      }
    },
    {
      "type": "Feature",
      "id": 67,
      "geometry": {
        "type": "Point",
        "coordinates": [
          40.59803,
          47.309082
        ]
      },
      "properties": {
        "time": "132926"
      }
    },
    {
      "type": "Feature",
      "id": 68,
      "geometry": {
        "type": "Point",
        "coordinates": [
          40.601048,
          47.312977
        ]
      },
      "properties": {
        "time": "132927"
      }
    },
    {
      "type": "Feature",
      "id": 69,
      "geometry": {
        "type": "Point",
        "coordinates": [
          40.603657,
          47.316814
        ]
      },
      "properties": {
        "time": "132928"
      }
    },
    {
      "type": "Feature",
      "id": 70,
      "geometry": {
        "type": "Point",
        "coordinates": [
          40.605858,
          47.320827
        ]
      },
      "properties": {
        "time": "132929"
      }
    },
    {
      "type": "Feature",
      "id": 71,
      "geometry": {
        "type": "Point",
        "coordinates": [
          40.607918,
          47.324856
        ]
      },
      "properties": {
        "time": "132930"
      }
    },
    {
      "type": "Feature",
      "id": 72,
      "geometry": {
        "type": "Point",
        "coordinates": [
          40.609665,
          47.328911
        ]
      },
      "properties": {
        "time": "132931"
      }
    },
    {
      "type": "Feature",
      "id": 73,
      "geometry": {
        "type": "Point",
        "coordinates": [
          40.611214,
          47.333012
        ]
      },
      "properties": {
        "time": "132932"
      }
    },
    {
      "type": "Feature",
      "id": 74,
      "geometry": {
        "type": "Point",
        "coordinates": [
          40.612431,
          47.337124
        ]
      },
      "properties": {
        "time": "132933"
      }
    },
    {
      "type": "Feature",
      "id": 75,
      "geometry": {
        "type": "Point",
        "coordinates": [
          40.613392,
          47.341263
        ]
      },
      "properties": {
        "time": "132934"
      }
    },
    {
      "type": "Feature",
      "id": 76,
      "geometry": {
        "type": "Point",
        "coordinates": [
          40.613964,
          47.345348
        ]
      },
      "properties": {
        "time": "132935"
      }
    },
    {
      "type": "Feature",
      "id": 77,
      "geometry": {
        "type": "Point",
        "coordinates": [
          40.614368,
          47.34948
        ]
      },
      "properties": {
        "time": "132936"
      }
    },
    {
      "type": "Feature",
      "id": 78,
      "geometry": {
        "type": "Point",
        "coordinates": [
          40.614792,
          47.353683
        ]
      },
      "properties": {
        "time": "132937"
      }
    },
    {
      "type": "Feature",
      "id": 79,
      "geometry": {
        "type": "Point",
        "coordinates": [
          40.614647,
          47.35778
        ]
      },
      "properties": {
        "time": "132938"
      }
    },
    {
      "type": "Feature",
      "id": 80,
      "geometry": {
        "type": "Point",
        "coordinates": [
          40.614143,
          47.361923
        ]
      },
      "properties": {
        "time": "132939"
      }
    },
    {
      "type": "Feature",
      "id": 81,
      "geometry": {
        "type": "Point",
        "coordinates": [
          40.613529,
          47.366066
        ]
      },
      "properties": {
        "time": "132940"
      }
    },
    {
      "type": "Feature",
      "id": 82,
      "geometry": {
        "type": "Point",
        "coordinates": [
          40.612797,
          47.370232
        ]
      },
      "properties": {
        "time": "132941"
      }
    },
    {
      "type": "Feature",
      "id": 83,
      "geometry": {
        "type": "Point",
        "coordinates": [
          40.613655,
          47.373844
        ]
      },
      "properties": {
        "time": "132942"
      }
    },
    {
      "type": "Feature",
      "id": 84,
      "geometry": {
        "type": "Point",
        "coordinates": [
          40.61182,
          47.377762
        ]
      },
      "properties": {
        "time": "132943"
      }
    },
    {
      "type": "Feature",
      "id": 85,
      "geometry": {
        "type": "Point",
        "coordinates": [
          40.609852,
          47.381683
        ]
      },
      "properties": {
        "time": "132944"
      }
    },
    {
      "type": "Feature",
      "id": 86,
      "geometry": {
        "type": "Point",
        "coordinates": [
          40.607613,
          47.385525
        ]
      },
      "properties": {
        "time": "132945"
      }
    },
    {
      "type": "Feature",
      "id": 87,
      "geometry": {
        "type": "Point",
        "coordinates": [
          40.605118,
          47.389297
        ]
      },
      "properties": {
        "time": "132946"
      }
    },
    {
      "type": "Feature",
      "id": 88,
      "geometry": {
        "type": "Point",
        "coordinates": [
          40.602356,
          47.39299
        ]
      },
      "properties": {
        "time": "132947"
      }
    },
    {
      "type": "Feature",
      "id": 89,
      "geometry": {
        "type": "Point",
        "coordinates": [
          40.599346,
          47.396584
        ]
      },
      "properties": {
        "time": "132948"
      }
    },
    {
      "type": "Feature",
      "id": 90,
      "geometry": {
        "type": "Point",
        "coordinates": [
          40.596085,
          47.400078
        ]
      },
      "properties": {
        "time": "132949"
      }
    },
    {
      "type": "Feature",
      "id": 91,
      "geometry": {
        "type": "Point",
        "coordinates": [
          40.592571,
          47.403461
        ]
      },
      "properties": {
        "time": "132950"
      }
    },
    {
      "type": "Feature",
      "id": 92,
      "geometry": {
        "type": "Point",
        "coordinates": [
          40.588837,
          47.406731
        ]
      },
      "properties": {
        "time": "132951"
      }
    },
    {
      "type": "Feature",
      "id": 93,
      "geometry": {
        "type": "Point",
        "coordinates": [
          40.584873,
          47.409878
        ]
      },
      "properties": {
        "time": "132952"
      }
    },
    {
      "type": "Feature",
      "id": 94,
      "geometry": {
        "type": "Point",
        "coordinates": [
          40.5807,
          47.412891
        ]
      },
      "properties": {
        "time": "132953"
      }
    },
    {
      "type": "Feature",
      "id": 95,
      "geometry": {
        "type": "Point",
        "coordinates": [
          40.576328,
          47.415771
        ]
      },
      "properties": {
        "time": "132954"
      }
    },
    {
      "type": "Feature",
      "id": 96,
      "geometry": {
        "type": "Point",
        "coordinates": [
          40.571762,
          47.41851
        ]
      },
      "properties": {
        "time": "132955"
      }
    },
    {
      "type": "Feature",
      "id": 97,
      "geometry": {
        "type": "Point",
        "coordinates": [
          40.567017,
          47.421097
        ]
      },
      "properties": {
        "time": "132956"
      }
    },
    {
      "type": "Feature",
      "id": 98,
      "geometry": {
        "type": "Point",
        "coordinates": [
          40.562092,
          47.423531
        ]
      },
      "properties": {
        "time": "132957"
      }
    },
    {
      "type": "Feature",
      "id": 99,
      "geometry": {
        "type": "Point",
        "coordinates": [
          40.557007,
          47.4258
        ]
      },
      "properties": {
        "time": "132958"
      }
    },
    {
      "type": "Feature",
      "id": 100,
      "geometry": {
        "type": "Point",
        "coordinates": [
          40.55175,
          47.42791
        ]
      },
      "properties": {
        "time": "132959"
      }
    },
    {
      "type": "Feature",
      "id": 101,
      "geometry": {
        "type": "Point",
        "coordinates": [
          40.54636,
          47.429844
        ]
      },
      "properties": {
        "time": "132960"
      }
    },
    {
      "type": "Feature",
      "id": 102,
      "geometry": {
        "type": "Point",
        "coordinates": [
          40.540844,
          47.431602
        ]
      },
      "properties": {
        "time": "132961"
      }
    },
    {
      "type": "Feature",
      "id": 103,
      "geometry": {
        "type": "Point",
        "coordinates": [
          40.535213,
          47.433189
        ]
      },
      "properties": {
        "time": "132962"
      }
    },
    {
      "type": "Feature",
      "id": 104,
      "geometry": {
        "type": "Point",
        "coordinates": [
          40.529476,
          47.434593
        ]
      },
      "properties": {
        "time": "132963"
      }
    },
    {
      "type": "Feature",
      "id": 105,
      "geometry": {
        "type": "Point",
        "coordinates": [
          40.52367,
          47.435814
        ]
      },
      "properties": {
        "time": "132964"
      }
    },
    {
      "type": "Feature",
      "id": 106,
      "geometry": {
        "type": "Point",
        "coordinates": [
          40.517776,
          47.43684
        ]
      },
      "properties": {
        "time": "132965"
      }
    },
    {
      "type": "Feature",
      "id": 107,
      "geometry": {
        "type": "Point",
        "coordinates": [
          40.511806,
          47.437683
        ]
      },
      "properties": {
        "time": "132966"
      }
    },
    {
      "type": "Feature",
      "id": 108,
      "geometry": {
        "type": "Point",
        "coordinates": [
          40.505779,
          47.438324
        ]
      },
      "properties": {
        "time": "132967"
      }
    },
    {
      "type": "Feature",
      "id": 109,
      "geometry": {
        "type": "Point",
        "coordinates": [
          40.499725,
          47.438786
        ]
      },
      "properties": {
        "time": "132968"
      }
    },
    {
      "type": "Feature",
      "id": 110,
      "geometry": {
        "type": "Point",
        "coordinates": [
          40.493614,
          47.439045
        ]
      },
      "properties": {
        "time": "132969"
      }
    },
    {
      "type": "Feature",
      "id": 111,
      "geometry": {
        "type": "Point",
        "coordinates": [
          40.487522,
          47.439125
        ]
      },
      "properties": {
        "time": "132970"
      }
    },
    {
      "type": "Feature",
      "id": 112,
      "geometry": {
        "type": "Point",
        "coordinates": [
          40.481422,
          47.438992
        ]
      },
      "properties": {
        "time": "132971"
      }
    },
    {
      "type": "Feature",
      "id": 113,
      "geometry": {
        "type": "Point",
        "coordinates": [
          40.478378,
          47.438869
        ]
      },
      "properties": {
        "time": "132972"
      }
    },
    {
      "type": "Feature",
      "id": 114,
      "geometry": {
        "type": "Point",
        "coordinates": [
          40.471672,
          47.438576
        ]
      },
      "properties": {
        "time": "132973"
      }
    },
    {
      "type": "Feature",
      "id": 115,
      "geometry": {
        "type": "Point",
        "coordinates": [
          40.471672,
          47.438576
        ]
      },
      "properties": {
        "time": "132974"
      }
    },
    {
      "type": "Feature",
      "id": 116,
      "geometry": {
        "type": "Point",
        "coordinates": [
          40.471672,
          47.438576
        ]
      },
      "properties": {
        "time": "132975"
      }
    },
    {
      "type": "Feature",
      "id": 117,
      "geometry": {
        "type": "Point",
        "coordinates": [
          40.471672,
          47.438576
        ]
      },
      "properties": {
        "time": "132976"
      }
    },
    {
      "type": "Feature",
      "id": 118,
      "geometry": {
        "type": "Point",
        "coordinates": [
          40.330082,
          47.357742
        ]
      },
      "properties": {
        "time": "132977"
      }
    },
    {
      "type": "Feature",
      "id": 119,
      "geometry": {
        "type": "Point",
        "coordinates": [
          40.330444,
          47.357922
        ]
      },
      "properties": {
        "time": "132978"
      }
    },
    {
      "type": "Feature",
      "id": 120,
      "geometry": {
        "type": "Point",
        "coordinates": [
          40.33049,
          47.357975
        ]
      },
      "properties": {
        "time": "132979"
      }
    },
    {
      "type": "Feature",
      "id": 121,
      "geometry": {
        "type": "Point",
        "coordinates": [
          40.330208,
          47.355701
        ]
      },
      "properties": {
        "time": "132980"
      }
    },
    {
      "type": "Feature",
      "id": 122,
      "geometry": {
        "type": "Point",
        "coordinates": [
          40.365864,
          47.329865
        ]
      },
      "properties": {
        "time": "132981"
      }
    },
    {
      "type": "Feature",
      "id": 123,
      "geometry": {
        "type": "Point",
        "coordinates": [
          40.365913,
          47.3302
        ]
      },
      "properties": {
        "time": "132982"
      }
    },
    {
      "type": "Feature",
      "id": 124,
      "geometry": {
        "type": "Point",
        "coordinates": [
          40.366165,
          47.330441
        ]
      },
      "properties": {
        "time": "132983"
      }
    },
    {
      "type": "Feature",
      "id": 125,
      "geometry": {
        "type": "Point",
        "coordinates": [
          40.366398,
          47.330677
        ]
      },
      "properties": {
        "time": "132984"
      }
    },
    {
      "type": "Feature",
      "id": 126,
      "geometry": {
        "type": "Point",
        "coordinates": [
          40.366627,
          47.330921
        ]
      },
      "properties": {
        "time": "132985"
      }
    },
    {
      "type": "Feature",
      "id": 127,
      "geometry": {
        "type": "Point",
        "coordinates": [
          40.366871,
          47.331173
        ]
      },
      "properties": {
        "time": "132986"
      }
    },
    {
      "type": "Feature",
      "id": 128,
      "geometry": {
        "type": "Point",
        "coordinates": [
          40.367104,
          47.331425
        ]
      },
      "properties": {
        "time": "132987"
      }
    },
    {
      "type": "Feature",
      "id": 129,
      "geometry": {
        "type": "Point",
        "coordinates": [
          40.367325,
          47.331669
        ]
      },
      "properties": {
        "time": "132988"
      }
    },
    {
      "type": "Feature",
      "id": 130,
      "geometry": {
        "type": "Point",
        "coordinates": [
          40.367527,
          47.331924
        ]
      },
      "properties": {
        "time": "132989"
      }
    },
    {
      "type": "Feature",
      "id": 131,
      "geometry": {
        "type": "Point",
        "coordinates": [
          40.367744,
          47.332176
        ]
      },
      "properties": {
        "time": "132990"
      }
    },
    {
      "type": "Feature",
      "id": 132,
      "geometry": {
        "type": "Point",
        "coordinates": [
          40.367958,
          47.332428
        ]
      },
      "properties": {
        "time": "132991"
      }
    },
    {
      "type": "Feature",
      "id": 133,
      "geometry": {
        "type": "Point",
        "coordinates": [
          40.368179,
          47.332687
        ]
      },
      "properties": {
        "time": "132992"
      }
    },
    {
      "type": "Feature",
      "id": 134,
      "geometry": {
        "type": "Point",
        "coordinates": [
          40.368408,
          47.332943
        ]
      },
      "properties": {
        "time": "132993"
      }
    },
    {
      "type": "Feature",
      "id": 135,
      "geometry": {
        "type": "Point",
        "coordinates": [
          40.368633,
          47.333206
        ]
      },
      "properties": {
        "time": "132994"
      }
    },
    {
      "type": "Feature",
      "id": 136,
      "geometry": {
        "type": "Point",
        "coordinates": [
          40.368847,
          47.333469
        ]
      },
      "properties": {
        "time": "132995"
      }
    },
    {
      "type": "Feature",
      "id": 137,
      "geometry": {
        "type": "Point",
        "coordinates": [
          40.36908,
          47.333729
        ]
      },
      "properties": {
        "time": "132996"
      }
    },
    {
      "type": "Feature",
      "id": 138,
      "geometry": {
        "type": "Point",
        "coordinates": [
          40.369308,
          47.333984
        ]
      },
      "properties": {
        "time": "132997"
      }
    },
    {
      "type": "Feature",
      "id": 139,
      "geometry": {
        "type": "Point",
        "coordinates": [
          40.369568,
          47.334248
        ]
      },
      "properties": {
        "time": "132998"
      }
    },
    {
      "type": "Feature",
      "id": 140,
      "geometry": {
        "type": "Point",
        "coordinates": [
          40.36982,
          47.334503
        ]
      },
      "properties": {
        "time": "132999"
      }
    },
    {
      "type": "Feature",
      "id": 141,
      "geometry": {
        "type": "Point",
        "coordinates": [
          40.370068,
          47.334774
        ]
      },
      "properties": {
        "time": "133000"
      }
    },
    {
      "type": "Feature",
      "id": 142,
      "geometry": {
        "type": "Point",
        "coordinates": [
          40.370258,
          47.335033
        ]
      },
      "properties": {
        "time": "133001"
      }
    },
    {
      "type": "Feature",
      "id": 143,
      "geometry": {
        "type": "Point",
        "coordinates": [
          40.370461,
          47.335331
        ]
      },
      "properties": {
        "time": "133002"
      }
    },
    {
      "type": "Feature",
      "id": 144,
      "geometry": {
        "type": "Point",
        "coordinates": [
          40.370689,
          47.335598
        ]
      },
      "properties": {
        "time": "133003"
      }
    },
    {
      "type": "Feature",
      "id": 145,
      "geometry": {
        "type": "Point",
        "coordinates": [
          40.370911,
          47.335854
        ]
      },
      "properties": {
        "time": "133004"
      }
    },
    {
      "type": "Feature",
      "id": 146,
      "geometry": {
        "type": "Point",
        "coordinates": [
          40.371052,
          47.33606
        ]
      },
      "properties": {
        "time": "133005"
      }
    },
    {
      "type": "Feature",
      "id": 147,
      "geometry": {
        "type": "Point",
        "coordinates": [
          40.371178,
          47.336296
        ]
      },
      "properties": {
        "time": "133006"
      }
    },
    {
      "type": "Feature",
      "id": 148,
      "geometry": {
        "type": "Point",
        "coordinates": [
          40.37112,
          47.336403
        ]
      },
      "properties": {
        "time": "133007"
      }
    },
    {
      "type": "Feature",
      "id": 149,
      "geometry": {
        "type": "Point",
        "coordinates": [
          40.371319,
          47.336651
        ]
      },
      "properties": {
        "time": "133008"
      }
    },
    {
      "type": "Feature",
      "id": 150,
      "geometry": {
        "type": "Point",
        "coordinates": [
          40.371712,
          47.336994
        ]
      },
      "properties": {
        "time": "133009"
      }
    },
    {
      "type": "Feature",
      "id": 151,
      "geometry": {
        "type": "Point",
        "coordinates": [
          40.372005,
          47.33728
        ]
      },
      "properties": {
        "time": "133010"
      }
    },
    {
      "type": "Feature",
      "id": 152,
      "geometry": {
        "type": "Point",
        "coordinates": [
          40.372158,
          47.337547
        ]
      },
      "properties": {
        "time": "133011"
      }
    },
    {
      "type": "Feature",
      "id": 153,
      "geometry": {
        "type": "Point",
        "coordinates": [
          40.37236,
          47.33783
        ]
      },
      "properties": {
        "time": "133012"
      }
    },
    {
      "type": "Feature",
      "id": 154,
      "geometry": {
        "type": "Point",
        "coordinates": [
          40.372509,
          47.338108
        ]
      },
      "properties": {
        "time": "133013"
      }
    },
    {
      "type": "Feature",
      "id": 155,
      "geometry": {
        "type": "Point",
        "coordinates": [
          40.372723,
          47.338463
        ]
      },
      "properties": {
        "time": "133014"
      }
    },
    {
      "type": "Feature",
      "id": 156,
      "geometry": {
        "type": "Point",
        "coordinates": [
          40.373489,
          47.33873
        ]
      },
      "properties": {
        "time": "133015"
      }
    },
    {
      "type": "Feature",
      "id": 157,
      "geometry": {
        "type": "Point",
        "coordinates": [
          40.374588,
          47.338932
        ]
      },
      "properties": {
        "time": "133016"
      }
    },
    {
      "type": "Feature",
      "id": 158,
      "geometry": {
        "type": "Point",
        "coordinates": [
          40.374657,
          47.339184
        ]
      },
      "properties": {
        "time": "133017"
      }
    },
    {
      "type": "Feature",
      "id": 159,
      "geometry": {
        "type": "Point",
        "coordinates": [
          40.374584,
          47.339512
        ]
      },
      "properties": {
        "time": "133018"
      }
    },
    {
      "type": "Feature",
      "id": 160,
      "geometry": {
        "type": "Point",
        "coordinates": [
          40.374657,
          47.339813
        ]
      },
      "properties": {
        "time": "133019"
      }
    },
    {
      "type": "Feature",
      "id": 161,
      "geometry": {
        "type": "Point",
        "coordinates": [
          40.37463,
          47.340034
        ]
      },
      "properties": {
        "time": "133020"
      }
    },
    {
      "type": "Feature",
      "id": 162,
      "geometry": {
        "type": "Point",
        "coordinates": [
          40.374638,
          47.340221
        ]
      },
      "properties": {
        "time": "133021"
      }
    },
    {
      "type": "Feature",
      "id": 163,
      "geometry": {
        "type": "Point",
        "coordinates": [
          40.374729,
          47.340496
        ]
      },
      "properties": {
        "time": "133022"
      }
    },
    {
      "type": "Feature",
      "id": 164,
      "geometry": {
        "type": "Point",
        "coordinates": [
          40.374729,
          47.340496
        ]
      },
      "properties": {
        "time": "133023"
      }
    },
    {
      "type": "Feature",
      "id": 165,
      "geometry": {
        "type": "Point",
        "coordinates": [
          40.374729,
          47.340496
        ]
      },
      "properties": {
        "time": "133024"
      }
    },
    {
      "type": "Feature",
      "id": 166,
      "geometry": {
        "type": "Point",
        "coordinates": [
          40.437817,
          47.432125
        ]
      },
      "properties": {
        "time": "133025"
      }
    },
    {
      "type": "Feature",
      "id": 167,
      "geometry": {
        "type": "Point",
        "coordinates": [
          40.432228,
          47.430431
        ]
      },
      "properties": {
        "time": "133026"
      }
    },
    {
      "type": "Feature",
      "id": 168,
      "geometry": {
        "type": "Point",
        "coordinates": [
          40.426792,
          47.428547
        ]
      },
      "properties": {
        "time": "133027"
      }
    },
    {
      "type": "Feature",
      "id": 169,
      "geometry": {
        "type": "Point",
        "coordinates": [
          40.421505,
          47.426498
        ]
      },
      "properties": {
        "time": "133028"
      }
    },
    {
      "type": "Feature",
      "id": 170,
      "geometry": {
        "type": "Point",
        "coordinates": [
          40.416355,
          47.424278
        ]
      },
      "properties": {
        "time": "133029"
      }
    },
    {
      "type": "Feature",
      "id": 171,
      "geometry": {
        "type": "Point",
        "coordinates": [
          40.411373,
          47.421898
        ]
      },
      "properties": {
        "time": "133030"
      }
    },
    {
      "type": "Feature",
      "id": 172,
      "geometry": {
        "type": "Point",
        "coordinates": [
          40.406555,
          47.419361
        ]
      },
      "properties": {
        "time": "133031"
      }
    },
    {
      "type": "Feature",
      "id": 173,
      "geometry": {
        "type": "Point",
        "coordinates": [
          40.401924,
          47.416672
        ]
      },
      "properties": {
        "time": "133032"
      }
    },
    {
      "type": "Feature",
      "id": 174,
      "geometry": {
        "type": "Point",
        "coordinates": [
          40.39748,
          47.413834
        ]
      },
      "properties": {
        "time": "133033"
      }
    },
    {
      "type": "Feature",
      "id": 175,
      "geometry": {
        "type": "Point",
        "coordinates": [
          40.393246,
          47.410862
        ]
      },
      "properties": {
        "time": "133034"
      }
    },
    {
      "type": "Feature",
      "id": 176,
      "geometry": {
        "type": "Point",
        "coordinates": [
          40.389229,
          47.407761
        ]
      },
      "properties": {
        "time": "133035"
      }
    },
    {
      "type": "Feature",
      "id": 177,
      "geometry": {
        "type": "Point",
        "coordinates": [
          40.385426,
          47.404522
        ]
      },
      "properties": {
        "time": "133036"
      }
    },
    {
      "type": "Feature",
      "id": 178,
      "geometry": {
        "type": "Point",
        "coordinates": [
          40.381844,
          47.401173
        ]
      },
      "properties": {
        "time": "133037"
      }
    },
    {
      "type": "Feature",
      "id": 179,
      "geometry": {
        "type": "Point",
        "coordinates": [
          40.378502,
          47.39772
        ]
      },
      "properties": {
        "time": "133038"
      }
    },
    {
      "type": "Feature",
      "id": 180,
      "geometry": {
        "type": "Point",
        "coordinates": [
          40.375378,
          47.39415
        ]
      },
      "properties": {
        "time": "133039"
      }
    },
    {
      "type": "Feature",
      "id": 181,
      "geometry": {
        "type": "Point",
        "coordinates": [
          40.372528,
          47.390495
        ]
      },
      "properties": {
        "time": "133040"
      }
    },
    {
      "type": "Feature",
      "id": 182,
      "geometry": {
        "type": "Point",
        "coordinates": [
          40.369934,
          47.386745
        ]
      },
      "properties": {
        "time": "133041"
      }
    },
    {
      "type": "Feature",
      "id": 183,
      "geometry": {
        "type": "Point",
        "coordinates": [
          40.367603,
          47.382923
        ]
      },
      "properties": {
        "time": "133042"
      }
    },
    {
      "type": "Feature",
      "id": 184,
      "geometry": {
        "type": "Point",
        "coordinates": [
          40.365555,
          47.379051
        ]
      },
      "properties": {
        "time": "133043"
      }
    },
    {
      "type": "Feature",
      "id": 185,
      "geometry": {
        "type": "Point",
        "coordinates": [
          40.363743,
          47.375061
        ]
      },
      "properties": {
        "time": "133044"
      }
    },
    {
      "type": "Feature",
      "id": 186,
      "geometry": {
        "type": "Point",
        "coordinates": [
          40.362232,
          47.371052
        ]
      },
      "properties": {
        "time": "133045"
      }
    },
    {
      "type": "Feature",
      "id": 187,
      "geometry": {
        "type": "Point",
        "coordinates": [
          40.360958,
          47.367008
        ]
      },
      "properties": {
        "time": "133046"
      }
    },
    {
      "type": "Feature",
      "id": 188,
      "geometry": {
        "type": "Point",
        "coordinates": [
          40.360023,
          47.362919
        ]
      },
      "properties": {
        "time": "133047"
      }
    },
    {
      "type": "Feature",
      "id": 189,
      "geometry": {
        "type": "Point",
        "coordinates": [
          40.359375,
          47.358776
        ]
      },
      "properties": {
        "time": "133048"
      }
    },
    {
      "type": "Feature",
      "id": 190,
      "geometry": {
        "type": "Point",
        "coordinates": [
          40.359005,
          47.354649
        ]
      },
      "properties": {
        "time": "133049"
      }
    },
    {
      "type": "Feature",
      "id": 191,
      "geometry": {
        "type": "Point",
        "coordinates": [
          40.35894,
          47.350525
        ]
      },
      "properties": {
        "time": "133050"
      }
    },
    {
      "type": "Feature",
      "id": 192,
      "geometry": {
        "type": "Point",
        "coordinates": [
          40.359146,
          47.34639
        ]
      },
      "properties": {
        "time": "133051"
      }
    },
    {
      "type": "Feature",
      "id": 193,
      "geometry": {
        "type": "Point",
        "coordinates": [
          40.359634,
          47.34227
        ]
      },
      "properties": {
        "time": "133052"
      }
    },
    {
      "type": "Feature",
      "id": 194,
      "geometry": {
        "type": "Point",
        "coordinates": [
          40.360397,
          47.338165
        ]
      },
      "properties": {
        "time": "133053"
      }
    },
    {
      "type": "Feature",
      "id": 195,
      "geometry": {
        "type": "Point",
        "coordinates": [
          40.361446,
          47.334091
        ]
      },
      "properties": {
        "time": "133054"
      }
    },
    {
      "type": "Feature",
      "id": 196,
      "geometry": {
        "type": "Point",
        "coordinates": [
          40.362778,
          47.330051
        ]
      },
      "properties": {
        "time": "133055"
      }
    },
    {
      "type": "Feature",
      "id": 197,
      "geometry": {
        "type": "Point",
        "coordinates": [
          40.364388,
          47.326065
        ]
      },
      "properties": {
        "time": "133056"
      }
    },
    {
      "type": "Feature",
      "id": 198,
      "geometry": {
        "type": "Point",
        "coordinates": [
          40.366261,
          47.322124
        ]
      },
      "properties": {
        "time": "133057"
      }
    },
    {
      "type": "Feature",
      "id": 199,
      "geometry": {
        "type": "Point",
        "coordinates": [
          40.368408,
          47.318249
        ]
      },
      "properties": {
        "time": "133058"
      }
    },
    {
      "type": "Feature",
      "id": 200,
      "geometry": {
        "type": "Point",
        "coordinates": [
          40.370831,
          47.314445
        ]
      },
      "properties": {
        "time": "133059"
      }
    },
    {
      "type": "Feature",
      "id": 201,
      "geometry": {
        "type": "Point",
        "coordinates": [
          40.373489,
          47.31073
        ]
      },
      "properties": {
        "time": "133060"
      }
    },
    {
      "type": "Feature",
      "id": 202,
      "geometry": {
        "type": "Point",
        "coordinates": [
          40.376419,
          47.307102
        ]
      },
      "properties": {
        "time": "133061"
      }
    },
    {
      "type": "Feature",
      "id": 203,
      "geometry": {
        "type": "Point",
        "coordinates": [
          40.379593,
          47.303574
        ]
      },
      "properties": {
        "time": "133062"
      }
    },
    {
      "type": "Feature",
      "id": 204,
      "geometry": {
        "type": "Point",
        "coordinates": [
          40.383026,
          47.300125
        ]
      },
      "properties": {
        "time": "133063"
      }
    },
    {
      "type": "Feature",
      "id": 205,
      "geometry": {
        "type": "Point",
        "coordinates": [
          40.386684,
          47.296795
        ]
      },
      "properties": {
        "time": "133064"
      }
    },
    {
      "type": "Feature",
      "id": 206,
      "geometry": {
        "type": "Point",
        "coordinates": [
          40.390553,
          47.293606
        ]
      },
      "properties": {
        "time": "133065"
      }
    },
    {
      "type": "Feature",
      "id": 207,
      "geometry": {
        "type": "Point",
        "coordinates": [
          40.394627,
          47.29055
        ]
      },
      "properties": {
        "time": "133066"
      }
    },
    {
      "type": "Feature",
      "id": 208,
      "geometry": {
        "type": "Point",
        "coordinates": [
          40.398914,
          47.287621
        ]
      },
      "properties": {
        "time": "133067"
      }
    },
    {
      "type": "Feature",
      "id": 209,
      "geometry": {
        "type": "Point",
        "coordinates": [
          40.403408,
          47.284828
        ]
      },
      "properties": {
        "time": "133068"
      }
    },
    {
      "type": "Feature",
      "id": 210,
      "geometry": {
        "type": "Point",
        "coordinates": [
          40.408073,
          47.282181
        ]
      },
      "properties": {
        "time": "133069"
      }
    },
    {
      "type": "Feature",
      "id": 211,
      "geometry": {
        "type": "Point",
        "coordinates": [
          40.412918,
          47.27969
        ]
      },
      "properties": {
        "time": "133070"
      }
    },
    {
      "type": "Feature",
      "id": 212,
      "geometry": {
        "type": "Point",
        "coordinates": [
          40.417934,
          47.277363
        ]
      },
      "properties": {
        "time": "133071"
      }
    },
    {
      "type": "Feature",
      "id": 213,
      "geometry": {
        "type": "Point",
        "coordinates": [
          40.4231,
          47.275192
        ]
      },
      "properties": {
        "time": "133072"
      }
    },
    {
      "type": "Feature",
      "id": 214,
      "geometry": {
        "type": "Point",
        "coordinates": [
          40.42841,
          47.273193
        ]
      },
      "properties": {
        "time": "133073"
      }
    },
    {
      "type": "Feature",
      "id": 215,
      "geometry": {
        "type": "Point",
        "coordinates": [
          40.433853,
          47.271362
        ]
      },
      "properties": {
        "time": "133074"
      }
    },
    {
      "type": "Feature",
      "id": 216,
      "geometry": {
        "type": "Point",
        "coordinates": [
          40.439419,
          47.269707
        ]
      },
      "properties": {
        "time": "133075"
      }
    },
    {
      "type": "Feature",
      "id": 217,
      "geometry": {
        "type": "Point",
        "coordinates": [
          40.445099,
          47.268238
        ]
      },
      "properties": {
        "time": "133076"
      }
    },
    {
      "type": "Feature",
      "id": 218,
      "geometry": {
        "type": "Point",
        "coordinates": [
          40.450874,
          47.266949
        ]
      },
      "properties": {
        "time": "133077"
      }
    },
    {
      "type": "Feature",
      "id": 219,
      "geometry": {
        "type": "Point",
        "coordinates": [
          40.456726,
          47.265842
        ]
      },
      "properties": {
        "time": "133078"
      }
    },
    {
      "type": "Feature",
      "id": 220,
      "geometry": {
        "type": "Point",
        "coordinates": [
          40.462654,
          47.264915
        ]
      },
      "properties": {
        "time": "133079"
      }
    },
    {
      "type": "Feature",
      "id": 221,
      "geometry": {
        "type": "Point",
        "coordinates": [
          40.468636,
          47.264183
        ]
      },
      "properties": {
        "time": "133080"
      }
    },
    {
      "type": "Feature",
      "id": 222,
      "geometry": {
        "type": "Point",
        "coordinates": [
          40.474667,
          47.263638
        ]
      },
      "properties": {
        "time": "133081"
      }
    },
    {
      "type": "Feature",
      "id": 223,
      "geometry": {
        "type": "Point",
        "coordinates": [
          40.480724,
          47.263294
        ]
      },
      "properties": {
        "time": "133082"
      }
    },
    {
      "type": "Feature",
      "id": 224,
      "geometry": {
        "type": "Point",
        "coordinates": [
          40.486805,
          47.263134
        ]
      },
      "properties": {
        "time": "133083"
      }
    },
    {
      "type": "Feature",
      "id": 225,
      "geometry": {
        "type": "Point",
        "coordinates": [
          40.492882,
          47.263176
        ]
      },
      "properties": {
        "time": "133084"
      }
    },
    {
      "type": "Feature",
      "id": 226,
      "geometry": {
        "type": "Point",
        "coordinates": [
          40.498951,
          47.263412
        ]
      },
      "properties": {
        "time": "133085"
      }
    },
    {
      "type": "Feature",
      "id": 227,
      "geometry": {
        "type": "Point",
        "coordinates": [
          40.504986,
          47.263844
        ]
      },
      "properties": {
        "time": "133086"
      }
    },
    {
      "type": "Feature",
      "id": 228,
      "geometry": {
        "type": "Point",
        "coordinates": [
          40.510998,
          47.264469
        ]
      },
      "properties": {
        "time": "133087"
      }
    },
    {
      "type": "Feature",
      "id": 229,
      "geometry": {
        "type": "Point",
        "coordinates": [
          40.516964,
          47.265278
        ]
      },
      "properties": {
        "time": "133088"
      }
    },
    {
      "type": "Feature",
      "id": 230,
      "geometry": {
        "type": "Point",
        "coordinates": [
          40.52285,
          47.266273
        ]
      },
      "properties": {
        "time": "133089"
      }
    },
    {
      "type": "Feature",
      "id": 231,
      "geometry": {
        "type": "Point",
        "coordinates": [
          40.528675,
          47.267464
        ]
      },
      "properties": {
        "time": "133090"
      }
    },
    {
      "type": "Feature",
      "id": 232,
      "geometry": {
        "type": "Point",
        "coordinates": [
          40.534393,
          47.268826
        ]
      },
      "properties": {
        "time": "133091"
      }
    },
    {
      "type": "Feature",
      "id": 233,
      "geometry": {
        "type": "Point",
        "coordinates": [
          40.54002,
          47.27037
        ]
      },
      "properties": {
        "time": "133092"
      }
    },
    {
      "type": "Feature",
      "id": 234,
      "geometry": {
        "type": "Point",
        "coordinates": [
          40.545555,
          47.272114
        ]
      },
      "properties": {
        "time": "133093"
      }
    },
    {
      "type": "Feature",
      "id": 235,
      "geometry": {
        "type": "Point",
        "coordinates": [
          40.550972,
          47.273945
        ]
      },
      "properties": {
        "time": "133094"
      }
    },
    {
      "type": "Feature",
      "id": 236,
      "geometry": {
        "type": "Point",
        "coordinates": [
          40.556225,
          47.276009
        ]
      },
      "properties": {
        "time": "133095"
      }
    },
    {
      "type": "Feature",
      "id": 237,
      "geometry": {
        "type": "Point",
        "coordinates": [
          40.56131,
          47.278244
        ]
      },
      "properties": {
        "time": "133096"
      }
    },
    {
      "type": "Feature",
      "id": 238,
      "geometry": {
        "type": "Point",
        "coordinates": [
          40.566254,
          47.28064
        ]
      },
      "properties": {
        "time": "133097"
      }
    },
    {
      "type": "Feature",
      "id": 239,
      "geometry": {
        "type": "Point",
        "coordinates": [
          40.571033,
          47.283211
        ]
      },
      "properties": {
        "time": "133098"
      }
    },
    {
      "type": "Feature",
      "id": 240,
      "geometry": {
        "type": "Point",
        "coordinates": [
          40.575657,
          47.285912
        ]
      },
      "properties": {
        "time": "133099"
      }
    },
    {
      "type": "Feature",
      "id": 241,
      "geometry": {
        "type": "Point",
        "coordinates": [
          40.580074,
          47.288746
        ]
      },
      "properties": {
        "time": "133100"
      }
    },
    {
      "type": "Feature",
      "id": 242,
      "geometry": {
        "type": "Point",
        "coordinates": [
          40.584312,
          47.291756
        ]
      },
      "properties": {
        "time": "133101"
      }
    },
    {
      "type": "Feature",
      "id": 243,
      "geometry": {
        "type": "Point",
        "coordinates": [
          40.588306,
          47.294903
        ]
      },
      "properties": {
        "time": "133102"
      }
    },
    {
      "type": "Feature",
      "id": 244,
      "geometry": {
        "type": "Point",
        "coordinates": [
          40.592064,
          47.298161
        ]
      },
      "properties": {
        "time": "133103"
      }
    },
    {
      "type": "Feature",
      "id": 245,
      "geometry": {
        "type": "Point",
        "coordinates": [
          40.595623,
          47.30151
        ]
      },
      "properties": {
        "time": "133104"
      }
    },
    {
      "type": "Feature",
      "id": 246,
      "geometry": {
        "type": "Point",
        "coordinates": [
          40.598915,
          47.304996
        ]
      },
      "properties": {
        "time": "133105"
      }
    },
    {
      "type": "Feature",
      "id": 247,
      "geometry": {
        "type": "Point",
        "coordinates": [
          40.601963,
          47.308578
        ]
      },
      "properties": {
        "time": "133106"
      }
    },
    {
      "type": "Feature",
      "id": 248,
      "geometry": {
        "type": "Point",
        "coordinates": [
          40.604763,
          47.312267
        ]
      },
      "properties": {
        "time": "133107"
      }
    },
    {
      "type": "Feature",
      "id": 249,
      "geometry": {
        "type": "Point",
        "coordinates": [
          40.607307,
          47.31604
        ]
      },
      "properties": {
        "time": "133108"
      }
    },
    {
      "type": "Feature",
      "id": 250,
      "geometry": {
        "type": "Point",
        "coordinates": [
          40.609627,
          47.319847
        ]
      },
      "properties": {
        "time": "133109"
      }
    },
    {
      "type": "Feature",
      "id": 251,
      "geometry": {
        "type": "Point",
        "coordinates": [
          40.611664,
          47.32373
        ]
      },
      "properties": {
        "time": "133110"
      }
    },
    {
      "type": "Feature",
      "id": 252,
      "geometry": {
        "type": "Point",
        "coordinates": [
          40.613434,
          47.327652
        ]
      },
      "properties": {
        "time": "133111"
      }
    },
    {
      "type": "Feature",
      "id": 253,
      "geometry": {
        "type": "Point",
        "coordinates": [
          40.614925,
          47.331612
        ]
      },
      "properties": {
        "time": "133112"
      }
    },
    {
      "type": "Feature",
      "id": 254,
      "geometry": {
        "type": "Point",
        "coordinates": [
          40.616138,
          47.335678
        ]
      },
      "properties": {
        "time": "133113"
      }
    },
    {
      "type": "Feature",
      "id": 255,
      "geometry": {
        "type": "Point",
        "coordinates": [
          40.61705,
          47.339798
        ]
      },
      "properties": {
        "time": "133114"
      }
    },
    {
      "type": "Feature",
      "id": 256,
      "geometry": {
        "type": "Point",
        "coordinates": [
          40.617699,
          47.34391
        ]
      },
      "properties": {
        "time": "133115"
      }
    },
    {
      "type": "Feature",
      "id": 257,
      "geometry": {
        "type": "Point",
        "coordinates": [
          40.61805,
          47.348038
        ]
      },
      "properties": {
        "time": "133116"
      }
    },
    {
      "type": "Feature",
      "id": 258,
      "geometry": {
        "type": "Point",
        "coordinates": [
          40.618126,
          47.352165
        ]
      },
      "properties": {
        "time": "133117"
      }
    },
    {
      "type": "Feature",
      "id": 259,
      "geometry": {
        "type": "Point",
        "coordinates": [
          40.617912,
          47.356293
        ]
      },
      "properties": {
        "time": "133118"
      }
    },
    {
      "type": "Feature",
      "id": 260,
      "geometry": {
        "type": "Point",
        "coordinates": [
          40.617424,
          47.36039
        ]
      },
      "properties": {
        "time": "133119"
      }
    },
    {
      "type": "Feature",
      "id": 261,
      "geometry": {
        "type": "Point",
        "coordinates": [
          40.616653,
          47.36451
        ]
      },
      "properties": {
        "time": "133120"
      }
    },
    {
      "type": "Feature",
      "id": 262,
      "geometry": {
        "type": "Point",
        "coordinates": [
          40.61557,
          47.368584
        ]
      },
      "properties": {
        "time": "133121"
      }
    },
    {
      "type": "Feature",
      "id": 263,
      "geometry": {
        "type": "Point",
        "coordinates": [
          40.614262,
          47.372623
        ]
      },
      "properties": {
        "time": "133122"
      }
    },
    {
      "type": "Feature",
      "id": 264,
      "geometry": {
        "type": "Point",
        "coordinates": [
          40.612675,
          47.376595
        ]
      },
      "properties": {
        "time": "133123"
      }
    },
    {
      "type": "Feature",
      "id": 265,
      "geometry": {
        "type": "Point",
        "coordinates": [
          40.610725,
          47.380558
        ]
      },
      "properties": {
        "time": "133124"
      }
    },
    {
      "type": "Feature",
      "id": 266,
      "geometry": {
        "type": "Point",
        "coordinates": [
          40.608513,
          47.384438
        ]
      },
      "properties": {
        "time": "133125"
      }
    },
    {
      "type": "Feature",
      "id": 267,
      "geometry": {
        "type": "Point",
        "coordinates": [
          40.606079,
          47.388226
        ]
      },
      "properties": {
        "time": "133126"
      }
    },
    {
      "type": "Feature",
      "id": 268,
      "geometry": {
        "type": "Point",
        "coordinates": [
          40.603344,
          47.391941
        ]
      },
      "properties": {
        "time": "133127"
      }
    },
    {
      "type": "Feature",
      "id": 269,
      "geometry": {
        "type": "Point",
        "coordinates": [
          40.600368,
          47.39555
        ]
      },
      "properties": {
        "time": "133128"
      }
    },
    {
      "type": "Feature",
      "id": 270,
      "geometry": {
        "type": "Point",
        "coordinates": [
          40.597137,
          47.399029
        ]
      },
      "properties": {
        "time": "133129"
      }
    },
    {
      "type": "Feature",
      "id": 271,
      "geometry": {
        "type": "Point",
        "coordinates": [
          40.593658,
          47.402481
        ]
      },
      "properties": {
        "time": "133130"
      }
    },
    {
      "type": "Feature",
      "id": 272,
      "geometry": {
        "type": "Point",
        "coordinates": [
          40.589954,
          47.405804
        ]
      },
      "properties": {
        "time": "133131"
      }
    },
    {
      "type": "Feature",
      "id": 273,
      "geometry": {
        "type": "Point",
        "coordinates": [
          40.58604,
          47.408997
        ]
      },
      "properties": {
        "time": "133132"
      }
    },
    {
      "type": "Feature",
      "id": 274,
      "geometry": {
        "type": "Point",
        "coordinates": [
          40.581902,
          47.412033
        ]
      },
      "properties": {
        "time": "133133"
      }
    },
    {
      "type": "Feature",
      "id": 275,
      "geometry": {
        "type": "Point",
        "coordinates": [
          40.577545,
          47.414959
        ]
      },
      "properties": {
        "time": "133134"
      }
    },
    {
      "type": "Feature",
      "id": 276,
      "geometry": {
        "type": "Point",
        "coordinates": [
          40.573006,
          47.417755
        ]
      },
      "properties": {
        "time": "133135"
      }
    },
    {
      "type": "Feature",
      "id": 277,
      "geometry": {
        "type": "Point",
        "coordinates": [
          40.568279,
          47.42041
        ]
      },
      "properties": {
        "time": "133136"
      }
    },
    {
      "type": "Feature",
      "id": 278,
      "geometry": {
        "type": "Point",
        "coordinates": [
          40.563381,
          47.422894
        ]
      },
      "properties": {
        "time": "133137"
      }
    },
    {
      "type": "Feature",
      "id": 279,
      "geometry": {
        "type": "Point",
        "coordinates": [
          40.558315,
          47.42522
        ]
      },
      "properties": {
        "time": "133138"
      }
    },
    {
      "type": "Feature",
      "id": 280,
      "geometry": {
        "type": "Point",
        "coordinates": [
          40.553123,
          47.427383
        ]
      },
      "properties": {
        "time": "133139"
      }
    },
    {
      "type": "Feature",
      "id": 281,
      "geometry": {
        "type": "Point",
        "coordinates": [
          40.547783,
          47.429367
        ]
      },
      "properties": {
        "time": "133140"
      }
    },
    {
      "type": "Feature",
      "id": 282,
      "geometry": {
        "type": "Point",
        "coordinates": [
          40.542286,
          47.431179
        ]
      },
      "properties": {
        "time": "133141"
      }
    },
    {
      "type": "Feature",
      "id": 283,
      "geometry": {
        "type": "Point",
        "coordinates": [
          40.53669,
          47.432793
        ]
      },
      "properties": {
        "time": "133142"
      }
    },
    {
      "type": "Feature",
      "id": 284,
      "geometry": {
        "type": "Point",
        "coordinates": [
          40.530994,
          47.434238
        ]
      },
      "properties": {
        "time": "133143"
      }
    },
    {
      "type": "Feature",
      "id": 285,
      "geometry": {
        "type": "Point",
        "coordinates": [
          40.525166,
          47.435513
        ]
      },
      "properties": {
        "time": "133144"
      }
    },
    {
      "type": "Feature",
      "id": 286,
      "geometry": {
        "type": "Point",
        "coordinates": [
          40.519268,
          47.436596
        ]
      },
      "properties": {
        "time": "133145"
      }
    },
    {
      "type": "Feature",
      "id": 287,
      "geometry": {
        "type": "Point",
        "coordinates": [
          40.513344,
          47.437462
        ]
      },
      "properties": {
        "time": "133146"
      }
    },
    {
      "type": "Feature",
      "id": 288,
      "geometry": {
        "type": "Point",
        "coordinates": [
          40.50732,
          47.438156
        ]
      },
      "properties": {
        "time": "133147"
      }
    },
    {
      "type": "Feature",
      "id": 289,
      "geometry": {
        "type": "Point",
        "coordinates": [
          40.501263,
          47.438663
        ]
      },
      "properties": {
        "time": "133148"
      }
    },
    {
      "type": "Feature",
      "id": 290,
      "geometry": {
        "type": "Point",
        "coordinates": [
          40.495174,
          47.438965
        ]
      },
      "properties": {
        "time": "133149"
      }
    },
    {
      "type": "Feature",
      "id": 291,
      "geometry": {
        "type": "Point",
        "coordinates": [
          40.489063,
          47.439087
        ]
      },
      "properties": {
        "time": "133150"
      }
    },
    {
      "type": "Feature",
      "id": 292,
      "geometry": {
        "type": "Point",
        "coordinates": [
          40.482975,
          47.439014
        ]
      },
      "properties": {
        "time": "133151"
      }
    },
    {
      "type": "Feature",
      "id": 293,
      "geometry": {
        "type": "Point",
        "coordinates": [
          40.479336,
          47.438862
        ]
      },
      "properties": {
        "time": "133152"
      }
    },
    {
      "type": "Feature",
      "id": 294,
      "geometry": {
        "type": "Point",
        "coordinates": [
          40.472698,
          47.438564
        ]
      },
      "properties": {
        "time": "133153"
      }
    },
    {
      "type": "Feature",
      "id": 295,
      "geometry": {
        "type": "Point",
        "coordinates": [
          40.472698,
          47.438564
        ]
      },
      "properties": {
        "time": "133154"
      }
    },
    {
      "type": "Feature",
      "id": 296,
      "geometry": {
        "type": "Point",
        "coordinates": [
          40.401051,
          47.37035
        ]
      },
      "properties": {
        "time": "133155"
      }
    },
    {
      "type": "Feature",
      "id": 297,
      "geometry": {
        "type": "Point",
        "coordinates": [
          40.401463,
          47.370419
        ]
      },
      "properties": {
        "time": "133156"
      }
    },
    {
      "type": "Feature",
      "id": 298,
      "geometry": {
        "type": "Point",
        "coordinates": [
          40.401863,
          47.370487
        ]
      },
      "properties": {
        "time": "133157"
      }
    },
    {
      "type": "Feature",
      "id": 299,
      "geometry": {
        "type": "Point",
        "coordinates": [
          40.402267,
          47.370544
        ]
      },
      "properties": {
        "time": "133158"
      }
    },
    {
      "type": "Feature",
      "id": 300,
      "geometry": {
        "type": "Point",
        "coordinates": [
          40.402672,
          47.370598
        ]
      },
      "properties": {
        "time": "133159"
      }
    },
    {
      "type": "Feature",
      "id": 301,
      "geometry": {
        "type": "Point",
        "coordinates": [
          40.403088,
          47.370644
        ]
      },
      "properties": {
        "time": "133160"
      }
    },
    {
      "type": "Feature",
      "id": 302,
      "geometry": {
        "type": "Point",
        "coordinates": [
          40.403503,
          47.370686
        ]
      },
      "properties": {
        "time": "133161"
      }
    },
    {
      "type": "Feature",
      "id": 303,
      "geometry": {
        "type": "Point",
        "coordinates": [
          40.403912,
          47.370731
        ]
      },
      "properties": {
        "time": "133162"
      }
    },
    {
      "type": "Feature",
      "id": 304,
      "geometry": {
        "type": "Point",
        "coordinates": [
          40.404312,
          47.370773
        ]
      },
      "properties": {
        "time": "133163"
      }
    },
    {
      "type": "Feature",
      "id": 305,
      "geometry": {
        "type": "Point",
        "coordinates": [
          40.404713,
          47.370819
        ]
      },
      "properties": {
        "time": "133164"
      }
    },
    {
      "type": "Feature",
      "id": 306,
      "geometry": {
        "type": "Point",
        "coordinates": [
          40.405125,
          47.370853
        ]
      },
      "properties": {
        "time": "133165"
      }
    },
    {
      "type": "Feature",
      "id": 307,
      "geometry": {
        "type": "Point",
        "coordinates": [
          40.405514,
          47.370903
        ]
      },
      "properties": {
        "time": "133166"
      }
    },
    {
      "type": "Feature",
      "id": 308,
      "geometry": {
        "type": "Point",
        "coordinates": [
          40.405903,
          47.370945
        ]
      },
      "properties": {
        "time": "133167"
      }
    },
    {
      "type": "Feature",
      "id": 309,
      "geometry": {
        "type": "Point",
        "coordinates": [
          40.406322,
          47.370968
        ]
      },
      "properties": {
        "time": "133168"
      }
    },
    {
      "type": "Feature",
      "id": 310,
      "geometry": {
        "type": "Point",
        "coordinates": [
          40.406734,
          47.370979
        ]
      },
      "properties": {
        "time": "133169"
      }
    },
    {
      "type": "Feature",
      "id": 311,
      "geometry": {
        "type": "Point",
        "coordinates": [
          40.407162,
          47.370983
        ]
      },
      "properties": {
        "time": "133170"
      }
    },
    {
      "type": "Feature",
      "id": 312,
      "geometry": {
        "type": "Point",
        "coordinates": [
          40.407581,
          47.370991
        ]
      },
      "properties": {
        "time": "133171"
      }
    },
    {
      "type": "Feature",
      "id": 313,
      "geometry": {
        "type": "Point",
        "coordinates": [
          40.408005,
          47.370998
        ]
      },
      "properties": {
        "time": "133172"
      }
    },
    {
      "type": "Feature",
      "id": 314,
      "geometry": {
        "type": "Point",
        "coordinates": [
          40.408424,
          47.371014
        ]
      },
      "properties": {
        "time": "133173"
      }
    },
    {
      "type": "Feature",
      "id": 315,
      "geometry": {
        "type": "Point",
        "coordinates": [
          40.408844,
          47.371014
        ]
      },
      "properties": {
        "time": "133174"
      }
    },
    {
      "type": "Feature",
      "id": 316,
      "geometry": {
        "type": "Point",
        "coordinates": [
          40.409252,
          47.371037
        ]
      },
      "properties": {
        "time": "133175"
      }
    },
    {
      "type": "Feature",
      "id": 317,
      "geometry": {
        "type": "Point",
        "coordinates": [
          40.409687,
          47.371067
        ]
      },
      "properties": {
        "time": "133176"
      }
    },
    {
      "type": "Feature",
      "id": 318,
      "geometry": {
        "type": "Point",
        "coordinates": [
          40.410118,
          47.371109
        ]
      },
      "properties": {
        "time": "133177"
      }
    },
    {
      "type": "Feature",
      "id": 319,
      "geometry": {
        "type": "Point",
        "coordinates": [
          40.410519,
          47.37117
        ]
      },
      "properties": {
        "time": "133178"
      }
    },
    {
      "type": "Feature",
      "id": 320,
      "geometry": {
        "type": "Point",
        "coordinates": [
          40.410892,
          47.371227
        ]
      },
      "properties": {
        "time": "133179"
      }
    },
    {
      "type": "Feature",
      "id": 321,
      "geometry": {
        "type": "Point",
        "coordinates": [
          40.411259,
          47.371269
        ]
      },
      "properties": {
        "time": "133180"
      }
    },
    {
      "type": "Feature",
      "id": 322,
      "geometry": {
        "type": "Point",
        "coordinates": [
          40.411633,
          47.371311
        ]
      },
      "properties": {
        "time": "133181"
      }
    },
    {
      "type": "Feature",
      "id": 323,
      "geometry": {
        "type": "Point",
        "coordinates": [
          40.412045,
          47.371353
        ]
      },
      "properties": {
        "time": "133182"
      }
    },
    {
      "type": "Feature",
      "id": 324,
      "geometry": {
        "type": "Point",
        "coordinates": [
          40.41246,
          47.371414
        ]
      },
      "properties": {
        "time": "133183"
      }
    },
    {
      "type": "Feature",
      "id": 325,
      "geometry": {
        "type": "Point",
        "coordinates": [
          40.412903,
          47.371494
        ]
      },
      "properties": {
        "time": "133184"
      }
    },
    {
      "type": "Feature",
      "id": 326,
      "geometry": {
        "type": "Point",
        "coordinates": [
          40.413338,
          47.371567
        ]
      },
      "properties": {
        "time": "133185"
      }
    },
    {
      "type": "Feature",
      "id": 327,
      "geometry": {
        "type": "Point",
        "coordinates": [
          40.413773,
          47.371647
        ]
      },
      "properties": {
        "time": "133186"
      }
    },
    {
      "type": "Feature",
      "id": 328,
      "geometry": {
        "type": "Point",
        "coordinates": [
          40.414188,
          47.371727
        ]
      },
      "properties": {
        "time": "133187"
      }
    },
    {
      "type": "Feature",
      "id": 329,
      "geometry": {
        "type": "Point",
        "coordinates": [
          40.414616,
          47.371788
        ]
      },
      "properties": {
        "time": "133188"
      }
    },
    {
      "type": "Feature",
      "id": 330,
      "geometry": {
        "type": "Point",
        "coordinates": [
          40.415047,
          47.371803
        ]
      },
      "properties": {
        "time": "133189"
      }
    },
    {
      "type": "Feature",
      "id": 331,
      "geometry": {
        "type": "Point",
        "coordinates": [
          40.415443,
          47.371784
        ]
      },
      "properties": {
        "time": "133190"
      }
    },
    {
      "type": "Feature",
      "id": 332,
      "geometry": {
        "type": "Point",
        "coordinates": [
          40.41584,
          47.371761
        ]
      },
      "properties": {
        "time": "133191"
      }
    },
    {
      "type": "Feature",
      "id": 333,
      "geometry": {
        "type": "Point",
        "coordinates": [
          40.416225,
          47.371723
        ]
      },
      "properties": {
        "time": "133192"
      }
    },
    {
      "type": "Feature",
      "id": 334,
      "geometry": {
        "type": "Point",
        "coordinates": [
          40.416595,
          47.371674
        ]
      },
      "properties": {
        "time": "133193"
      }
    },
    {
      "type": "Feature",
      "id": 335,
      "geometry": {
        "type": "Point",
        "coordinates": [
          40.416973,
          47.371597
        ]
      },
      "properties": {
        "time": "133194"
      }
    },
    {
      "type": "Feature",
      "id": 336,
      "geometry": {
        "type": "Point",
        "coordinates": [
          40.417343,
          47.371513
        ]
      },
      "properties": {
        "time": "133195"
      }
    },
    {
      "type": "Feature",
      "id": 337,
      "geometry": {
        "type": "Point",
        "coordinates": [
          40.417713,
          47.371407
        ]
      },
      "properties": {
        "time": "133196"
      }
    },
    {
      "type": "Feature",
      "id": 338,
      "geometry": {
        "type": "Point",
        "coordinates": [
          40.418091,
          47.371315
        ]
      },
      "properties": {
        "time": "133197"
      }
    },
    {
      "type": "Feature",
      "id": 339,
      "geometry": {
        "type": "Point",
        "coordinates": [
          40.418468,
          47.371246
        ]
      },
      "properties": {
        "time": "133198"
      }
    },
    {
      "type": "Feature",
      "id": 340,
      "geometry": {
        "type": "Point",
        "coordinates": [
          40.418865,
          47.371216
        ]
      },
      "properties": {
        "time": "133199"
      }
    },
    {
      "type": "Feature",
      "id": 341,
      "geometry": {
        "type": "Point",
        "coordinates": [
          40.419258,
          47.371185
        ]
      },
      "properties": {
        "time": "133200"
      }
    },
    {
      "type": "Feature",
      "id": 342,
      "geometry": {
        "type": "Point",
        "coordinates": [
          40.419651,
          47.371178
        ]
      },
      "properties": {
        "time": "133201"
      }
    },
    {
      "type": "Feature",
      "id": 343,
      "geometry": {
        "type": "Point",
        "coordinates": [
          40.420052,
          47.371185
        ]
      },
      "properties": {
        "time": "133202"
      }
    },
    {
      "type": "Feature",
      "id": 344,
      "geometry": {
        "type": "Point",
        "coordinates": [
          40.420448,
          47.371197
        ]
      },
      "properties": {
        "time": "133203"
      }
    },
    {
      "type": "Feature",
      "id": 345,
      "geometry": {
        "type": "Point",
        "coordinates": [
          40.420841,
          47.371227
        ]
      },
      "properties": {
        "time": "133204"
      }
    },
    {
      "type": "Feature",
      "id": 346,
      "geometry": {
        "type": "Point",
        "coordinates": [
          40.421227,
          47.371292
        ]
      },
      "properties": {
        "time": "133205"
      }
    },
    {
      "type": "Feature",
      "id": 347,
      "geometry": {
        "type": "Point",
        "coordinates": [
          40.421589,
          47.371376
        ]
      },
      "properties": {
        "time": "133206"
      }
    },
    {
      "type": "Feature",
      "id": 348,
      "geometry": {
        "type": "Point",
        "coordinates": [
          40.421959,
          47.37146
        ]
      },
      "properties": {
        "time": "133207"
      }
    },
    {
      "type": "Feature",
      "id": 349,
      "geometry": {
        "type": "Point",
        "coordinates": [
          40.422325,
          47.371552
        ]
      },
      "properties": {
        "time": "133208"
      }
    },
    {
      "type": "Feature",
      "id": 350,
      "geometry": {
        "type": "Point",
        "coordinates": [
          40.422688,
          47.371632
        ]
      },
      "properties": {
        "time": "133209"
      }
    },
    {
      "type": "Feature",
      "id": 351,
      "geometry": {
        "type": "Point",
        "coordinates": [
          40.42305,
          47.371731
        ]
      },
      "properties": {
        "time": "133210"
      }
    },
    {
      "type": "Feature",
      "id": 352,
      "geometry": {
        "type": "Point",
        "coordinates": [
          40.423416,
          47.371822
        ]
      },
      "properties": {
        "time": "133211"
      }
    },
    {
      "type": "Feature",
      "id": 353,
      "geometry": {
        "type": "Point",
        "coordinates": [
          40.423782,
          47.371922
        ]
      },
      "properties": {
        "time": "133212"
      }
    },
    {
      "type": "Feature",
      "id": 354,
      "geometry": {
        "type": "Point",
        "coordinates": [
          40.424141,
          47.372009
        ]
      },
      "properties": {
        "time": "133213"
      }
    },
    {
      "type": "Feature",
      "id": 355,
      "geometry": {
        "type": "Point",
        "coordinates": [
          40.424522,
          47.372097
        ]
      },
      "properties": {
        "time": "133214"
      }
    },
    {
      "type": "Feature",
      "id": 356,
      "geometry": {
        "type": "Point",
        "coordinates": [
          40.424889,
          47.372208
        ]
      },
      "properties": {
        "time": "133215"
      }
    },
    {
      "type": "Feature",
      "id": 357,
      "geometry": {
        "type": "Point",
        "coordinates": [
          40.425259,
          47.372311
        ]
      },
      "properties": {
        "time": "133216"
      }
    },
    {
      "type": "Feature",
      "id": 358,
      "geometry": {
        "type": "Point",
        "coordinates": [
          40.425625,
          47.37241
        ]
      },
      "properties": {
        "time": "133217"
      }
    },
    {
      "type": "Feature",
      "id": 359,
      "geometry": {
        "type": "Point",
        "coordinates": [
          40.42598,
          47.372517
        ]
      },
      "properties": {
        "time": "133218"
      }
    },
    {
      "type": "Feature",
      "id": 360,
      "geometry": {
        "type": "Point",
        "coordinates": [
          40.42635,
          47.372631
        ]
      },
      "properties": {
        "time": "133219"
      }
    },
    {
      "type": "Feature",
      "id": 361,
      "geometry": {
        "type": "Point",
        "coordinates": [
          40.426731,
          47.372734
        ]
      },
      "properties": {
        "time": "133220"
      }
    },
    {
      "type": "Feature",
      "id": 362,
      "geometry": {
        "type": "Point",
        "coordinates": [
          40.427105,
          47.372841
        ]
      },
      "properties": {
        "time": "133221"
      }
    },
    {
      "type": "Feature",
      "id": 363,
      "geometry": {
        "type": "Point",
        "coordinates": [
          40.427467,
          47.372955
        ]
      },
      "properties": {
        "time": "133222"
      }
    },
    {
      "type": "Feature",
      "id": 364,
      "geometry": {
        "type": "Point",
        "coordinates": [
          40.427807,
          47.373089
        ]
      },
      "properties": {
        "time": "133223"
      }
    },
    {
      "type": "Feature",
      "id": 365,
      "geometry": {
        "type": "Point",
        "coordinates": [
          40.428131,
          47.373238
        ]
      },
      "properties": {
        "time": "133224"
      }
    },
    {
      "type": "Feature",
      "id": 366,
      "geometry": {
        "type": "Point",
        "coordinates": [
          40.428459,
          47.37339
        ]
      },
      "properties": {
        "time": "133225"
      }
    },
    {
      "type": "Feature",
      "id": 367,
      "geometry": {
        "type": "Point",
        "coordinates": [
          40.428772,
          47.373558
        ]
      },
      "properties": {
        "time": "133226"
      }
    },
    {
      "type": "Feature",
      "id": 368,
      "geometry": {
        "type": "Point",
        "coordinates": [
          40.429077,
          47.373741
        ]
      },
      "properties": {
        "time": "133227"
      }
    },
    {
      "type": "Feature",
      "id": 369,
      "geometry": {
        "type": "Point",
        "coordinates": [
          40.429386,
          47.373947
        ]
      },
      "properties": {
        "time": "133228"
      }
    },
    {
      "type": "Feature",
      "id": 370,
      "geometry": {
        "type": "Point",
        "coordinates": [
          40.429661,
          47.374153
        ]
      },
      "properties": {
        "time": "133229"
      }
    },
    {
      "type": "Feature",
      "id": 371,
      "geometry": {
        "type": "Point",
        "coordinates": [
          40.429928,
          47.374367
        ]
      },
      "properties": {
        "time": "133230"
      }
    },
    {
      "type": "Feature",
      "id": 372,
      "geometry": {
        "type": "Point",
        "coordinates": [
          40.430172,
          47.37458
        ]
      },
      "properties": {
        "time": "133231"
      }
    },
    {
      "type": "Feature",
      "id": 373,
      "geometry": {
        "type": "Point",
        "coordinates": [
          40.430424,
          47.37479
        ]
      },
      "properties": {
        "time": "133232"
      }
    },
    {
      "type": "Feature",
      "id": 374,
      "geometry": {
        "type": "Point",
        "coordinates": [
          40.43066,
          47.375011
        ]
      },
      "properties": {
        "time": "133233"
      }
    },
    {
      "type": "Feature",
      "id": 375,
      "geometry": {
        "type": "Point",
        "coordinates": [
          40.430893,
          47.375221
        ]
      },
      "properties": {
        "time": "133234"
      }
    },
    {
      "type": "Feature",
      "id": 376,
      "geometry": {
        "type": "Point",
        "coordinates": [
          40.431129,
          47.375412
        ]
      },
      "properties": {
        "time": "133235"
      }
    },
    {
      "type": "Feature",
      "id": 377,
      "geometry": {
        "type": "Point",
        "coordinates": [
          40.431351,
          47.37561
        ]
      },
      "properties": {
        "time": "133236"
      }
    },
    {
      "type": "Feature",
      "id": 378,
      "geometry": {
        "type": "Point",
        "coordinates": [
          40.43158,
          47.375832
        ]
      },
      "properties": {
        "time": "133237"
      }
    },
    {
      "type": "Feature",
      "id": 379,
      "geometry": {
        "type": "Point",
        "coordinates": [
          40.431808,
          47.376057
        ]
      },
      "properties": {
        "time": "133238"
      }
    },
    {
      "type": "Feature",
      "id": 380,
      "geometry": {
        "type": "Point",
        "coordinates": [
          40.432037,
          47.376266
        ]
      },
      "properties": {
        "time": "133239"
      }
    },
    {
      "type": "Feature",
      "id": 381,
      "geometry": {
        "type": "Point",
        "coordinates": [
          40.432278,
          47.37648
        ]
      },
      "properties": {
        "time": "133240"
      }
    },
    {
      "type": "Feature",
      "id": 382,
      "geometry": {
        "type": "Point",
        "coordinates": [
          40.432522,
          47.376705
        ]
      },
      "properties": {
        "time": "133241"
      }
    },
    {
      "type": "Feature",
      "id": 383,
      "geometry": {
        "type": "Point",
        "coordinates": [
          40.432743,
          47.376957
        ]
      },
      "properties": {
        "time": "133242"
      }
    },
    {
      "type": "Feature",
      "id": 384,
      "geometry": {
        "type": "Point",
        "coordinates": [
          40.432964,
          47.377178
        ]
      },
      "properties": {
        "time": "133243"
      }
    },
    {
      "type": "Feature",
      "id": 385,
      "geometry": {
        "type": "Point",
        "coordinates": [
          40.433167,
          47.377407
        ]
      },
      "properties": {
        "time": "133244"
      }
    },
    {
      "type": "Feature",
      "id": 386,
      "geometry": {
        "type": "Point",
        "coordinates": [
          40.433338,
          47.377647
        ]
      },
      "properties": {
        "time": "133245"
      }
    },
    {
      "type": "Feature",
      "id": 387,
      "geometry": {
        "type": "Point",
        "coordinates": [
          40.433464,
          47.377899
        ]
      },
      "properties": {
        "time": "133246"
      }
    },
    {
      "type": "Feature",
      "id": 388,
      "geometry": {
        "type": "Point",
        "coordinates": [
          40.433582,
          47.378151
        ]
      },
      "properties": {
        "time": "133247"
      }
    },
    {
      "type": "Feature",
      "id": 389,
      "geometry": {
        "type": "Point",
        "coordinates": [
          40.433666,
          47.378407
        ]
      },
      "properties": {
        "time": "133248"
      }
    },
    {
      "type": "Feature",
      "id": 390,
      "geometry": {
        "type": "Point",
        "coordinates": [
          40.433735,
          47.378658
        ]
      },
      "properties": {
        "time": "133249"
      }
    },
    {
      "type": "Feature",
      "id": 391,
      "geometry": {
        "type": "Point",
        "coordinates": [
          40.433807,
          47.378902
        ]
      },
      "properties": {
        "time": "133250"
      }
    },
    {
      "type": "Feature",
      "id": 392,
      "geometry": {
        "type": "Point",
        "coordinates": [
          40.43388,
          47.379158
        ]
      },
      "properties": {
        "time": "133251"
      }
    },
    {
      "type": "Feature",
      "id": 393,
      "geometry": {
        "type": "Point",
        "coordinates": [
          40.433949,
          47.37941
        ]
      },
      "properties": {
        "time": "133252"
      }
    },
    {
      "type": "Feature",
      "id": 394,
      "geometry": {
        "type": "Point",
        "coordinates": [
          40.434002,
          47.379658
        ]
      },
      "properties": {
        "time": "133253"
      }
    },
    {
      "type": "Feature",
      "id": 395,
      "geometry": {
        "type": "Point",
        "coordinates": [
          40.434059,
          47.379902
        ]
      },
      "properties": {
        "time": "133254"
      }
    },
    {
      "type": "Feature",
      "id": 396,
      "geometry": {
        "type": "Point",
        "coordinates": [
          40.434105,
          47.38015
        ]
      },
      "properties": {
        "time": "133255"
      }
    },
    {
      "type": "Feature",
      "id": 397,
      "geometry": {
        "type": "Point",
        "coordinates": [
          40.434139,
          47.380394
        ]
      },
      "properties": {
        "time": "133256"
      }
    },
    {
      "type": "Feature",
      "id": 398,
      "geometry": {
        "type": "Point",
        "coordinates": [
          40.434162,
          47.38065
        ]
      },
      "properties": {
        "time": "133257"
      }
    },
    {
      "type": "Feature",
      "id": 399,
      "geometry": {
        "type": "Point",
        "coordinates": [
          40.43417,
          47.380909
        ]
      },
      "properties": {
        "time": "133258"
      }
    },
    {
      "type": "Feature",
      "id": 400,
      "geometry": {
        "type": "Point",
        "coordinates": [
          40.434196,
          47.381157
        ]
      },
      "properties": {
        "time": "133259"
      }
    },
    {
      "type": "Feature",
      "id": 401,
      "geometry": {
        "type": "Point",
        "coordinates": [
          40.434185,
          47.381401
        ]
      },
      "properties": {
        "time": "133260"
      }
    },
    {
      "type": "Feature",
      "id": 402,
      "geometry": {
        "type": "Point",
        "coordinates": [
          40.434166,
          47.381649
        ]
      },
      "properties": {
        "time": "133261"
      }
    },
    {
      "type": "Feature",
      "id": 403,
      "geometry": {
        "type": "Point",
        "coordinates": [
          40.434143,
          47.381897
        ]
      },
      "properties": {
        "time": "133262"
      }
    },
    {
      "type": "Feature",
      "id": 404,
      "geometry": {
        "type": "Point",
        "coordinates": [
          40.434116,
          47.382145
        ]
      },
      "properties": {
        "time": "133263"
      }
    },
    {
      "type": "Feature",
      "id": 405,
      "geometry": {
        "type": "Point",
        "coordinates": [
          40.434074,
          47.382393
        ]
      },
      "properties": {
        "time": "133264"
      }
    },
    {
      "type": "Feature",
      "id": 406,
      "geometry": {
        "type": "Point",
        "coordinates": [
          40.434032,
          47.382641
        ]
      },
      "properties": {
        "time": "133265"
      }
    },
    {
      "type": "Feature",
      "id": 407,
      "geometry": {
        "type": "Point",
        "coordinates": [
          40.433994,
          47.382893
        ]
      },
      "properties": {
        "time": "133266"
      }
    },
    {
      "type": "Feature",
      "id": 408,
      "geometry": {
        "type": "Point",
        "coordinates": [
          40.433968,
          47.383144
        ]
      },
      "properties": {
        "time": "133267"
      }
    },
    {
      "type": "Feature",
      "id": 409,
      "geometry": {
        "type": "Point",
        "coordinates": [
          40.433937,
          47.3834
        ]
      },
      "properties": {
        "time": "133268"
      }
    },
    {
      "type": "Feature",
      "id": 410,
      "geometry": {
        "type": "Point",
        "coordinates": [
          40.433907,
          47.383652
        ]
      },
      "properties": {
        "time": "133269"
      }
    },
    {
      "type": "Feature",
      "id": 411,
      "geometry": {
        "type": "Point",
        "coordinates": [
          40.43388,
          47.383888
        ]
      },
      "properties": {
        "time": "133270"
      }
    },
    {
      "type": "Feature",
      "id": 412,
      "geometry": {
        "type": "Point",
        "coordinates": [
          40.433876,
          47.384129
        ]
      },
      "properties": {
        "time": "133271"
      }
    },
    {
      "type": "Feature",
      "id": 413,
      "geometry": {
        "type": "Point",
        "coordinates": [
          40.433868,
          47.38438
        ]
      },
      "properties": {
        "time": "133272"
      }
    },
    {
      "type": "Feature",
      "id": 414,
      "geometry": {
        "type": "Point",
        "coordinates": [
          40.433842,
          47.384644
        ]
      },
      "properties": {
        "time": "133273"
      }
    },
    {
      "type": "Feature",
      "id": 415,
      "geometry": {
        "type": "Point",
        "coordinates": [
          40.433826,
          47.384888
        ]
      },
      "properties": {
        "time": "133274"
      }
    },
    {
      "type": "Feature",
      "id": 416,
      "geometry": {
        "type": "Point",
        "coordinates": [
          40.4338,
          47.385113
        ]
      },
      "properties": {
        "time": "133275"
      }
    },
    {
      "type": "Feature",
      "id": 417,
      "geometry": {
        "type": "Point",
        "coordinates": [
          40.433769,
          47.385365
        ]
      },
      "properties": {
        "time": "133276"
      }
    },
    {
      "type": "Feature",
      "id": 418,
      "geometry": {
        "type": "Point",
        "coordinates": [
          40.433735,
          47.385632
        ]
      },
      "properties": {
        "time": "133277"
      }
    },
    {
      "type": "Feature",
      "id": 419,
      "geometry": {
        "type": "Point",
        "coordinates": [
          40.433693,
          47.385895
        ]
      },
      "properties": {
        "time": "133278"
      }
    },
    {
      "type": "Feature",
      "id": 420,
      "geometry": {
        "type": "Point",
        "coordinates": [
          40.433632,
          47.386173
        ]
      },
      "properties": {
        "time": "133279"
      }
    },
    {
      "type": "Feature",
      "id": 421,
      "geometry": {
        "type": "Point",
        "coordinates": [
          40.433578,
          47.38644
        ]
      },
      "properties": {
        "time": "133280"
      }
    },
    {
      "type": "Feature",
      "id": 422,
      "geometry": {
        "type": "Point",
        "coordinates": [
          40.433521,
          47.386726
        ]
      },
      "properties": {
        "time": "133281"
      }
    },
    {
      "type": "Feature",
      "id": 423,
      "geometry": {
        "type": "Point",
        "coordinates": [
          40.433483,
          47.387005
        ]
      },
      "properties": {
        "time": "133282"
      }
    },
    {
      "type": "Feature",
      "id": 424,
      "geometry": {
        "type": "Point",
        "coordinates": [
          40.433456,
          47.387268
        ]
      },
      "properties": {
        "time": "133283"
      }
    },
    {
      "type": "Feature",
      "id": 425,
      "geometry": {
        "type": "Point",
        "coordinates": [
          40.433418,
          47.387531
        ]
      },
      "properties": {
        "time": "133284"
      }
    },
    {
      "type": "Feature",
      "id": 426,
      "geometry": {
        "type": "Point",
        "coordinates": [
          40.433395,
          47.387794
        ]
      },
      "properties": {
        "time": "133285"
      }
    },
    {
      "type": "Feature",
      "id": 427,
      "geometry": {
        "type": "Point",
        "coordinates": [
          40.433384,
          47.38805
        ]
      },
      "properties": {
        "time": "133286"
      }
    },
    {
      "type": "Feature",
      "id": 428,
      "geometry": {
        "type": "Point",
        "coordinates": [
          40.433357,
          47.388302
        ]
      },
      "properties": {
        "time": "133287"
      }
    },
    {
      "type": "Feature",
      "id": 429,
      "geometry": {
        "type": "Point",
        "coordinates": [
          40.433327,
          47.388561
        ]
      },
      "properties": {
        "time": "133288"
      }
    },
    {
      "type": "Feature",
      "id": 430,
      "geometry": {
        "type": "Point",
        "coordinates": [
          40.433304,
          47.388824
        ]
      },
      "properties": {
        "time": "133289"
      }
    },
    {
      "type": "Feature",
      "id": 431,
      "geometry": {
        "type": "Point",
        "coordinates": [
          40.433289,
          47.389091
        ]
      },
      "properties": {
        "time": "133290"
      }
    },
    {
      "type": "Feature",
      "id": 432,
      "geometry": {
        "type": "Point",
        "coordinates": [
          40.433285,
          47.389359
        ]
      },
      "properties": {
        "time": "133291"
      }
    },
    {
      "type": "Feature",
      "id": 433,
      "geometry": {
        "type": "Point",
        "coordinates": [
          40.433243,
          47.389622
        ]
      },
      "properties": {
        "time": "133292"
      }
    },
    {
      "type": "Feature",
      "id": 434,
      "geometry": {
        "type": "Point",
        "coordinates": [
          40.433186,
          47.389874
        ]
      },
      "properties": {
        "time": "133293"
      }
    },
    {
      "type": "Feature",
      "id": 435,
      "geometry": {
        "type": "Point",
        "coordinates": [
          40.433121,
          47.39011
        ]
      },
      "properties": {
        "time": "133294"
      }
    },
    {
      "type": "Feature",
      "id": 436,
      "geometry": {
        "type": "Point",
        "coordinates": [
          40.433048,
          47.390354
        ]
      },
      "properties": {
        "time": "133295"
      }
    },
    {
      "type": "Feature",
      "id": 437,
      "geometry": {
        "type": "Point",
        "coordinates": [
          40.432976,
          47.390602
        ]
      },
      "properties": {
        "time": "133296"
      }
    },
    {
      "type": "Feature",
      "id": 438,
      "geometry": {
        "type": "Point",
        "coordinates": [
          40.432888,
          47.390854
        ]
      },
      "properties": {
        "time": "133297"
      }
    },
    {
      "type": "Feature",
      "id": 439,
      "geometry": {
        "type": "Point",
        "coordinates": [
          40.4328,
          47.391098
        ]
      },
      "properties": {
        "time": "133298"
      }
    },
    {
      "type": "Feature",
      "id": 440,
      "geometry": {
        "type": "Point",
        "coordinates": [
          40.432728,
          47.391342
        ]
      },
      "properties": {
        "time": "133299"
      }
    },
    {
      "type": "Feature",
      "id": 441,
      "geometry": {
        "type": "Point",
        "coordinates": [
          40.432636,
          47.391579
        ]
      },
      "properties": {
        "time": "133300"
      }
    },
    {
      "type": "Feature",
      "id": 442,
      "geometry": {
        "type": "Point",
        "coordinates": [
          40.432541,
          47.391815
        ]
      },
      "properties": {
        "time": "133301"
      }
    },
    {
      "type": "Feature",
      "id": 443,
      "geometry": {
        "type": "Point",
        "coordinates": [
          40.432434,
          47.392048
        ]
      },
      "properties": {
        "time": "133302"
      }
    },
    {
      "type": "Feature",
      "id": 444,
      "geometry": {
        "type": "Point",
        "coordinates": [
          40.43235,
          47.392277
        ]
      },
      "properties": {
        "time": "133303"
      }
    },
    {
      "type": "Feature",
      "id": 445,
      "geometry": {
        "type": "Point",
        "coordinates": [
          40.432274,
          47.392513
        ]
      },
      "properties": {
        "time": "133304"
      }
    },
    {
      "type": "Feature",
      "id": 446,
      "geometry": {
        "type": "Point",
        "coordinates": [
          40.432201,
          47.392754
        ]
      },
      "properties": {
        "time": "133305"
      }
    },
    {
      "type": "Feature",
      "id": 447,
      "geometry": {
        "type": "Point",
        "coordinates": [
          40.432167,
          47.393005
        ]
      },
      "properties": {
        "time": "133306"
      }
    },
    {
      "type": "Feature",
      "id": 448,
      "geometry": {
        "type": "Point",
        "coordinates": [
          40.432121,
          47.39333
        ]
      },
      "properties": {
        "time": "133307"
      }
    },
    {
      "type": "Feature",
      "id": 449,
      "geometry": {
        "type": "Point",
        "coordinates": [
          40.432072,
          47.393597
        ]
      },
      "properties": {
        "time": "133308"
      }
    },
    {
      "type": "Feature",
      "id": 450,
      "geometry": {
        "type": "Point",
        "coordinates": [
          40.432026,
          47.393856
        ]
      },
      "properties": {
        "time": "133309"
      }
    },
    {
      "type": "Feature",
      "id": 451,
      "geometry": {
        "type": "Point",
        "coordinates": [
          40.431999,
          47.394112
        ]
      },
      "properties": {
        "time": "133310"
      }
    },
    {
      "type": "Feature",
      "id": 452,
      "geometry": {
        "type": "Point",
        "coordinates": [
          40.431965,
          47.394337
        ]
      },
      "properties": {
        "time": "133311"
      }
    },
    {
      "type": "Feature",
      "id": 453,
      "geometry": {
        "type": "Point",
        "coordinates": [
          40.431934,
          47.394592
        ]
      },
      "properties": {
        "time": "133312"
      }
    },
    {
      "type": "Feature",
      "id": 454,
      "geometry": {
        "type": "Point",
        "coordinates": [
          40.431908,
          47.394844
        ]
      },
      "properties": {
        "time": "133313"
      }
    },
    {
      "type": "Feature",
      "id": 455,
      "geometry": {
        "type": "Point",
        "coordinates": [
          40.431911,
          47.395107
        ]
      },
      "properties": {
        "time": "133314"
      }
    },
    {
      "type": "Feature",
      "id": 456,
      "geometry": {
        "type": "Point",
        "coordinates": [
          40.431953,
          47.395351
        ]
      },
      "properties": {
        "time": "133315"
      }
    },
    {
      "type": "Feature",
      "id": 457,
      "geometry": {
        "type": "Point",
        "coordinates": [
          40.432018,
          47.395592
        ]
      },
      "properties": {
        "time": "133316"
      }
    },
    {
      "type": "Feature",
      "id": 458,
      "geometry": {
        "type": "Point",
        "coordinates": [
          40.432083,
          47.39584
        ]
      },
      "properties": {
        "time": "133317"
      }
    },
    {
      "type": "Feature",
      "id": 459,
      "geometry": {
        "type": "Point",
        "coordinates": [
          40.432156,
          47.396088
        ]
      },
      "properties": {
        "time": "133318"
      }
    },
    {
      "type": "Feature",
      "id": 460,
      "geometry": {
        "type": "Point",
        "coordinates": [
          40.432228,
          47.396343
        ]
      },
      "properties": {
        "time": "133319"
      }
    },
    {
      "type": "Feature",
      "id": 461,
      "geometry": {
        "type": "Point",
        "coordinates": [
          40.432293,
          47.396599
        ]
      },
      "properties": {
        "time": "133320"
      }
    },
    {
      "type": "Feature",
      "id": 462,
      "geometry": {
        "type": "Point",
        "coordinates": [
          40.432377,
          47.396854
        ]
      },
      "properties": {
        "time": "133321"
      }
    },
    {
      "type": "Feature",
      "id": 463,
      "geometry": {
        "type": "Point",
        "coordinates": [
          40.432457,
          47.39711
        ]
      },
      "properties": {
        "time": "133322"
      }
    },
    {
      "type": "Feature",
      "id": 464,
      "geometry": {
        "type": "Point",
        "coordinates": [
          40.432541,
          47.397358
        ]
      },
      "properties": {
        "time": "133323"
      }
    },
    {
      "type": "Feature",
      "id": 465,
      "geometry": {
        "type": "Point",
        "coordinates": [
          40.432625,
          47.39761
        ]
      },
      "properties": {
        "time": "133324"
      }
    },
    {
      "type": "Feature",
      "id": 466,
      "geometry": {
        "type": "Point",
        "coordinates": [
          40.43272,
          47.397865
        ]
      },
      "properties": {
        "time": "133325"
      }
    },
    {
      "type": "Feature",
      "id": 467,
      "geometry": {
        "type": "Point",
        "coordinates": [
          40.432831,
          47.398102
        ]
      },
      "properties": {
        "time": "133326"
      }
    },
    {
      "type": "Feature",
      "id": 468,
      "geometry": {
        "type": "Point",
        "coordinates": [
          40.432949,
          47.398342
        ]
      },
      "properties": {
        "time": "133327"
      }
    },
    {
      "type": "Feature",
      "id": 469,
      "geometry": {
        "type": "Point",
        "coordinates": [
          40.433105,
          47.398575
        ]
      },
      "properties": {
        "time": "133328"
      }
    },
    {
      "type": "Feature",
      "id": 470,
      "geometry": {
        "type": "Point",
        "coordinates": [
          40.4333,
          47.398792
        ]
      },
      "properties": {
        "time": "133329"
      }
    },
    {
      "type": "Feature",
      "id": 471,
      "geometry": {
        "type": "Point",
        "coordinates": [
          40.433514,
          47.399002
        ]
      },
      "properties": {
        "time": "133330"
      }
    },
    {
      "type": "Feature",
      "id": 472,
      "geometry": {
        "type": "Point",
        "coordinates": [
          40.43375,
          47.399197
        ]
      },
      "properties": {
        "time": "133331"
      }
    },
    {
      "type": "Feature",
      "id": 473,
      "geometry": {
        "type": "Point",
        "coordinates": [
          40.433979,
          47.399399
        ]
      },
      "properties": {
        "time": "133332"
      }
    },
    {
      "type": "Feature",
      "id": 474,
      "geometry": {
        "type": "Point",
        "coordinates": [
          40.434204,
          47.399601
        ]
      },
      "properties": {
        "time": "133333"
      }
    },
    {
      "type": "Feature",
      "id": 475,
      "geometry": {
        "type": "Point",
        "coordinates": [
          40.434433,
          47.399803
        ]
      },
      "properties": {
        "time": "133334"
      }
    },
    {
      "type": "Feature",
      "id": 476,
      "geometry": {
        "type": "Point",
        "coordinates": [
          40.434666,
          47.400002
        ]
      },
      "properties": {
        "time": "133335"
      }
    },
    {
      "type": "Feature",
      "id": 477,
      "geometry": {
        "type": "Point",
        "coordinates": [
          40.434925,
          47.400185
        ]
      },
      "properties": {
        "time": "133336"
      }
    },
    {
      "type": "Feature",
      "id": 478,
      "geometry": {
        "type": "Point",
        "coordinates": [
          40.435207,
          47.400349
        ]
      },
      "properties": {
        "time": "133337"
      }
    },
    {
      "type": "Feature",
      "id": 479,
      "geometry": {
        "type": "Point",
        "coordinates": [
          40.435505,
          47.400501
        ]
      },
      "properties": {
        "time": "133338"
      }
    },
    {
      "type": "Feature",
      "id": 480,
      "geometry": {
        "type": "Point",
        "coordinates": [
          40.435799,
          47.40065
        ]
      },
      "properties": {
        "time": "133339"
      }
    },
    {
      "type": "Feature",
      "id": 481,
      "geometry": {
        "type": "Point",
        "coordinates": [
          40.4361,
          47.400806
        ]
      },
      "properties": {
        "time": "133340"
      }
    },
    {
      "type": "Feature",
      "id": 482,
      "geometry": {
        "type": "Point",
        "coordinates": [
          40.43639,
          47.400936
        ]
      },
      "properties": {
        "time": "133341"
      }
    },
    {
      "type": "Feature",
      "id": 483,
      "geometry": {
        "type": "Point",
        "coordinates": [
          40.436699,
          47.401062
        ]
      },
      "properties": {
        "time": "133342"
      }
    },
    {
      "type": "Feature",
      "id": 484,
      "geometry": {
        "type": "Point",
        "coordinates": [
          40.437016,
          47.40118
        ]
      },
      "properties": {
        "time": "133343"
      }
    },
    {
      "type": "Feature",
      "id": 485,
      "geometry": {
        "type": "Point",
        "coordinates": [
          40.437328,
          47.401299
        ]
      },
      "properties": {
        "time": "133344"
      }
    },
    {
      "type": "Feature",
      "id": 486,
      "geometry": {
        "type": "Point",
        "coordinates": [
          40.437649,
          47.401424
        ]
      },
      "properties": {
        "time": "133345"
      }
    },
    {
      "type": "Feature",
      "id": 487,
      "geometry": {
        "type": "Point",
        "coordinates": [
          40.437962,
          47.40155
        ]
      },
      "properties": {
        "time": "133346"
      }
    },
    {
      "type": "Feature",
      "id": 488,
      "geometry": {
        "type": "Point",
        "coordinates": [
          40.438271,
          47.401672
        ]
      },
      "properties": {
        "time": "133347"
      }
    },
    {
      "type": "Feature",
      "id": 489,
      "geometry": {
        "type": "Point",
        "coordinates": [
          40.43858,
          47.401794
        ]
      },
      "properties": {
        "time": "133348"
      }
    },
    {
      "type": "Feature",
      "id": 490,
      "geometry": {
        "type": "Point",
        "coordinates": [
          40.438904,
          47.401909
        ]
      },
      "properties": {
        "time": "133349"
      }
    },
    {
      "type": "Feature",
      "id": 491,
      "geometry": {
        "type": "Point",
        "coordinates": [
          40.439236,
          47.40202
        ]
      },
      "properties": {
        "time": "133350"
      }
    },
    {
      "type": "Feature",
      "id": 492,
      "geometry": {
        "type": "Point",
        "coordinates": [
          40.439564,
          47.402142
        ]
      },
      "properties": {
        "time": "133351"
      }
    },
    {
      "type": "Feature",
      "id": 493,
      "geometry": {
        "type": "Point",
        "coordinates": [
          40.439907,
          47.402294
        ]
      },
      "properties": {
        "time": "133352"
      }
    },
    {
      "type": "Feature",
      "id": 494,
      "geometry": {
        "type": "Point",
        "coordinates": [
          40.440231,
          47.402439
        ]
      },
      "properties": {
        "time": "133353"
      }
    },
    {
      "type": "Feature",
      "id": 495,
      "geometry": {
        "type": "Point",
        "coordinates": [
          40.440552,
          47.402569
        ]
      },
      "properties": {
        "time": "133354"
      }
    },
    {
      "type": "Feature",
      "id": 496,
      "geometry": {
        "type": "Point",
        "coordinates": [
          40.440845,
          47.402687
        ]
      },
      "properties": {
        "time": "133355"
      }
    },
    {
      "type": "Feature",
      "id": 497,
      "geometry": {
        "type": "Point",
        "coordinates": [
          40.441105,
          47.402813
        ]
      },
      "properties": {
        "time": "133356"
      }
    },
    {
      "type": "Feature",
      "id": 498,
      "geometry": {
        "type": "Point",
        "coordinates": [
          40.441422,
          47.402943
        ]
      },
      "properties": {
        "time": "133357"
      }
    },
    {
      "type": "Feature",
      "id": 499,
      "geometry": {
        "type": "Point",
        "coordinates": [
          40.44175,
          47.403069
        ]
      },
      "properties": {
        "time": "133358"
      }
    },
    {
      "type": "Feature",
      "id": 500,
      "geometry": {
        "type": "Point",
        "coordinates": [
          40.442066,
          47.403202
        ]
      },
      "properties": {
        "time": "133359"
      }
    },
    {
      "type": "Feature",
      "id": 501,
      "geometry": {
        "type": "Point",
        "coordinates": [
          40.442375,
          47.403336
        ]
      },
      "properties": {
        "time": "133360"
      }
    },
    {
      "type": "Feature",
      "id": 502,
      "geometry": {
        "type": "Point",
        "coordinates": [
          40.442684,
          47.403477
        ]
      },
      "properties": {
        "time": "133361"
      }
    },
    {
      "type": "Feature",
      "id": 503,
      "geometry": {
        "type": "Point",
        "coordinates": [
          40.442993,
          47.403606
        ]
      },
      "properties": {
        "time": "133362"
      }
    },
    {
      "type": "Feature",
      "id": 504,
      "geometry": {
        "type": "Point",
        "coordinates": [
          40.443295,
          47.403751
        ]
      },
      "properties": {
        "time": "133363"
      }
    },
    {
      "type": "Feature",
      "id": 505,
      "geometry": {
        "type": "Point",
        "coordinates": [
          40.4436,
          47.403946
        ]
      },
      "properties": {
        "time": "133364"
      }
    },
    {
      "type": "Feature",
      "id": 506,
      "geometry": {
        "type": "Point",
        "coordinates": [
          40.443893,
          47.40411
        ]
      },
      "properties": {
        "time": "133365"
      }
    },
    {
      "type": "Feature",
      "id": 507,
      "geometry": {
        "type": "Point",
        "coordinates": [
          40.444206,
          47.404247
        ]
      },
      "properties": {
        "time": "133366"
      }
    },
    {
      "type": "Feature",
      "id": 508,
      "geometry": {
        "type": "Point",
        "coordinates": [
          40.444519,
          47.404388
        ]
      },
      "properties": {
        "time": "133367"
      }
    },
    {
      "type": "Feature",
      "id": 509,
      "geometry": {
        "type": "Point",
        "coordinates": [
          40.444809,
          47.404541
        ]
      },
      "properties": {
        "time": "133368"
      }
    },
    {
      "type": "Feature",
      "id": 510,
      "geometry": {
        "type": "Point",
        "coordinates": [
          40.44508,
          47.404716
        ]
      },
      "properties": {
        "time": "133369"
      }
    },
    {
      "type": "Feature",
      "id": 511,
      "geometry": {
        "type": "Point",
        "coordinates": [
          40.445335,
          47.404892
        ]
      },
      "properties": {
        "time": "133370"
      }
    },
    {
      "type": "Feature",
      "id": 512,
      "geometry": {
        "type": "Point",
        "coordinates": [
          40.445587,
          47.405071
        ]
      },
      "properties": {
        "time": "133371"
      }
    },
    {
      "type": "Feature",
      "id": 513,
      "geometry": {
        "type": "Point",
        "coordinates": [
          40.445839,
          47.405247
        ]
      },
      "properties": {
        "time": "133372"
      }
    },
    {
      "type": "Feature",
      "id": 514,
      "geometry": {
        "type": "Point",
        "coordinates": [
          40.446091,
          47.405418
        ]
      },
      "properties": {
        "time": "133373"
      }
    },
    {
      "type": "Feature",
      "id": 515,
      "geometry": {
        "type": "Point",
        "coordinates": [
          40.446342,
          47.405586
        ]
      },
      "properties": {
        "time": "133374"
      }
    },
    {
      "type": "Feature",
      "id": 516,
      "geometry": {
        "type": "Point",
        "coordinates": [
          40.44659,
          47.405769
        ]
      },
      "properties": {
        "time": "133375"
      }
    },
    {
      "type": "Feature",
      "id": 517,
      "geometry": {
        "type": "Point",
        "coordinates": [
          40.446846,
          47.405949
        ]
      },
      "properties": {
        "time": "133376"
      }
    },
    {
      "type": "Feature",
      "id": 518,
      "geometry": {
        "type": "Point",
        "coordinates": [
          40.447105,
          47.406128
        ]
      },
      "properties": {
        "time": "133377"
      }
    },
    {
      "type": "Feature",
      "id": 519,
      "geometry": {
        "type": "Point",
        "coordinates": [
          40.447353,
          47.406315
        ]
      },
      "properties": {
        "time": "133378"
      }
    },
    {
      "type": "Feature",
      "id": 520,
      "geometry": {
        "type": "Point",
        "coordinates": [
          40.447601,
          47.406502
        ]
      },
      "properties": {
        "time": "133379"
      }
    },
    {
      "type": "Feature",
      "id": 521,
      "geometry": {
        "type": "Point",
        "coordinates": [
          40.447853,
          47.406693
        ]
      },
      "properties": {
        "time": "133380"
      }
    },
    {
      "type": "Feature",
      "id": 522,
      "geometry": {
        "type": "Point",
        "coordinates": [
          40.448112,
          47.406872
        ]
      },
      "properties": {
        "time": "133381"
      }
    },
    {
      "type": "Feature",
      "id": 523,
      "geometry": {
        "type": "Point",
        "coordinates": [
          40.448368,
          47.407047
        ]
      },
      "properties": {
        "time": "133382"
      }
    },
    {
      "type": "Feature",
      "id": 524,
      "geometry": {
        "type": "Point",
        "coordinates": [
          40.448639,
          47.407211
        ]
      },
      "properties": {
        "time": "133383"
      }
    },
    {
      "type": "Feature",
      "id": 525,
      "geometry": {
        "type": "Point",
        "coordinates": [
          40.448883,
          47.407387
        ]
      },
      "properties": {
        "time": "133384"
      }
    },
    {
      "type": "Feature",
      "id": 526,
      "geometry": {
        "type": "Point",
        "coordinates": [
          40.449142,
          47.407562
        ]
      },
      "properties": {
        "time": "133385"
      }
    },
    {
      "type": "Feature",
      "id": 527,
      "geometry": {
        "type": "Point",
        "coordinates": [
          40.449406,
          47.407734
        ]
      },
      "properties": {
        "time": "133386"
      }
    },
    {
      "type": "Feature",
      "id": 528,
      "geometry": {
        "type": "Point",
        "coordinates": [
          40.449661,
          47.407906
        ]
      },
      "properties": {
        "time": "133387"
      }
    },
    {
      "type": "Feature",
      "id": 529,
      "geometry": {
        "type": "Point",
        "coordinates": [
          40.449913,
          47.408085
        ]
      },
      "properties": {
        "time": "133388"
      }
    },
    {
      "type": "Feature",
      "id": 530,
      "geometry": {
        "type": "Point",
        "coordinates": [
          40.450157,
          47.408264
        ]
      },
      "properties": {
        "time": "133389"
      }
    },
    {
      "type": "Feature",
      "id": 531,
      "geometry": {
        "type": "Point",
        "coordinates": [
          40.45039,
          47.408443
        ]
      },
      "properties": {
        "time": "133390"
      }
    },
    {
      "type": "Feature",
      "id": 532,
      "geometry": {
        "type": "Point",
        "coordinates": [
          40.450642,
          47.408619
        ]
      },
      "properties": {
        "time": "133391"
      }
    },
    {
      "type": "Feature",
      "id": 533,
      "geometry": {
        "type": "Point",
        "coordinates": [
          40.450916,
          47.408791
        ]
      },
      "properties": {
        "time": "133392"
      }
    },
    {
      "type": "Feature",
      "id": 534,
      "geometry": {
        "type": "Point",
        "coordinates": [
          40.451191,
          47.408958
        ]
      },
      "properties": {
        "time": "133393"
      }
    },
    {
      "type": "Feature",
      "id": 535,
      "geometry": {
        "type": "Point",
        "coordinates": [
          40.451477,
          47.409115
        ]
      },
      "properties": {
        "time": "133394"
      }
    },
    {
      "type": "Feature",
      "id": 536,
      "geometry": {
        "type": "Point",
        "coordinates": [
          40.451752,
          47.409275
        ]
      },
      "properties": {
        "time": "133395"
      }
    },
    {
      "type": "Feature",
      "id": 537,
      "geometry": {
        "type": "Point",
        "coordinates": [
          40.452015,
          47.409424
        ]
      },
      "properties": {
        "time": "133396"
      }
    },
    {
      "type": "Feature",
      "id": 538,
      "geometry": {
        "type": "Point",
        "coordinates": [
          40.452274,
          47.40958
        ]
      },
      "properties": {
        "time": "133397"
      }
    },
    {
      "type": "Feature",
      "id": 539,
      "geometry": {
        "type": "Point",
        "coordinates": [
          40.452534,
          47.409718
        ]
      },
      "properties": {
        "time": "133398"
      }
    },
    {
      "type": "Feature",
      "id": 540,
      "geometry": {
        "type": "Point",
        "coordinates": [
          40.452812,
          47.409866
        ]
      },
      "properties": {
        "time": "133399"
      }
    },
    {
      "type": "Feature",
      "id": 541,
      "geometry": {
        "type": "Point",
        "coordinates": [
          40.453087,
          47.410011
        ]
      },
      "properties": {
        "time": "133400"
      }
    },
    {
      "type": "Feature",
      "id": 542,
      "geometry": {
        "type": "Point",
        "coordinates": [
          40.453358,
          47.410156
        ]
      },
      "properties": {
        "time": "133401"
      }
    },
    {
      "type": "Feature",
      "id": 543,
      "geometry": {
        "type": "Point",
        "coordinates": [
          40.453644,
          47.410294
        ]
      },
      "properties": {
        "time": "133402"
      }
    },
    {
      "type": "Feature",
      "id": 544,
      "geometry": {
        "type": "Point",
        "coordinates": [
          40.453938,
          47.410439
        ]
      },
      "properties": {
        "time": "133403"
      }
    },
    {
      "type": "Feature",
      "id": 545,
      "geometry": {
        "type": "Point",
        "coordinates": [
          40.454216,
          47.410587
        ]
      },
      "properties": {
        "time": "133404"
      }
    },
    {
      "type": "Feature",
      "id": 546,
      "geometry": {
        "type": "Point",
        "coordinates": [
          40.454494,
          47.410732
        ]
      },
      "properties": {
        "time": "133405"
      }
    },
    {
      "type": "Feature",
      "id": 547,
      "geometry": {
        "type": "Point",
        "coordinates": [
          40.454762,
          47.410896
        ]
      },
      "properties": {
        "time": "133406"
      }
    },
    {
      "type": "Feature",
      "id": 548,
      "geometry": {
        "type": "Point",
        "coordinates": [
          40.455009,
          47.411068
        ]
      },
      "properties": {
        "time": "133407"
      }
    },
    {
      "type": "Feature",
      "id": 549,
      "geometry": {
        "type": "Point",
        "coordinates": [
          40.455318,
          47.411217
        ]
      },
      "properties": {
        "time": "133408"
      }
    },
    {
      "type": "Feature",
      "id": 550,
      "geometry": {
        "type": "Point",
        "coordinates": [
          40.455608,
          47.411373
        ]
      },
      "properties": {
        "time": "133409"
      }
    },
    {
      "type": "Feature",
      "id": 551,
      "geometry": {
        "type": "Point",
        "coordinates": [
          40.455898,
          47.411533
        ]
      },
      "properties": {
        "time": "133410"
      }
    },
    {
      "type": "Feature",
      "id": 552,
      "geometry": {
        "type": "Point",
        "coordinates": [
          40.456181,
          47.41169
        ]
      },
      "properties": {
        "time": "133411"
      }
    },
    {
      "type": "Feature",
      "id": 553,
      "geometry": {
        "type": "Point",
        "coordinates": [
          40.456459,
          47.411846
        ]
      },
      "properties": {
        "time": "133412"
      }
    },
    {
      "type": "Feature",
      "id": 554,
      "geometry": {
        "type": "Point",
        "coordinates": [
          40.456741,
          47.412006
        ]
      },
      "properties": {
        "time": "133413"
      }
    },
    {
      "type": "Feature",
      "id": 555,
      "geometry": {
        "type": "Point",
        "coordinates": [
          40.45702,
          47.412167
        ]
      },
      "properties": {
        "time": "133414"
      }
    },
    {
      "type": "Feature",
      "id": 556,
      "geometry": {
        "type": "Point",
        "coordinates": [
          40.457279,
          47.412338
        ]
      },
      "properties": {
        "time": "133415"
      }
    },
    {
      "type": "Feature",
      "id": 557,
      "geometry": {
        "type": "Point",
        "coordinates": [
          40.457539,
          47.412518
        ]
      },
      "properties": {
        "time": "133416"
      }
    },
    {
      "type": "Feature",
      "id": 558,
      "geometry": {
        "type": "Point",
        "coordinates": [
          40.457802,
          47.412685
        ]
      },
      "properties": {
        "time": "133417"
      }
    },
    {
      "type": "Feature",
      "id": 559,
      "geometry": {
        "type": "Point",
        "coordinates": [
          40.458076,
          47.412849
        ]
      },
      "properties": {
        "time": "133418"
      }
    },
    {
      "type": "Feature",
      "id": 560,
      "geometry": {
        "type": "Point",
        "coordinates": [
          40.458355,
          47.413013
        ]
      },
      "properties": {
        "time": "133419"
      }
    },
    {
      "type": "Feature",
      "id": 561,
      "geometry": {
        "type": "Point",
        "coordinates": [
          40.458656,
          47.413181
        ]
      },
      "properties": {
        "time": "133420"
      }
    },
    {
      "type": "Feature",
      "id": 562,
      "geometry": {
        "type": "Point",
        "coordinates": [
          40.458939,
          47.413338
        ]
      },
      "properties": {
        "time": "133421"
      }
    },
    {
      "type": "Feature",
      "id": 563,
      "geometry": {
        "type": "Point",
        "coordinates": [
          40.459236,
          47.413498
        ]
      },
      "properties": {
        "time": "133422"
      }
    },
    {
      "type": "Feature",
      "id": 564,
      "geometry": {
        "type": "Point",
        "coordinates": [
          40.459518,
          47.413658
        ]
      },
      "properties": {
        "time": "133423"
      }
    },
    {
      "type": "Feature",
      "id": 565,
      "geometry": {
        "type": "Point",
        "coordinates": [
          40.459805,
          47.413826
        ]
      },
      "properties": {
        "time": "133424"
      }
    },
    {
      "type": "Feature",
      "id": 566,
      "geometry": {
        "type": "Point",
        "coordinates": [
          40.460091,
          47.413994
        ]
      },
      "properties": {
        "time": "133425"
      }
    },
    {
      "type": "Feature",
      "id": 567,
      "geometry": {
        "type": "Point",
        "coordinates": [
          40.460377,
          47.414146
        ]
      },
      "properties": {
        "time": "133426"
      }
    },
    {
      "type": "Feature",
      "id": 568,
      "geometry": {
        "type": "Point",
        "coordinates": [
          40.460667,
          47.414303
        ]
      },
      "properties": {
        "time": "133427"
      }
    },
    {
      "type": "Feature",
      "id": 569,
      "geometry": {
        "type": "Point",
        "coordinates": [
          40.460945,
          47.414463
        ]
      },
      "properties": {
        "time": "133428"
      }
    },
    {
      "type": "Feature",
      "id": 570,
      "geometry": {
        "type": "Point",
        "coordinates": [
          40.461231,
          47.414619
        ]
      },
      "properties": {
        "time": "133429"
      }
    },
    {
      "type": "Feature",
      "id": 571,
      "geometry": {
        "type": "Point",
        "coordinates": [
          40.461521,
          47.414772
        ]
      },
      "properties": {
        "time": "133430"
      }
    },
    {
      "type": "Feature",
      "id": 572,
      "geometry": {
        "type": "Point",
        "coordinates": [
          40.461807,
          47.414928
        ]
      },
      "properties": {
        "time": "133431"
      }
    },
    {
      "type": "Feature",
      "id": 573,
      "geometry": {
        "type": "Point",
        "coordinates": [
          40.462093,
          47.415085
        ]
      },
      "properties": {
        "time": "133432"
      }
    },
    {
      "type": "Feature",
      "id": 574,
      "geometry": {
        "type": "Point",
        "coordinates": [
          40.462387,
          47.415241
        ]
      },
      "properties": {
        "time": "133433"
      }
    },
    {
      "type": "Feature",
      "id": 575,
      "geometry": {
        "type": "Point",
        "coordinates": [
          40.462677,
          47.415401
        ]
      },
      "properties": {
        "time": "133434"
      }
    },
    {
      "type": "Feature",
      "id": 576,
      "geometry": {
        "type": "Point",
        "coordinates": [
          40.462975,
          47.41555
        ]
      },
      "properties": {
        "time": "133435"
      }
    },
    {
      "type": "Feature",
      "id": 577,
      "geometry": {
        "type": "Point",
        "coordinates": [
          40.463272,
          47.415699
        ]
      },
      "properties": {
        "time": "133436"
      }
    },
    {
      "type": "Feature",
      "id": 578,
      "geometry": {
        "type": "Point",
        "coordinates": [
          40.463558,
          47.415852
        ]
      },
      "properties": {
        "time": "133437"
      }
    },
    {
      "type": "Feature",
      "id": 579,
      "geometry": {
        "type": "Point",
        "coordinates": [
          40.463848,
          47.415997
        ]
      },
      "properties": {
        "time": "133438"
      }
    },
    {
      "type": "Feature",
      "id": 580,
      "geometry": {
        "type": "Point",
        "coordinates": [
          40.464153,
          47.416134
        ]
      },
      "properties": {
        "time": "133439"
      }
    },
    {
      "type": "Feature",
      "id": 581,
      "geometry": {
        "type": "Point",
        "coordinates": [
          40.464466,
          47.41626
        ]
      },
      "properties": {
        "time": "133440"
      }
    },
    {
      "type": "Feature",
      "id": 582,
      "geometry": {
        "type": "Point",
        "coordinates": [
          40.464783,
          47.416386
        ]
      },
      "properties": {
        "time": "133441"
      }
    },
    {
      "type": "Feature",
      "id": 583,
      "geometry": {
        "type": "Point",
        "coordinates": [
          40.465099,
          47.416515
        ]
      },
      "properties": {
        "time": "133442"
      }
    },
    {
      "type": "Feature",
      "id": 584,
      "geometry": {
        "type": "Point",
        "coordinates": [
          40.46542,
          47.416653
        ]
      },
      "properties": {
        "time": "133443"
      }
    },
    {
      "type": "Feature",
      "id": 585,
      "geometry": {
        "type": "Point",
        "coordinates": [
          40.46574,
          47.41679
        ]
      },
      "properties": {
        "time": "133444"
      }
    },
    {
      "type": "Feature",
      "id": 586,
      "geometry": {
        "type": "Point",
        "coordinates": [
          40.466053,
          47.416935
        ]
      },
      "properties": {
        "time": "133445"
      }
    },
    {
      "type": "Feature",
      "id": 587,
      "geometry": {
        "type": "Point",
        "coordinates": [
          40.466358,
          47.417088
        ]
      },
      "properties": {
        "time": "133446"
      }
    },
    {
      "type": "Feature",
      "id": 588,
      "geometry": {
        "type": "Point",
        "coordinates": [
          40.466663,
          47.417244
        ]
      },
      "properties": {
        "time": "133447"
      }
    },
    {
      "type": "Feature",
      "id": 589,
      "geometry": {
        "type": "Point",
        "coordinates": [
          40.466972,
          47.4174
        ]
      },
      "properties": {
        "time": "133448"
      }
    },
    {
      "type": "Feature",
      "id": 590,
      "geometry": {
        "type": "Point",
        "coordinates": [
          40.46727,
          47.417568
        ]
      },
      "properties": {
        "time": "133449"
      }
    },
    {
      "type": "Feature",
      "id": 591,
      "geometry": {
        "type": "Point",
        "coordinates": [
          40.467571,
          47.417728
        ]
      },
      "properties": {
        "time": "133450"
      }
    },
    {
      "type": "Feature",
      "id": 592,
      "geometry": {
        "type": "Point",
        "coordinates": [
          40.467854,
          47.4179
        ]
      },
      "properties": {
        "time": "133451"
      }
    },
    {
      "type": "Feature",
      "id": 593,
      "geometry": {
        "type": "Point",
        "coordinates": [
          40.468132,
          47.418072
        ]
      },
      "properties": {
        "time": "133452"
      }
    },
    {
      "type": "Feature",
      "id": 594,
      "geometry": {
        "type": "Point",
        "coordinates": [
          40.468395,
          47.418251
        ]
      },
      "properties": {
        "time": "133453"
      }
    },
    {
      "type": "Feature",
      "id": 595,
      "geometry": {
        "type": "Point",
        "coordinates": [
          40.468647,
          47.41843
        ]
      },
      "properties": {
        "time": "133454"
      }
    },
    {
      "type": "Feature",
      "id": 596,
      "geometry": {
        "type": "Point",
        "coordinates": [
          40.468899,
          47.418613
        ]
      },
      "properties": {
        "time": "133455"
      }
    },
    {
      "type": "Feature",
      "id": 597,
      "geometry": {
        "type": "Point",
        "coordinates": [
          40.469151,
          47.4188
        ]
      },
      "properties": {
        "time": "133456"
      }
    },
    {
      "type": "Feature",
      "id": 598,
      "geometry": {
        "type": "Point",
        "coordinates": [
          40.469402,
          47.418995
        ]
      },
      "properties": {
        "time": "133457"
      }
    },
    {
      "type": "Feature",
      "id": 599,
      "geometry": {
        "type": "Point",
        "coordinates": [
          40.469654,
          47.419189
        ]
      },
      "properties": {
        "time": "133458"
      }
    },
    {
      "type": "Feature",
      "id": 600,
      "geometry": {
        "type": "Point",
        "coordinates": [
          40.469906,
          47.419388
        ]
      },
      "properties": {
        "time": "133459"
      }
    },
    {
      "type": "Feature",
      "id": 601,
      "geometry": {
        "type": "Point",
        "coordinates": [
          40.470165,
          47.419582
        ]
      },
      "properties": {
        "time": "133460"
      }
    },
    {
      "type": "Feature",
      "id": 602,
      "geometry": {
        "type": "Point",
        "coordinates": [
          40.470421,
          47.419777
        ]
      },
      "properties": {
        "time": "133461"
      }
    },
    {
      "type": "Feature",
      "id": 603,
      "geometry": {
        "type": "Point",
        "coordinates": [
          40.470676,
          47.419971
        ]
      },
      "properties": {
        "time": "133462"
      }
    },
    {
      "type": "Feature",
      "id": 604,
      "geometry": {
        "type": "Point",
        "coordinates": [
          40.47094,
          47.420162
        ]
      },
      "properties": {
        "time": "133463"
      }
    },
    {
      "type": "Feature",
      "id": 605,
      "geometry": {
        "type": "Point",
        "coordinates": [
          40.471218,
          47.420349
        ]
      },
      "properties": {
        "time": "133464"
      }
    },
    {
      "type": "Feature",
      "id": 606,
      "geometry": {
        "type": "Point",
        "coordinates": [
          40.4715,
          47.420525
        ]
      },
      "properties": {
        "time": "133465"
      }
    },
    {
      "type": "Feature",
      "id": 607,
      "geometry": {
        "type": "Point",
        "coordinates": [
          40.471794,
          47.420696
        ]
      },
      "properties": {
        "time": "133466"
      }
    },
    {
      "type": "Feature",
      "id": 608,
      "geometry": {
        "type": "Point",
        "coordinates": [
          40.472092,
          47.42086
        ]
      },
      "properties": {
        "time": "133467"
      }
    },
    {
      "type": "Feature",
      "id": 609,
      "geometry": {
        "type": "Point",
        "coordinates": [
          40.472389,
          47.421017
        ]
      },
      "properties": {
        "time": "133468"
      }
    },
    {
      "type": "Feature",
      "id": 610,
      "geometry": {
        "type": "Point",
        "coordinates": [
          40.472687,
          47.421173
        ]
      },
      "properties": {
        "time": "133469"
      }
    },
    {
      "type": "Feature",
      "id": 611,
      "geometry": {
        "type": "Point",
        "coordinates": [
          40.47295,
          47.421352
        ]
      },
      "properties": {
        "time": "133470"
      }
    },
    {
      "type": "Feature",
      "id": 612,
      "geometry": {
        "type": "Point",
        "coordinates": [
          40.47316,
          47.421551
        ]
      },
      "properties": {
        "time": "133471"
      }
    },
    {
      "type": "Feature",
      "id": 613,
      "geometry": {
        "type": "Point",
        "coordinates": [
          40.473309,
          47.421764
        ]
      },
      "properties": {
        "time": "133472"
      }
    },
    {
      "type": "Feature",
      "id": 614,
      "geometry": {
        "type": "Point",
        "coordinates": [
          40.473431,
          47.421982
        ]
      },
      "properties": {
        "time": "133473"
      }
    },
    {
      "type": "Feature",
      "id": 615,
      "geometry": {
        "type": "Point",
        "coordinates": [
          40.47353,
          47.422199
        ]
      },
      "properties": {
        "time": "133474"
      }
    },
    {
      "type": "Feature",
      "id": 616,
      "geometry": {
        "type": "Point",
        "coordinates": [
          40.473618,
          47.422447
        ]
      },
      "properties": {
        "time": "133475"
      }
    },
    {
      "type": "Feature",
      "id": 617,
      "geometry": {
        "type": "Point",
        "coordinates": [
          40.473675,
          47.422676
        ]
      },
      "properties": {
        "time": "133476"
      }
    },
    {
      "type": "Feature",
      "id": 618,
      "geometry": {
        "type": "Point",
        "coordinates": [
          40.473709,
          47.42289
        ]
      },
      "properties": {
        "time": "133477"
      }
    },
    {
      "type": "Feature",
      "id": 619,
      "geometry": {
        "type": "Point",
        "coordinates": [
          40.473732,
          47.423122
        ]
      },
      "properties": {
        "time": "133478"
      }
    },
    {
      "type": "Feature",
      "id": 620,
      "geometry": {
        "type": "Point",
        "coordinates": [
          40.473763,
          47.423382
        ]
      },
      "properties": {
        "time": "133479"
      }
    },
    {
      "type": "Feature",
      "id": 621,
      "geometry": {
        "type": "Point",
        "coordinates": [
          40.47377,
          47.423588
        ]
      },
      "properties": {
        "time": "133480"
      }
    },
    {
      "type": "Feature",
      "id": 622,
      "geometry": {
        "type": "Point",
        "coordinates": [
          40.473732,
          47.423851
        ]
      },
      "properties": {
        "time": "133481"
      }
    },
    {
      "type": "Feature",
      "id": 623,
      "geometry": {
        "type": "Point",
        "coordinates": [
          40.473724,
          47.424095
        ]
      },
      "properties": {
        "time": "133482"
      }
    },
    {
      "type": "Feature",
      "id": 624,
      "geometry": {
        "type": "Point",
        "coordinates": [
          40.473724,
          47.424335
        ]
      },
      "properties": {
        "time": "133483"
      }
    },
    {
      "type": "Feature",
      "id": 625,
      "geometry": {
        "type": "Point",
        "coordinates": [
          40.473705,
          47.42458
        ]
      },
      "properties": {
        "time": "133484"
      }
    },
    {
      "type": "Feature",
      "id": 626,
      "geometry": {
        "type": "Point",
        "coordinates": [
          40.473644,
          47.424828
        ]
      },
      "properties": {
        "time": "133485"
      }
    },
    {
      "type": "Feature",
      "id": 627,
      "geometry": {
        "type": "Point",
        "coordinates": [
          40.473557,
          47.425049
        ]
      },
      "properties": {
        "time": "133486"
      }
    },
    {
      "type": "Feature",
      "id": 628,
      "geometry": {
        "type": "Point",
        "coordinates": [
          40.473434,
          47.425251
        ]
      },
      "properties": {
        "time": "133487"
      }
    },
    {
      "type": "Feature",
      "id": 629,
      "geometry": {
        "type": "Point",
        "coordinates": [
          40.473301,
          47.425468
        ]
      },
      "properties": {
        "time": "133488"
      }
    },
    {
      "type": "Feature",
      "id": 630,
      "geometry": {
        "type": "Point",
        "coordinates": [
          40.473175,
          47.425678
        ]
      },
      "properties": {
        "time": "133489"
      }
    },
    {
      "type": "Feature",
      "id": 631,
      "geometry": {
        "type": "Point",
        "coordinates": [
          40.473049,
          47.425892
        ]
      },
      "properties": {
        "time": "133490"
      }
    },
    {
      "type": "Feature",
      "id": 632,
      "geometry": {
        "type": "Point",
        "coordinates": [
          40.472908,
          47.426098
        ]
      },
      "properties": {
        "time": "133491"
      }
    },
    {
      "type": "Feature",
      "id": 633,
      "geometry": {
        "type": "Point",
        "coordinates": [
          40.472775,
          47.426311
        ]
      },
      "properties": {
        "time": "133492"
      }
    },
    {
      "type": "Feature",
      "id": 634,
      "geometry": {
        "type": "Point",
        "coordinates": [
          40.472633,
          47.426517
        ]
      },
      "properties": {
        "time": "133493"
      }
    },
    {
      "type": "Feature",
      "id": 635,
      "geometry": {
        "type": "Point",
        "coordinates": [
          40.472485,
          47.426727
        ]
      },
      "properties": {
        "time": "133494"
      }
    },
    {
      "type": "Feature",
      "id": 636,
      "geometry": {
        "type": "Point",
        "coordinates": [
          40.472321,
          47.42696
        ]
      },
      "properties": {
        "time": "133495"
      }
    },
    {
      "type": "Feature",
      "id": 637,
      "geometry": {
        "type": "Point",
        "coordinates": [
          40.472145,
          47.42717
        ]
      },
      "properties": {
        "time": "133496"
      }
    },
    {
      "type": "Feature",
      "id": 638,
      "geometry": {
        "type": "Point",
        "coordinates": [
          40.471947,
          47.427372
        ]
      },
      "properties": {
        "time": "133497"
      }
    },
    {
      "type": "Feature",
      "id": 639,
      "geometry": {
        "type": "Point",
        "coordinates": [
          40.47176,
          47.427574
        ]
      },
      "properties": {
        "time": "133498"
      }
    },
    {
      "type": "Feature",
      "id": 640,
      "geometry": {
        "type": "Point",
        "coordinates": [
          40.471581,
          47.427761
        ]
      },
      "properties": {
        "time": "133499"
      }
    },
    {
      "type": "Feature",
      "id": 641,
      "geometry": {
        "type": "Point",
        "coordinates": [
          40.471413,
          47.427952
        ]
      },
      "properties": {
        "time": "133500"
      }
    },
    {
      "type": "Feature",
      "id": 642,
      "geometry": {
        "type": "Point",
        "coordinates": [
          40.471226,
          47.42815
        ]
      },
      "properties": {
        "time": "133501"
      }
    },
    {
      "type": "Feature",
      "id": 643,
      "geometry": {
        "type": "Point",
        "coordinates": [
          40.471031,
          47.428341
        ]
      },
      "properties": {
        "time": "133502"
      }
    },
    {
      "type": "Feature",
      "id": 644,
      "geometry": {
        "type": "Point",
        "coordinates": [
          40.470818,
          47.428528
        ]
      },
      "properties": {
        "time": "133503"
      }
    },
    {
      "type": "Feature",
      "id": 645,
      "geometry": {
        "type": "Point",
        "coordinates": [
          40.470596,
          47.428711
        ]
      },
      "properties": {
        "time": "133504"
      }
    },
    {
      "type": "Feature",
      "id": 646,
      "geometry": {
        "type": "Point",
        "coordinates": [
          40.470367,
          47.428886
        ]
      },
      "properties": {
        "time": "133505"
      }
    },
    {
      "type": "Feature",
      "id": 647,
      "geometry": {
        "type": "Point",
        "coordinates": [
          40.470112,
          47.42905
        ]
      },
      "properties": {
        "time": "133506"
      }
    },
    {
      "type": "Feature",
      "id": 648,
      "geometry": {
        "type": "Point",
        "coordinates": [
          40.469837,
          47.429214
        ]
      },
      "properties": {
        "time": "133507"
      }
    },
    {
      "type": "Feature",
      "id": 649,
      "geometry": {
        "type": "Point",
        "coordinates": [
          40.469563,
          47.429379
        ]
      },
      "properties": {
        "time": "133508"
      }
    },
    {
      "type": "Feature",
      "id": 650,
      "geometry": {
        "type": "Point",
        "coordinates": [
          40.469292,
          47.429527
        ]
      },
      "properties": {
        "time": "133509"
      }
    },
    {
      "type": "Feature",
      "id": 651,
      "geometry": {
        "type": "Point",
        "coordinates": [
          40.469025,
          47.429676
        ]
      },
      "properties": {
        "time": "133510"
      }
    },
    {
      "type": "Feature",
      "id": 652,
      "geometry": {
        "type": "Point",
        "coordinates": [
          40.468754,
          47.429821
        ]
      },
      "properties": {
        "time": "133511"
      }
    },
    {
      "type": "Feature",
      "id": 653,
      "geometry": {
        "type": "Point",
        "coordinates": [
          40.468483,
          47.429966
        ]
      },
      "properties": {
        "time": "133512"
      }
    },
    {
      "type": "Feature",
      "id": 654,
      "geometry": {
        "type": "Point",
        "coordinates": [
          40.468208,
          47.430107
        ]
      },
      "properties": {
        "time": "133513"
      }
    },
    {
      "type": "Feature",
      "id": 655,
      "geometry": {
        "type": "Point",
        "coordinates": [
          40.46793,
          47.430256
        ]
      },
      "properties": {
        "time": "133514"
      }
    },
    {
      "type": "Feature",
      "id": 656,
      "geometry": {
        "type": "Point",
        "coordinates": [
          40.467659,
          47.430393
        ]
      },
      "properties": {
        "time": "133515"
      }
    },
    {
      "type": "Feature",
      "id": 657,
      "geometry": {
        "type": "Point",
        "coordinates": [
          40.467403,
          47.430519
        ]
      },
      "properties": {
        "time": "133516"
      }
    },
    {
      "type": "Feature",
      "id": 658,
      "geometry": {
        "type": "Point",
        "coordinates": [
          40.467144,
          47.430649
        ]
      },
      "properties": {
        "time": "133517"
      }
    },
    {
      "type": "Feature",
      "id": 659,
      "geometry": {
        "type": "Point",
        "coordinates": [
          40.466873,
          47.430786
        ]
      },
      "properties": {
        "time": "133518"
      }
    },
    {
      "type": "Feature",
      "id": 660,
      "geometry": {
        "type": "Point",
        "coordinates": [
          40.466591,
          47.430923
        ]
      },
      "properties": {
        "time": "133519"
      }
    },
    {
      "type": "Feature",
      "id": 661,
      "geometry": {
        "type": "Point",
        "coordinates": [
          40.466305,
          47.431068
        ]
      },
      "properties": {
        "time": "133520"
      }
    },
    {
      "type": "Feature",
      "id": 662,
      "geometry": {
        "type": "Point",
        "coordinates": [
          40.466019,
          47.431213
        ]
      },
      "properties": {
        "time": "133521"
      }
    },
    {
      "type": "Feature",
      "id": 663,
      "geometry": {
        "type": "Point",
        "coordinates": [
          40.465733,
          47.431366
        ]
      },
      "properties": {
        "time": "133522"
      }
    },
    {
      "type": "Feature",
      "id": 664,
      "geometry": {
        "type": "Point",
        "coordinates": [
          40.465443,
          47.431519
        ]
      },
      "properties": {
        "time": "133523"
      }
    },
    {
      "type": "Feature",
      "id": 665,
      "geometry": {
        "type": "Point",
        "coordinates": [
          40.46516,
          47.431671
        ]
      },
      "properties": {
        "time": "133524"
      }
    },
    {
      "type": "Feature",
      "id": 666,
      "geometry": {
        "type": "Point",
        "coordinates": [
          40.46487,
          47.43182
        ]
      },
      "properties": {
        "time": "133525"
      }
    },
    {
      "type": "Feature",
      "id": 667,
      "geometry": {
        "type": "Point",
        "coordinates": [
          40.464581,
          47.431969
        ]
      },
      "properties": {
        "time": "133526"
      }
    },
    {
      "type": "Feature",
      "id": 668,
      "geometry": {
        "type": "Point",
        "coordinates": [
          40.464287,
          47.432114
        ]
      },
      "properties": {
        "time": "133527"
      }
    },
    {
      "type": "Feature",
      "id": 669,
      "geometry": {
        "type": "Point",
        "coordinates": [
          40.463993,
          47.432255
        ]
      },
      "properties": {
        "time": "133528"
      }
    },
    {
      "type": "Feature",
      "id": 670,
      "geometry": {
        "type": "Point",
        "coordinates": [
          40.463699,
          47.432396
        ]
      },
      "properties": {
        "time": "133529"
      }
    },
    {
      "type": "Feature",
      "id": 671,
      "geometry": {
        "type": "Point",
        "coordinates": [
          40.463409,
          47.432537
        ]
      },
      "properties": {
        "time": "133530"
      }
    },
    {
      "type": "Feature",
      "id": 672,
      "geometry": {
        "type": "Point",
        "coordinates": [
          40.46315,
          47.432663
        ]
      },
      "properties": {
        "time": "133531"
      }
    },
    {
      "type": "Feature",
      "id": 673,
      "geometry": {
        "type": "Point",
        "coordinates": [
          40.462841,
          47.432816
        ]
      },
      "properties": {
        "time": "133532"
      }
    },
    {
      "type": "Feature",
      "id": 674,
      "geometry": {
        "type": "Point",
        "coordinates": [
          40.462555,
          47.432957
        ]
      },
      "properties": {
        "time": "133533"
      }
    },
    {
      "type": "Feature",
      "id": 675,
      "geometry": {
        "type": "Point",
        "coordinates": [
          40.462257,
          47.433105
        ]
      },
      "properties": {
        "time": "133534"
      }
    },
    {
      "type": "Feature",
      "id": 676,
      "geometry": {
        "type": "Point",
        "coordinates": [
          40.46196,
          47.433258
        ]
      },
      "properties": {
        "time": "133535"
      }
    },
    {
      "type": "Feature",
      "id": 677,
      "geometry": {
        "type": "Point",
        "coordinates": [
          40.46167,
          47.433414
        ]
      },
      "properties": {
        "time": "133536"
      }
    },
    {
      "type": "Feature",
      "id": 678,
      "geometry": {
        "type": "Point",
        "coordinates": [
          40.461384,
          47.433563
        ]
      },
      "properties": {
        "time": "133537"
      }
    },
    {
      "type": "Feature",
      "id": 679,
      "geometry": {
        "type": "Point",
        "coordinates": [
          40.461102,
          47.433704
        ]
      },
      "properties": {
        "time": "133538"
      }
    },
    {
      "type": "Feature",
      "id": 680,
      "geometry": {
        "type": "Point",
        "coordinates": [
          40.460831,
          47.433846
        ]
      },
      "properties": {
        "time": "133539"
      }
    },
    {
      "type": "Feature",
      "id": 681,
      "geometry": {
        "type": "Point",
        "coordinates": [
          40.460567,
          47.43399
        ]
      },
      "properties": {
        "time": "133540"
      }
    },
    {
      "type": "Feature",
      "id": 682,
      "geometry": {
        "type": "Point",
        "coordinates": [
          40.460297,
          47.434135
        ]
      },
      "properties": {
        "time": "133541"
      }
    },
    {
      "type": "Feature",
      "id": 683,
      "geometry": {
        "type": "Point",
        "coordinates": [
          40.459991,
          47.434303
        ]
      },
      "properties": {
        "time": "133542"
      }
    },
    {
      "type": "Feature",
      "id": 684,
      "geometry": {
        "type": "Point",
        "coordinates": [
          40.459713,
          47.434448
        ]
      },
      "properties": {
        "time": "133543"
      }
    },
    {
      "type": "Feature",
      "id": 685,
      "geometry": {
        "type": "Point",
        "coordinates": [
          40.459419,
          47.434601
        ]
      },
      "properties": {
        "time": "133544"
      }
    },
    {
      "type": "Feature",
      "id": 686,
      "geometry": {
        "type": "Point",
        "coordinates": [
          40.459141,
          47.434761
        ]
      },
      "properties": {
        "time": "133545"
      }
    },
    {
      "type": "Feature",
      "id": 687,
      "geometry": {
        "type": "Point",
        "coordinates": [
          40.45887,
          47.434914
        ]
      },
      "properties": {
        "time": "133546"
      }
    },
    {
      "type": "Feature",
      "id": 688,
      "geometry": {
        "type": "Point",
        "coordinates": [
          40.458591,
          47.435078
        ]
      },
      "properties": {
        "time": "133547"
      }
    },
    {
      "type": "Feature",
      "id": 689,
      "geometry": {
        "type": "Point",
        "coordinates": [
          40.458294,
          47.435246
        ]
      },
      "properties": {
        "time": "133548"
      }
    },
    {
      "type": "Feature",
      "id": 690,
      "geometry": {
        "type": "Point",
        "coordinates": [
          40.458004,
          47.435429
        ]
      },
      "properties": {
        "time": "133549"
      }
    },
    {
      "type": "Feature",
      "id": 691,
      "geometry": {
        "type": "Point",
        "coordinates": [
          40.457722,
          47.435577
        ]
      },
      "properties": {
        "time": "133550"
      }
    },
    {
      "type": "Feature",
      "id": 692,
      "geometry": {
        "type": "Point",
        "coordinates": [
          40.457439,
          47.435719
        ]
      },
      "properties": {
        "time": "133551"
      }
    },
    {
      "type": "Feature",
      "id": 693,
      "geometry": {
        "type": "Point",
        "coordinates": [
          40.457153,
          47.435856
        ]
      },
      "properties": {
        "time": "133552"
      }
    },
    {
      "type": "Feature",
      "id": 694,
      "geometry": {
        "type": "Point",
        "coordinates": [
          40.456871,
          47.435989
        ]
      },
      "properties": {
        "time": "133553"
      }
    },
    {
      "type": "Feature",
      "id": 695,
      "geometry": {
        "type": "Point",
        "coordinates": [
          40.456589,
          47.436127
        ]
      },
      "properties": {
        "time": "133554"
      }
    },
    {
      "type": "Feature",
      "id": 696,
      "geometry": {
        "type": "Point",
        "coordinates": [
          40.456306,
          47.43626
        ]
      },
      "properties": {
        "time": "133555"
      }
    },
    {
      "type": "Feature",
      "id": 697,
      "geometry": {
        "type": "Point",
        "coordinates": [
          40.45599,
          47.436405
        ]
      },
      "properties": {
        "time": "133556"
      }
    },
    {
      "type": "Feature",
      "id": 698,
      "geometry": {
        "type": "Point",
        "coordinates": [
          40.455685,
          47.436581
        ]
      },
      "properties": {
        "time": "133557"
      }
    },
    {
      "type": "Feature",
      "id": 699,
      "geometry": {
        "type": "Point",
        "coordinates": [
          40.455425,
          47.436733
        ]
      },
      "properties": {
        "time": "133558"
      }
    },
    {
      "type": "Feature",
      "id": 700,
      "geometry": {
        "type": "Point",
        "coordinates": [
          40.45517,
          47.436886
        ]
      },
      "properties": {
        "time": "133559"
      }
    },
    {
      "type": "Feature",
      "id": 701,
      "geometry": {
        "type": "Point",
        "coordinates": [
          40.45491,
          47.437038
        ]
      },
      "properties": {
        "time": "133560"
      }
    },
    {
      "type": "Feature",
      "id": 702,
      "geometry": {
        "type": "Point",
        "coordinates": [
          40.454666,
          47.437199
        ]
      },
      "properties": {
        "time": "133561"
      }
    },
    {
      "type": "Feature",
      "id": 703,
      "geometry": {
        "type": "Point",
        "coordinates": [
          40.454433,
          47.437363
        ]
      },
      "properties": {
        "time": "133562"
      }
    },
    {
      "type": "Feature",
      "id": 704,
      "geometry": {
        "type": "Point",
        "coordinates": [
          40.454193,
          47.437519
        ]
      },
      "properties": {
        "time": "133563"
      }
    },
    {
      "type": "Feature",
      "id": 705,
      "geometry": {
        "type": "Point",
        "coordinates": [
          40.453941,
          47.437653
        ]
      },
      "properties": {
        "time": "133564"
      }
    },
    {
      "type": "Feature",
      "id": 706,
      "geometry": {
        "type": "Point",
        "coordinates": [
          40.453678,
          47.437786
        ]
      },
      "properties": {
        "time": "133565"
      }
    },
    {
      "type": "Feature",
      "id": 707,
      "geometry": {
        "type": "Point",
        "coordinates": [
          40.453426,
          47.437916
        ]
      },
      "properties": {
        "time": "133566"
      }
    },
    {
      "type": "Feature",
      "id": 708,
      "geometry": {
        "type": "Point",
        "coordinates": [
          40.453156,
          47.43808
        ]
      },
      "properties": {
        "time": "133567"
      }
    },
    {
      "type": "Feature",
      "id": 709,
      "geometry": {
        "type": "Point",
        "coordinates": [
          40.452869,
          47.438259
        ]
      },
      "properties": {
        "time": "133568"
      }
    },
    {
      "type": "Feature",
      "id": 710,
      "geometry": {
        "type": "Point",
        "coordinates": [
          40.452629,
          47.438416
        ]
      },
      "properties": {
        "time": "133569"
      }
    },
    {
      "type": "Feature",
      "id": 711,
      "geometry": {
        "type": "Point",
        "coordinates": [
          40.452381,
          47.438549
        ]
      },
      "properties": {
        "time": "133570"
      }
    },
    {
      "type": "Feature",
      "id": 712,
      "geometry": {
        "type": "Point",
        "coordinates": [
          40.452091,
          47.438705
        ]
      },
      "properties": {
        "time": "133571"
      }
    },
    {
      "type": "Feature",
      "id": 713,
      "geometry": {
        "type": "Point",
        "coordinates": [
          40.451805,
          47.438881
        ]
      },
      "properties": {
        "time": "133572"
      }
    },
    {
      "type": "Feature",
      "id": 714,
      "geometry": {
        "type": "Point",
        "coordinates": [
          40.451546,
          47.439053
        ]
      },
      "properties": {
        "time": "133573"
      }
    },
    {
      "type": "Feature",
      "id": 715,
      "geometry": {
        "type": "Point",
        "coordinates": [
          40.451313,
          47.439228
        ]
      },
      "properties": {
        "time": "133574"
      }
    },
    {
      "type": "Feature",
      "id": 716,
      "geometry": {
        "type": "Point",
        "coordinates": [
          40.451099,
          47.439407
        ]
      },
      "properties": {
        "time": "133575"
      }
    },
    {
      "type": "Feature",
      "id": 717,
      "geometry": {
        "type": "Point",
        "coordinates": [
          40.450882,
          47.439583
        ]
      },
      "properties": {
        "time": "133576"
      }
    },
    {
      "type": "Feature",
      "id": 718,
      "geometry": {
        "type": "Point",
        "coordinates": [
          40.450661,
          47.439751
        ]
      },
      "properties": {
        "time": "133577"
      }
    },
    {
      "type": "Feature",
      "id": 719,
      "geometry": {
        "type": "Point",
        "coordinates": [
          40.450439,
          47.439919
        ]
      },
      "properties": {
        "time": "133578"
      }
    },
    {
      "type": "Feature",
      "id": 720,
      "geometry": {
        "type": "Point",
        "coordinates": [
          40.450237,
          47.440102
        ]
      },
      "properties": {
        "time": "133579"
      }
    },
    {
      "type": "Feature",
      "id": 721,
      "geometry": {
        "type": "Point",
        "coordinates": [
          40.450027,
          47.440292
        ]
      },
      "properties": {
        "time": "133580"
      }
    },
    {
      "type": "Feature",
      "id": 722,
      "geometry": {
        "type": "Point",
        "coordinates": [
          40.449821,
          47.440487
        ]
      },
      "properties": {
        "time": "133581"
      }
    },
    {
      "type": "Feature",
      "id": 723,
      "geometry": {
        "type": "Point",
        "coordinates": [
          40.449627,
          47.44067
        ]
      },
      "properties": {
        "time": "133582"
      }
    },
    {
      "type": "Feature",
      "id": 724,
      "geometry": {
        "type": "Point",
        "coordinates": [
          40.449444,
          47.440853
        ]
      },
      "properties": {
        "time": "133583"
      }
    },
    {
      "type": "Feature",
      "id": 725,
      "geometry": {
        "type": "Point",
        "coordinates": [
          40.449265,
          47.441036
        ]
      },
      "properties": {
        "time": "133584"
      }
    },
    {
      "type": "Feature",
      "id": 726,
      "geometry": {
        "type": "Point",
        "coordinates": [
          40.449078,
          47.441219
        ]
      },
      "properties": {
        "time": "133585"
      }
    },
    {
      "type": "Feature",
      "id": 727,
      "geometry": {
        "type": "Point",
        "coordinates": [
          40.448887,
          47.441399
        ]
      },
      "properties": {
        "time": "133586"
      }
    },
    {
      "type": "Feature",
      "id": 728,
      "geometry": {
        "type": "Point",
        "coordinates": [
          40.448689,
          47.441586
        ]
      },
      "properties": {
        "time": "133587"
      }
    },
    {
      "type": "Feature",
      "id": 729,
      "geometry": {
        "type": "Point",
        "coordinates": [
          40.448479,
          47.441776
        ]
      },
      "properties": {
        "time": "133588"
      }
    },
    {
      "type": "Feature",
      "id": 730,
      "geometry": {
        "type": "Point",
        "coordinates": [
          40.448288,
          47.441963
        ]
      },
      "properties": {
        "time": "133589"
      }
    },
    {
      "type": "Feature",
      "id": 731,
      "geometry": {
        "type": "Point",
        "coordinates": [
          40.448093,
          47.442146
        ]
      },
      "properties": {
        "time": "133590"
      }
    },
    {
      "type": "Feature",
      "id": 732,
      "geometry": {
        "type": "Point",
        "coordinates": [
          40.447895,
          47.442322
        ]
      },
      "properties": {
        "time": "133591"
      }
    },
    {
      "type": "Feature",
      "id": 733,
      "geometry": {
        "type": "Point",
        "coordinates": [
          40.447689,
          47.442501
        ]
      },
      "properties": {
        "time": "133592"
      }
    },
    {
      "type": "Feature",
      "id": 734,
      "geometry": {
        "type": "Point",
        "coordinates": [
          40.447495,
          47.442669
        ]
      },
      "properties": {
        "time": "133593"
      }
    },
    {
      "type": "Feature",
      "id": 735,
      "geometry": {
        "type": "Point",
        "coordinates": [
          40.447266,
          47.442875
        ]
      },
      "properties": {
        "time": "133594"
      }
    },
    {
      "type": "Feature",
      "id": 736,
      "geometry": {
        "type": "Point",
        "coordinates": [
          40.447063,
          47.443058
        ]
      },
      "properties": {
        "time": "133595"
      }
    },
    {
      "type": "Feature",
      "id": 737,
      "geometry": {
        "type": "Point",
        "coordinates": [
          40.446861,
          47.443233
        ]
      },
      "properties": {
        "time": "133596"
      }
    },
    {
      "type": "Feature",
      "id": 738,
      "geometry": {
        "type": "Point",
        "coordinates": [
          40.446659,
          47.443417
        ]
      },
      "properties": {
        "time": "133597"
      }
    },
    {
      "type": "Feature",
      "id": 739,
      "geometry": {
        "type": "Point",
        "coordinates": [
          40.446457,
          47.443611
        ]
      },
      "properties": {
        "time": "133598"
      }
    },
    {
      "type": "Feature",
      "id": 740,
      "geometry": {
        "type": "Point",
        "coordinates": [
          40.446243,
          47.443798
        ]
      },
      "properties": {
        "time": "133599"
      }
    },
    {
      "type": "Feature",
      "id": 741,
      "geometry": {
        "type": "Point",
        "coordinates": [
          40.44603,
          47.443989
        ]
      },
      "properties": {
        "time": "133600"
      }
    },
    {
      "type": "Feature",
      "id": 742,
      "geometry": {
        "type": "Point",
        "coordinates": [
          40.445824,
          47.444187
        ]
      },
      "properties": {
        "time": "133601"
      }
    },
    {
      "type": "Feature",
      "id": 743,
      "geometry": {
        "type": "Point",
        "coordinates": [
          40.445644,
          47.444389
        ]
      },
      "properties": {
        "time": "133602"
      }
    },
    {
      "type": "Feature",
      "id": 744,
      "geometry": {
        "type": "Point",
        "coordinates": [
          40.44548,
          47.444599
        ]
      },
      "properties": {
        "time": "133603"
      }
    },
    {
      "type": "Feature",
      "id": 745,
      "geometry": {
        "type": "Point",
        "coordinates": [
          40.445301,
          47.444794
        ]
      },
      "properties": {
        "time": "133604"
      }
    },
    {
      "type": "Feature",
      "id": 746,
      "geometry": {
        "type": "Point",
        "coordinates": [
          40.44511,
          47.444984
        ]
      },
      "properties": {
        "time": "133605"
      }
    },
    {
      "type": "Feature",
      "id": 747,
      "geometry": {
        "type": "Point",
        "coordinates": [
          40.444931,
          47.445179
        ]
      },
      "properties": {
        "time": "133606"
      }
    },
    {
      "type": "Feature",
      "id": 748,
      "geometry": {
        "type": "Point",
        "coordinates": [
          40.444752,
          47.445374
        ]
      },
      "properties": {
        "time": "133607"
      }
    },
    {
      "type": "Feature",
      "id": 749,
      "geometry": {
        "type": "Point",
        "coordinates": [
          40.44458,
          47.44556
        ]
      },
      "properties": {
        "time": "133608"
      }
    },
    {
      "type": "Feature",
      "id": 750,
      "geometry": {
        "type": "Point",
        "coordinates": [
          40.444412,
          47.445755
        ]
      },
      "properties": {
        "time": "133609"
      }
    },
    {
      "type": "Feature",
      "id": 751,
      "geometry": {
        "type": "Point",
        "coordinates": [
          40.444263,
          47.445942
        ]
      },
      "properties": {
        "time": "133610"
      }
    },
    {
      "type": "Feature",
      "id": 752,
      "geometry": {
        "type": "Point",
        "coordinates": [
          40.444118,
          47.446133
        ]
      },
      "properties": {
        "time": "133611"
      }
    },
    {
      "type": "Feature",
      "id": 753,
      "geometry": {
        "type": "Point",
        "coordinates": [
          40.443897,
          47.446331
        ]
      },
      "properties": {
        "time": "133612"
      }
    },
    {
      "type": "Feature",
      "id": 754,
      "geometry": {
        "type": "Point",
        "coordinates": [
          40.443657,
          47.446529
        ]
      },
      "properties": {
        "time": "133613"
      }
    },
    {
      "type": "Feature",
      "id": 755,
      "geometry": {
        "type": "Point",
        "coordinates": [
          40.443462,
          47.446728
        ]
      },
      "properties": {
        "time": "133614"
      }
    },
    {
      "type": "Feature",
      "id": 756,
      "geometry": {
        "type": "Point",
        "coordinates": [
          40.443279,
          47.44693
        ]
      },
      "properties": {
        "time": "133615"
      }
    },
    {
      "type": "Feature",
      "id": 757,
      "geometry": {
        "type": "Point",
        "coordinates": [
          40.443115,
          47.447136
        ]
      },
      "properties": {
        "time": "133616"
      }
    },
    {
      "type": "Feature",
      "id": 758,
      "geometry": {
        "type": "Point",
        "coordinates": [
          40.442955,
          47.447338
        ]
      },
      "properties": {
        "time": "133617"
      }
    },
    {
      "type": "Feature",
      "id": 759,
      "geometry": {
        "type": "Point",
        "coordinates": [
          40.44276,
          47.447536
        ]
      },
      "properties": {
        "time": "133618"
      }
    },
    {
      "type": "Feature",
      "id": 760,
      "geometry": {
        "type": "Point",
        "coordinates": [
          40.442562,
          47.447735
        ]
      },
      "properties": {
        "time": "133619"
      }
    },
    {
      "type": "Feature",
      "id": 761,
      "geometry": {
        "type": "Point",
        "coordinates": [
          40.442398,
          47.447929
        ]
      },
      "properties": {
        "time": "133620"
      }
    },
    {
      "type": "Feature",
      "id": 762,
      "geometry": {
        "type": "Point",
        "coordinates": [
          40.44223,
          47.448112
        ]
      },
      "properties": {
        "time": "133621"
      }
    },
    {
      "type": "Feature",
      "id": 763,
      "geometry": {
        "type": "Point",
        "coordinates": [
          40.442101,
          47.448299
        ]
      },
      "properties": {
        "time": "133622"
      }
    },
    {
      "type": "Feature",
      "id": 764,
      "geometry": {
        "type": "Point",
        "coordinates": [
          40.44194,
          47.448494
        ]
      },
      "properties": {
        "time": "133623"
      }
    },
    {
      "type": "Feature",
      "id": 765,
      "geometry": {
        "type": "Point",
        "coordinates": [
          40.441757,
          47.4487
        ]
      },
      "properties": {
        "time": "133624"
      }
    },
    {
      "type": "Feature",
      "id": 766,
      "geometry": {
        "type": "Point",
        "coordinates": [
          40.44157,
          47.448898
        ]
      },
      "properties": {
        "time": "133625"
      }
    },
    {
      "type": "Feature",
      "id": 767,
      "geometry": {
        "type": "Point",
        "coordinates": [
          40.44136,
          47.449085
        ]
      },
      "properties": {
        "time": "133626"
      }
    },
    {
      "type": "Feature",
      "id": 768,
      "geometry": {
        "type": "Point",
        "coordinates": [
          40.44109,
          47.449272
        ]
      },
      "properties": {
        "time": "133627"
      }
    },
    {
      "type": "Feature",
      "id": 769,
      "geometry": {
        "type": "Point",
        "coordinates": [
          40.440887,
          47.449478
        ]
      },
      "properties": {
        "time": "133628"
      }
    },
    {
      "type": "Feature",
      "id": 770,
      "geometry": {
        "type": "Point",
        "coordinates": [
          40.440701,
          47.449696
        ]
      },
      "properties": {
        "time": "133629"
      }
    },
    {
      "type": "Feature",
      "id": 771,
      "geometry": {
        "type": "Point",
        "coordinates": [
          40.440445,
          47.449921
        ]
      },
      "properties": {
        "time": "133630"
      }
    },
    {
      "type": "Feature",
      "id": 772,
      "geometry": {
        "type": "Point",
        "coordinates": [
          40.440243,
          47.450134
        ]
      },
      "properties": {
        "time": "133631"
      }
    },
    {
      "type": "Feature",
      "id": 773,
      "geometry": {
        "type": "Point",
        "coordinates": [
          40.440144,
          47.450336
        ]
      },
      "properties": {
        "time": "133632"
      }
    },
    {
      "type": "Feature",
      "id": 774,
      "geometry": {
        "type": "Point",
        "coordinates": [
          40.440048,
          47.450554
        ]
      },
      "properties": {
        "time": "133633"
      }
    },
    {
      "type": "Feature",
      "id": 775,
      "geometry": {
        "type": "Point",
        "coordinates": [
          40.439869,
          47.450783
        ]
      },
      "properties": {
        "time": "133634"
      }
    },
    {
      "type": "Feature",
      "id": 776,
      "geometry": {
        "type": "Point",
        "coordinates": [
          40.439632,
          47.451054
        ]
      },
      "properties": {
        "time": "133635"
      }
    },
    {
      "type": "Feature",
      "id": 777,
      "geometry": {
        "type": "Point",
        "coordinates": [
          40.439461,
          47.451283
        ]
      },
      "properties": {
        "time": "133636"
      }
    },
    {
      "type": "Feature",
      "id": 778,
      "geometry": {
        "type": "Point",
        "coordinates": [
          40.439281,
          47.451511
        ]
      },
      "properties": {
        "time": "133637"
      }
    },
    {
      "type": "Feature",
      "id": 779,
      "geometry": {
        "type": "Point",
        "coordinates": [
          40.439114,
          47.451736
        ]
      },
      "properties": {
        "time": "133638"
      }
    },
    {
      "type": "Feature",
      "id": 780,
      "geometry": {
        "type": "Point",
        "coordinates": [
          40.438965,
          47.451965
        ]
      },
      "properties": {
        "time": "133639"
      }
    },
    {
      "type": "Feature",
      "id": 781,
      "geometry": {
        "type": "Point",
        "coordinates": [
          40.438801,
          47.452187
        ]
      },
      "properties": {
        "time": "133640"
      }
    },
    {
      "type": "Feature",
      "id": 782,
      "geometry": {
        "type": "Point",
        "coordinates": [
          40.438641,
          47.452408
        ]
      },
      "properties": {
        "time": "133641"
      }
    },
    {
      "type": "Feature",
      "id": 783,
      "geometry": {
        "type": "Point",
        "coordinates": [
          40.438473,
          47.452648
        ]
      },
      "properties": {
        "time": "133642"
      }
    },
    {
      "type": "Feature",
      "id": 784,
      "geometry": {
        "type": "Point",
        "coordinates": [
          40.438309,
          47.452888
        ]
      },
      "properties": {
        "time": "133643"
      }
    },
    {
      "type": "Feature",
      "id": 785,
      "geometry": {
        "type": "Point",
        "coordinates": [
          40.438168,
          47.453125
        ]
      },
      "properties": {
        "time": "133644"
      }
    },
    {
      "type": "Feature",
      "id": 786,
      "geometry": {
        "type": "Point",
        "coordinates": [
          40.438038,
          47.453354
        ]
      },
      "properties": {
        "time": "133645"
      }
    },
    {
      "type": "Feature",
      "id": 787,
      "geometry": {
        "type": "Point",
        "coordinates": [
          40.43792,
          47.453587
        ]
      },
      "properties": {
        "time": "133646"
      }
    },
    {
      "type": "Feature",
      "id": 788,
      "geometry": {
        "type": "Point",
        "coordinates": [
          40.43782,
          47.453819
        ]
      },
      "properties": {
        "time": "133647"
      }
    },
    {
      "type": "Feature",
      "id": 789,
      "geometry": {
        "type": "Point",
        "coordinates": [
          40.437725,
          47.454052
        ]
      },
      "properties": {
        "time": "133648"
      }
    },
    {
      "type": "Feature",
      "id": 790,
      "geometry": {
        "type": "Point",
        "coordinates": [
          40.43763,
          47.454296
        ]
      },
      "properties": {
        "time": "133649"
      }
    },
    {
      "type": "Feature",
      "id": 791,
      "geometry": {
        "type": "Point",
        "coordinates": [
          40.43755,
          47.454533
        ]
      },
      "properties": {
        "time": "133650"
      }
    },
    {
      "type": "Feature",
      "id": 792,
      "geometry": {
        "type": "Point",
        "coordinates": [
          40.437435,
          47.454765
        ]
      },
      "properties": {
        "time": "133651"
      }
    },
    {
      "type": "Feature",
      "id": 793,
      "geometry": {
        "type": "Point",
        "coordinates": [
          40.437344,
          47.455002
        ]
      },
      "properties": {
        "time": "133652"
      }
    },
    {
      "type": "Feature",
      "id": 794,
      "geometry": {
        "type": "Point",
        "coordinates": [
          40.437283,
          47.455254
        ]
      },
      "properties": {
        "time": "133653"
      }
    },
    {
      "type": "Feature",
      "id": 795,
      "geometry": {
        "type": "Point",
        "coordinates": [
          40.43726,
          47.455494
        ]
      },
      "properties": {
        "time": "133654"
      }
    },
    {
      "type": "Feature",
      "id": 796,
      "geometry": {
        "type": "Point",
        "coordinates": [
          40.437286,
          47.455761
        ]
      },
      "properties": {
        "time": "133655"
      }
    },
    {
      "type": "Feature",
      "id": 797,
      "geometry": {
        "type": "Point",
        "coordinates": [
          40.437279,
          47.456013
        ]
      },
      "properties": {
        "time": "133656"
      }
    },
    {
      "type": "Feature",
      "id": 798,
      "geometry": {
        "type": "Point",
        "coordinates": [
          40.437302,
          47.456264
        ]
      },
      "properties": {
        "time": "133657"
      }
    },
    {
      "type": "Feature",
      "id": 799,
      "geometry": {
        "type": "Point",
        "coordinates": [
          40.437317,
          47.456516
        ]
      },
      "properties": {
        "time": "133658"
      }
    },
    {
      "type": "Feature",
      "id": 800,
      "geometry": {
        "type": "Point",
        "coordinates": [
          40.437328,
          47.456757
        ]
      },
      "properties": {
        "time": "133659"
      }
    },
    {
      "type": "Feature",
      "id": 801,
      "geometry": {
        "type": "Point",
        "coordinates": [
          40.437325,
          47.456993
        ]
      },
      "properties": {
        "time": "133660"
      }
    },
    {
      "type": "Feature",
      "id": 802,
      "geometry": {
        "type": "Point",
        "coordinates": [
          40.437302,
          47.457222
        ]
      },
      "properties": {
        "time": "133661"
      }
    },
    {
      "type": "Feature",
      "id": 803,
      "geometry": {
        "type": "Point",
        "coordinates": [
          40.437252,
          47.457458
        ]
      },
      "properties": {
        "time": "133662"
      }
    },
    {
      "type": "Feature",
      "id": 804,
      "geometry": {
        "type": "Point",
        "coordinates": [
          40.437202,
          47.457684
        ]
      },
      "properties": {
        "time": "133663"
      }
    },
    {
      "type": "Feature",
      "id": 805,
      "geometry": {
        "type": "Point",
        "coordinates": [
          40.437164,
          47.45792
        ]
      },
      "properties": {
        "time": "133664"
      }
    },
    {
      "type": "Feature",
      "id": 806,
      "geometry": {
        "type": "Point",
        "coordinates": [
          40.437157,
          47.458157
        ]
      },
      "properties": {
        "time": "133665"
      }
    },
    {
      "type": "Feature",
      "id": 807,
      "geometry": {
        "type": "Point",
        "coordinates": [
          40.437164,
          47.458408
        ]
      },
      "properties": {
        "time": "133666"
      }
    },
    {
      "type": "Feature",
      "id": 808,
      "geometry": {
        "type": "Point",
        "coordinates": [
          40.437218,
          47.45866
        ]
      },
      "properties": {
        "time": "133667"
      }
    },
    {
      "type": "Feature",
      "id": 809,
      "geometry": {
        "type": "Point",
        "coordinates": [
          40.437271,
          47.458904
        ]
      },
      "properties": {
        "time": "133668"
      }
    },
    {
      "type": "Feature",
      "id": 810,
      "geometry": {
        "type": "Point",
        "coordinates": [
          40.437317,
          47.459141
        ]
      },
      "properties": {
        "time": "133669"
      }
    },
    {
      "type": "Feature",
      "id": 811,
      "geometry": {
        "type": "Point",
        "coordinates": [
          40.437363,
          47.459377
        ]
      },
      "properties": {
        "time": "133670"
      }
    },
    {
      "type": "Feature",
      "id": 812,
      "geometry": {
        "type": "Point",
        "coordinates": [
          40.437401,
          47.459614
        ]
      },
      "properties": {
        "time": "133671"
      }
    },
    {
      "type": "Feature",
      "id": 813,
      "geometry": {
        "type": "Point",
        "coordinates": [
          40.437447,
          47.459846
        ]
      },
      "properties": {
        "time": "133672"
      }
    },
    {
      "type": "Feature",
      "id": 814,
      "geometry": {
        "type": "Point",
        "coordinates": [
          40.437489,
          47.460087
        ]
      },
      "properties": {
        "time": "133673"
      }
    },
    {
      "type": "Feature",
      "id": 815,
      "geometry": {
        "type": "Point",
        "coordinates": [
          40.437557,
          47.460323
        ]
      },
      "properties": {
        "time": "133674"
      }
    },
    {
      "type": "Feature",
      "id": 816,
      "geometry": {
        "type": "Point",
        "coordinates": [
          40.437607,
          47.460548
        ]
      },
      "properties": {
        "time": "133675"
      }
    },
    {
      "type": "Feature",
      "id": 817,
      "geometry": {
        "type": "Point",
        "coordinates": [
          40.437702,
          47.460781
        ]
      },
      "properties": {
        "time": "133676"
      }
    },
    {
      "type": "Feature",
      "id": 818,
      "geometry": {
        "type": "Point",
        "coordinates": [
          40.437801,
          47.461014
        ]
      },
      "properties": {
        "time": "133677"
      }
    },
    {
      "type": "Feature",
      "id": 819,
      "geometry": {
        "type": "Point",
        "coordinates": [
          40.437878,
          47.461254
        ]
      },
      "properties": {
        "time": "133678"
      }
    },
    {
      "type": "Feature",
      "id": 820,
      "geometry": {
        "type": "Point",
        "coordinates": [
          40.438,
          47.461498
        ]
      },
      "properties": {
        "time": "133679"
      }
    },
    {
      "type": "Feature",
      "id": 821,
      "geometry": {
        "type": "Point",
        "coordinates": [
          40.438129,
          47.461742
        ]
      },
      "properties": {
        "time": "133680"
      }
    },
    {
      "type": "Feature",
      "id": 822,
      "geometry": {
        "type": "Point",
        "coordinates": [
          40.43832,
          47.461933
        ]
      },
      "properties": {
        "time": "133681"
      }
    },
    {
      "type": "Feature",
      "id": 823,
      "geometry": {
        "type": "Point",
        "coordinates": [
          40.438538,
          47.46212
        ]
      },
      "properties": {
        "time": "133682"
      }
    },
    {
      "type": "Feature",
      "id": 824,
      "geometry": {
        "type": "Point",
        "coordinates": [
          40.438774,
          47.462292
        ]
      },
      "properties": {
        "time": "133683"
      }
    },
    {
      "type": "Feature",
      "id": 825,
      "geometry": {
        "type": "Point",
        "coordinates": [
          40.439026,
          47.462456
        ]
      },
      "properties": {
        "time": "133684"
      }
    },
    {
      "type": "Feature",
      "id": 826,
      "geometry": {
        "type": "Point",
        "coordinates": [
          40.43927,
          47.46262
        ]
      },
      "properties": {
        "time": "133685"
      }
    },
    {
      "type": "Feature",
      "id": 827,
      "geometry": {
        "type": "Point",
        "coordinates": [
          40.439499,
          47.462788
        ]
      },
      "properties": {
        "time": "133686"
      }
    },
    {
      "type": "Feature",
      "id": 828,
      "geometry": {
        "type": "Point",
        "coordinates": [
          40.439716,
          47.462967
        ]
      },
      "properties": {
        "time": "133687"
      }
    },
    {
      "type": "Feature",
      "id": 829,
      "geometry": {
        "type": "Point",
        "coordinates": [
          40.439934,
          47.463142
        ]
      },
      "properties": {
        "time": "133688"
      }
    },
    {
      "type": "Feature",
      "id": 830,
      "geometry": {
        "type": "Point",
        "coordinates": [
          40.440121,
          47.463333
        ]
      },
      "properties": {
        "time": "133689"
      }
    },
    {
      "type": "Feature",
      "id": 831,
      "geometry": {
        "type": "Point",
        "coordinates": [
          40.440331,
          47.463516
        ]
      },
      "properties": {
        "time": "133690"
      }
    },
    {
      "type": "Feature",
      "id": 832,
      "geometry": {
        "type": "Point",
        "coordinates": [
          40.440582,
          47.463684
        ]
      },
      "properties": {
        "time": "133691"
      }
    },
    {
      "type": "Feature",
      "id": 833,
      "geometry": {
        "type": "Point",
        "coordinates": [
          40.440845,
          47.463848
        ]
      },
      "properties": {
        "time": "133692"
      }
    },
    {
      "type": "Feature",
      "id": 834,
      "geometry": {
        "type": "Point",
        "coordinates": [
          40.441124,
          47.464001
        ]
      },
      "properties": {
        "time": "133693"
      }
    },
    {
      "type": "Feature",
      "id": 835,
      "geometry": {
        "type": "Point",
        "coordinates": [
          40.44141,
          47.464142
        ]
      },
      "properties": {
        "time": "133694"
      }
    },
    {
      "type": "Feature",
      "id": 836,
      "geometry": {
        "type": "Point",
        "coordinates": [
          40.4417,
          47.464279
        ]
      },
      "properties": {
        "time": "133695"
      }
    },
    {
      "type": "Feature",
      "id": 837,
      "geometry": {
        "type": "Point",
        "coordinates": [
          40.441971,
          47.464424
        ]
      },
      "properties": {
        "time": "133696"
      }
    },
    {
      "type": "Feature",
      "id": 838,
      "geometry": {
        "type": "Point",
        "coordinates": [
          40.442268,
          47.464561
        ]
      },
      "properties": {
        "time": "133697"
      }
    },
    {
      "type": "Feature",
      "id": 839,
      "geometry": {
        "type": "Point",
        "coordinates": [
          40.442558,
          47.464691
        ]
      },
      "properties": {
        "time": "133698"
      }
    },
    {
      "type": "Feature",
      "id": 840,
      "geometry": {
        "type": "Point",
        "coordinates": [
          40.442856,
          47.464825
        ]
      },
      "properties": {
        "time": "133699"
      }
    },
    {
      "type": "Feature",
      "id": 841,
      "geometry": {
        "type": "Point",
        "coordinates": [
          40.443188,
          47.464928
        ]
      },
      "properties": {
        "time": "133700"
      }
    },
    {
      "type": "Feature",
      "id": 842,
      "geometry": {
        "type": "Point",
        "coordinates": [
          40.443497,
          47.465046
        ]
      },
      "properties": {
        "time": "133701"
      }
    },
    {
      "type": "Feature",
      "id": 843,
      "geometry": {
        "type": "Point",
        "coordinates": [
          40.443802,
          47.465172
        ]
      },
      "properties": {
        "time": "133702"
      }
    },
    {
      "type": "Feature",
      "id": 844,
      "geometry": {
        "type": "Point",
        "coordinates": [
          40.444126,
          47.465286
        ]
      },
      "properties": {
        "time": "133703"
      }
    },
    {
      "type": "Feature",
      "id": 845,
      "geometry": {
        "type": "Point",
        "coordinates": [
          40.444454,
          47.465382
        ]
      },
      "properties": {
        "time": "133704"
      }
    },
    {
      "type": "Feature",
      "id": 846,
      "geometry": {
        "type": "Point",
        "coordinates": [
          40.444771,
          47.465462
        ]
      },
      "properties": {
        "time": "133705"
      }
    },
    {
      "type": "Feature",
      "id": 847,
      "geometry": {
        "type": "Point",
        "coordinates": [
          40.445087,
          47.465569
        ]
      },
      "properties": {
        "time": "133706"
      }
    },
    {
      "type": "Feature",
      "id": 848,
      "geometry": {
        "type": "Point",
        "coordinates": [
          40.445427,
          47.465656
        ]
      },
      "properties": {
        "time": "133707"
      }
    },
    {
      "type": "Feature",
      "id": 849,
      "geometry": {
        "type": "Point",
        "coordinates": [
          40.445766,
          47.465748
        ]
      },
      "properties": {
        "time": "133708"
      }
    },
    {
      "type": "Feature",
      "id": 850,
      "geometry": {
        "type": "Point",
        "coordinates": [
          40.44611,
          47.465836
        ]
      },
      "properties": {
        "time": "133709"
      }
    },
    {
      "type": "Feature",
      "id": 851,
      "geometry": {
        "type": "Point",
        "coordinates": [
          40.446449,
          47.465908
        ]
      },
      "properties": {
        "time": "133710"
      }
    },
    {
      "type": "Feature",
      "id": 852,
      "geometry": {
        "type": "Point",
        "coordinates": [
          40.446777,
          47.465984
        ]
      },
      "properties": {
        "time": "133711"
      }
    },
    {
      "type": "Feature",
      "id": 853,
      "geometry": {
        "type": "Point",
        "coordinates": [
          40.447124,
          47.466061
        ]
      },
      "properties": {
        "time": "133712"
      }
    },
    {
      "type": "Feature",
      "id": 854,
      "geometry": {
        "type": "Point",
        "coordinates": [
          40.447487,
          47.466133
        ]
      },
      "properties": {
        "time": "133713"
      }
    },
    {
      "type": "Feature",
      "id": 855,
      "geometry": {
        "type": "Point",
        "coordinates": [
          40.447842,
          47.466217
        ]
      },
      "properties": {
        "time": "133714"
      }
    },
    {
      "type": "Feature",
      "id": 856,
      "geometry": {
        "type": "Point",
        "coordinates": [
          40.448189,
          47.466301
        ]
      },
      "properties": {
        "time": "133715"
      }
    },
    {
      "type": "Feature",
      "id": 857,
      "geometry": {
        "type": "Point",
        "coordinates": [
          40.44854,
          47.466373
        ]
      },
      "properties": {
        "time": "133716"
      }
    },
    {
      "type": "Feature",
      "id": 858,
      "geometry": {
        "type": "Point",
        "coordinates": [
          40.448891,
          47.466446
        ]
      },
      "properties": {
        "time": "133717"
      }
    },
    {
      "type": "Feature",
      "id": 859,
      "geometry": {
        "type": "Point",
        "coordinates": [
          40.449257,
          47.466518
        ]
      },
      "properties": {
        "time": "133718"
      }
    },
    {
      "type": "Feature",
      "id": 860,
      "geometry": {
        "type": "Point",
        "coordinates": [
          40.449631,
          47.466587
        ]
      },
      "properties": {
        "time": "133719"
      }
    },
    {
      "type": "Feature",
      "id": 861,
      "geometry": {
        "type": "Point",
        "coordinates": [
          40.450001,
          47.466652
        ]
      },
      "properties": {
        "time": "133720"
      }
    },
    {
      "type": "Feature",
      "id": 862,
      "geometry": {
        "type": "Point",
        "coordinates": [
          40.450363,
          47.466709
        ]
      },
      "properties": {
        "time": "133721"
      }
    },
    {
      "type": "Feature",
      "id": 863,
      "geometry": {
        "type": "Point",
        "coordinates": [
          40.450718,
          47.466755
        ]
      },
      "properties": {
        "time": "133722"
      }
    },
    {
      "type": "Feature",
      "id": 864,
      "geometry": {
        "type": "Point",
        "coordinates": [
          40.451077,
          47.466797
        ]
      },
      "properties": {
        "time": "133723"
      }
    },
    {
      "type": "Feature",
      "id": 865,
      "geometry": {
        "type": "Point",
        "coordinates": [
          40.451447,
          47.466835
        ]
      },
      "properties": {
        "time": "133724"
      }
    },
    {
      "type": "Feature",
      "id": 866,
      "geometry": {
        "type": "Point",
        "coordinates": [
          40.45182,
          47.466885
        ]
      },
      "properties": {
        "time": "133725"
      }
    },
    {
      "type": "Feature",
      "id": 867,
      "geometry": {
        "type": "Point",
        "coordinates": [
          40.452187,
          47.466938
        ]
      },
      "properties": {
        "time": "133726"
      }
    },
    {
      "type": "Feature",
      "id": 868,
      "geometry": {
        "type": "Point",
        "coordinates": [
          40.452545,
          47.467003
        ]
      },
      "properties": {
        "time": "133727"
      }
    },
    {
      "type": "Feature",
      "id": 869,
      "geometry": {
        "type": "Point",
        "coordinates": [
          40.452915,
          47.467072
        ]
      },
      "properties": {
        "time": "133728"
      }
    },
    {
      "type": "Feature",
      "id": 870,
      "geometry": {
        "type": "Point",
        "coordinates": [
          40.453285,
          47.467125
        ]
      },
      "properties": {
        "time": "133729"
      }
    },
    {
      "type": "Feature",
      "id": 871,
      "geometry": {
        "type": "Point",
        "coordinates": [
          40.45364,
          47.467178
        ]
      },
      "properties": {
        "time": "133730"
      }
    },
    {
      "type": "Feature",
      "id": 872,
      "geometry": {
        "type": "Point",
        "coordinates": [
          40.454014,
          47.467228
        ]
      },
      "properties": {
        "time": "133731"
      }
    },
    {
      "type": "Feature",
      "id": 873,
      "geometry": {
        "type": "Point",
        "coordinates": [
          40.454388,
          47.467281
        ]
      },
      "properties": {
        "time": "133732"
      }
    },
    {
      "type": "Feature",
      "id": 874,
      "geometry": {
        "type": "Point",
        "coordinates": [
          40.454754,
          47.467327
        ]
      },
      "properties": {
        "time": "133733"
      }
    },
    {
      "type": "Feature",
      "id": 875,
      "geometry": {
        "type": "Point",
        "coordinates": [
          40.455124,
          47.467373
        ]
      },
      "properties": {
        "time": "133734"
      }
    },
    {
      "type": "Feature",
      "id": 876,
      "geometry": {
        "type": "Point",
        "coordinates": [
          40.455486,
          47.467403
        ]
      },
      "properties": {
        "time": "133735"
      }
    },
    {
      "type": "Feature",
      "id": 877,
      "geometry": {
        "type": "Point",
        "coordinates": [
          40.455841,
          47.467426
        ]
      },
      "properties": {
        "time": "133736"
      }
    },
    {
      "type": "Feature",
      "id": 878,
      "geometry": {
        "type": "Point",
        "coordinates": [
          40.456177,
          47.467476
        ]
      },
      "properties": {
        "time": "133737"
      }
    },
    {
      "type": "Feature",
      "id": 879,
      "geometry": {
        "type": "Point",
        "coordinates": [
          40.456532,
          47.467522
        ]
      },
      "properties": {
        "time": "133738"
      }
    },
    {
      "type": "Feature",
      "id": 880,
      "geometry": {
        "type": "Point",
        "coordinates": [
          40.45689,
          47.467567
        ]
      },
      "properties": {
        "time": "133739"
      }
    },
    {
      "type": "Feature",
      "id": 881,
      "geometry": {
        "type": "Point",
        "coordinates": [
          40.457245,
          47.467609
        ]
      },
      "properties": {
        "time": "133740"
      }
    },
    {
      "type": "Feature",
      "id": 882,
      "geometry": {
        "type": "Point",
        "coordinates": [
          40.4576,
          47.467659
        ]
      },
      "properties": {
        "time": "133741"
      }
    },
    {
      "type": "Feature",
      "id": 883,
      "geometry": {
        "type": "Point",
        "coordinates": [
          40.457954,
          47.467705
        ]
      },
      "properties": {
        "time": "133742"
      }
    },
    {
      "type": "Feature",
      "id": 884,
      "geometry": {
        "type": "Point",
        "coordinates": [
          40.458313,
          47.467709
        ]
      },
      "properties": {
        "time": "133743"
      }
    },
    {
      "type": "Feature",
      "id": 885,
      "geometry": {
        "type": "Point",
        "coordinates": [
          40.458668,
          47.467701
        ]
      },
      "properties": {
        "time": "133744"
      }
    },
    {
      "type": "Feature",
      "id": 886,
      "geometry": {
        "type": "Point",
        "coordinates": [
          40.459023,
          47.467705
        ]
      },
      "properties": {
        "time": "133745"
      }
    },
    {
      "type": "Feature",
      "id": 887,
      "geometry": {
        "type": "Point",
        "coordinates": [
          40.459389,
          47.467705
        ]
      },
      "properties": {
        "time": "133746"
      }
    },
    {
      "type": "Feature",
      "id": 888,
      "geometry": {
        "type": "Point",
        "coordinates": [
          40.459743,
          47.467682
        ]
      },
      "properties": {
        "time": "133747"
      }
    },
    {
      "type": "Feature",
      "id": 889,
      "geometry": {
        "type": "Point",
        "coordinates": [
          40.460094,
          47.467628
        ]
      },
      "properties": {
        "time": "133748"
      }
    },
    {
      "type": "Feature",
      "id": 890,
      "geometry": {
        "type": "Point",
        "coordinates": [
          40.46043,
          47.467575
        ]
      },
      "properties": {
        "time": "133749"
      }
    },
    {
      "type": "Feature",
      "id": 891,
      "geometry": {
        "type": "Point",
        "coordinates": [
          40.460747,
          47.467552
        ]
      },
      "properties": {
        "time": "133750"
      }
    },
    {
      "type": "Feature",
      "id": 892,
      "geometry": {
        "type": "Point",
        "coordinates": [
          40.46109,
          47.467495
        ]
      },
      "properties": {
        "time": "133751"
      }
    },
    {
      "type": "Feature",
      "id": 893,
      "geometry": {
        "type": "Point",
        "coordinates": [
          40.461418,
          47.467422
        ]
      },
      "properties": {
        "time": "133752"
      }
    },
    {
      "type": "Feature",
      "id": 894,
      "geometry": {
        "type": "Point",
        "coordinates": [
          40.461712,
          47.467358
        ]
      },
      "properties": {
        "time": "133753"
      }
    },
    {
      "type": "Feature",
      "id": 895,
      "geometry": {
        "type": "Point",
        "coordinates": [
          40.46204,
          47.467281
        ]
      },
      "properties": {
        "time": "133754"
      }
    },
    {
      "type": "Feature",
      "id": 896,
      "geometry": {
        "type": "Point",
        "coordinates": [
          40.462372,
          47.467194
        ]
      },
      "properties": {
        "time": "133755"
      }
    },
    {
      "type": "Feature",
      "id": 897,
      "geometry": {
        "type": "Point",
        "coordinates": [
          40.462708,
          47.467106
        ]
      },
      "properties": {
        "time": "133756"
      }
    },
    {
      "type": "Feature",
      "id": 898,
      "geometry": {
        "type": "Point",
        "coordinates": [
          40.463043,
          47.467007
        ]
      },
      "properties": {
        "time": "133757"
      }
    },
    {
      "type": "Feature",
      "id": 899,
      "geometry": {
        "type": "Point",
        "coordinates": [
          40.46336,
          47.466919
        ]
      },
      "properties": {
        "time": "133758"
      }
    },
    {
      "type": "Feature",
      "id": 900,
      "geometry": {
        "type": "Point",
        "coordinates": [
          40.463676,
          47.46682
        ]
      },
      "properties": {
        "time": "133759"
      }
    },
    {
      "type": "Feature",
      "id": 901,
      "geometry": {
        "type": "Point",
        "coordinates": [
          40.463982,
          47.466728
        ]
      },
      "properties": {
        "time": "133760"
      }
    },
    {
      "type": "Feature",
      "id": 902,
      "geometry": {
        "type": "Point",
        "coordinates": [
          40.464294,
          47.46664
        ]
      },
      "properties": {
        "time": "133761"
      }
    },
    {
      "type": "Feature",
      "id": 903,
      "geometry": {
        "type": "Point",
        "coordinates": [
          40.464615,
          47.466545
        ]
      },
      "properties": {
        "time": "133762"
      }
    },
    {
      "type": "Feature",
      "id": 904,
      "geometry": {
        "type": "Point",
        "coordinates": [
          40.464931,
          47.466446
        ]
      },
      "properties": {
        "time": "133763"
      }
    },
    {
      "type": "Feature",
      "id": 905,
      "geometry": {
        "type": "Point",
        "coordinates": [
          40.465244,
          47.466343
        ]
      },
      "properties": {
        "time": "133764"
      }
    },
    {
      "type": "Feature",
      "id": 906,
      "geometry": {
        "type": "Point",
        "coordinates": [
          40.465542,
          47.466255
        ]
      },
      "properties": {
        "time": "133765"
      }
    },
    {
      "type": "Feature",
      "id": 907,
      "geometry": {
        "type": "Point",
        "coordinates": [
          40.465847,
          47.466156
        ]
      },
      "properties": {
        "time": "133766"
      }
    },
    {
      "type": "Feature",
      "id": 908,
      "geometry": {
        "type": "Point",
        "coordinates": [
          40.466164,
          47.466038
        ]
      },
      "properties": {
        "time": "133767"
      }
    },
    {
      "type": "Feature",
      "id": 909,
      "geometry": {
        "type": "Point",
        "coordinates": [
          40.466442,
          47.465912
        ]
      },
      "properties": {
        "time": "133768"
      }
    },
    {
      "type": "Feature",
      "id": 910,
      "geometry": {
        "type": "Point",
        "coordinates": [
          40.466736,
          47.46579
        ]
      },
      "properties": {
        "time": "133769"
      }
    },
    {
      "type": "Feature",
      "id": 911,
      "geometry": {
        "type": "Point",
        "coordinates": [
          40.467033,
          47.465675
        ]
      },
      "properties": {
        "time": "133770"
      }
    },
    {
      "type": "Feature",
      "id": 912,
      "geometry": {
        "type": "Point",
        "coordinates": [
          40.467346,
          47.465553
        ]
      },
      "properties": {
        "time": "133771"
      }
    },
    {
      "type": "Feature",
      "id": 913,
      "geometry": {
        "type": "Point",
        "coordinates": [
          40.467651,
          47.465443
        ]
      },
      "properties": {
        "time": "133772"
      }
    },
    {
      "type": "Feature",
      "id": 914,
      "geometry": {
        "type": "Point",
        "coordinates": [
          40.467934,
          47.465355
        ]
      },
      "properties": {
        "time": "133773"
      }
    },
    {
      "type": "Feature",
      "id": 915,
      "geometry": {
        "type": "Point",
        "coordinates": [
          40.468288,
          47.465202
        ]
      },
      "properties": {
        "time": "133774"
      }
    },
    {
      "type": "Feature",
      "id": 916,
      "geometry": {
        "type": "Point",
        "coordinates": [
          40.468571,
          47.465107
        ]
      },
      "properties": {
        "time": "133775"
      }
    },
    {
      "type": "Feature",
      "id": 917,
      "geometry": {
        "type": "Point",
        "coordinates": [
          40.46888,
          47.464993
        ]
      },
      "properties": {
        "time": "133776"
      }
    },
    {
      "type": "Feature",
      "id": 918,
      "geometry": {
        "type": "Point",
        "coordinates": [
          40.469204,
          47.464886
        ]
      },
      "properties": {
        "time": "133777"
      }
    },
    {
      "type": "Feature",
      "id": 919,
      "geometry": {
        "type": "Point",
        "coordinates": [
          40.469524,
          47.464787
        ]
      },
      "properties": {
        "time": "133778"
      }
    },
    {
      "type": "Feature",
      "id": 920,
      "geometry": {
        "type": "Point",
        "coordinates": [
          40.469837,
          47.464695
        ]
      },
      "properties": {
        "time": "133779"
      }
    },
    {
      "type": "Feature",
      "id": 921,
      "geometry": {
        "type": "Point",
        "coordinates": [
          40.470154,
          47.464619
        ]
      },
      "properties": {
        "time": "133780"
      }
    },
    {
      "type": "Feature",
      "id": 922,
      "geometry": {
        "type": "Point",
        "coordinates": [
          40.470459,
          47.464535
        ]
      },
      "properties": {
        "time": "133781"
      }
    },
    {
      "type": "Feature",
      "id": 923,
      "geometry": {
        "type": "Point",
        "coordinates": [
          40.470741,
          47.464478
        ]
      },
      "properties": {
        "time": "133782"
      }
    },
    {
      "type": "Feature",
      "id": 924,
      "geometry": {
        "type": "Point",
        "coordinates": [
          40.471088,
          47.464382
        ]
      },
      "properties": {
        "time": "133783"
      }
    },
    {
      "type": "Feature",
      "id": 925,
      "geometry": {
        "type": "Point",
        "coordinates": [
          40.47142,
          47.464272
        ]
      },
      "properties": {
        "time": "133784"
      }
    },
    {
      "type": "Feature",
      "id": 926,
      "geometry": {
        "type": "Point",
        "coordinates": [
          40.471748,
          47.464184
        ]
      },
      "properties": {
        "time": "133785"
      }
    },
    {
      "type": "Feature",
      "id": 927,
      "geometry": {
        "type": "Point",
        "coordinates": [
          40.472073,
          47.464104
        ]
      },
      "properties": {
        "time": "133786"
      }
    },
    {
      "type": "Feature",
      "id": 928,
      "geometry": {
        "type": "Point",
        "coordinates": [
          40.472385,
          47.464043
        ]
      },
      "properties": {
        "time": "133787"
      }
    },
    {
      "type": "Feature",
      "id": 929,
      "geometry": {
        "type": "Point",
        "coordinates": [
          40.472706,
          47.463978
        ]
      },
      "properties": {
        "time": "133788"
      }
    },
    {
      "type": "Feature",
      "id": 930,
      "geometry": {
        "type": "Point",
        "coordinates": [
          40.47303,
          47.463898
        ]
      },
      "properties": {
        "time": "133789"
      }
    },
    {
      "type": "Feature",
      "id": 931,
      "geometry": {
        "type": "Point",
        "coordinates": [
          40.473354,
          47.463802
        ]
      },
      "properties": {
        "time": "133790"
      }
    },
    {
      "type": "Feature",
      "id": 932,
      "geometry": {
        "type": "Point",
        "coordinates": [
          40.473675,
          47.463711
        ]
      },
      "properties": {
        "time": "133791"
      }
    },
    {
      "type": "Feature",
      "id": 933,
      "geometry": {
        "type": "Point",
        "coordinates": [
          40.473984,
          47.463615
        ]
      },
      "properties": {
        "time": "133792"
      }
    },
    {
      "type": "Feature",
      "id": 934,
      "geometry": {
        "type": "Point",
        "coordinates": [
          40.474293,
          47.463539
        ]
      },
      "properties": {
        "time": "133793"
      }
    },
    {
      "type": "Feature",
      "id": 935,
      "geometry": {
        "type": "Point",
        "coordinates": [
          40.474609,
          47.463432
        ]
      },
      "properties": {
        "time": "133794"
      }
    },
    {
      "type": "Feature",
      "id": 936,
      "geometry": {
        "type": "Point",
        "coordinates": [
          40.474911,
          47.463333
        ]
      },
      "properties": {
        "time": "133795"
      }
    },
    {
      "type": "Feature",
      "id": 937,
      "geometry": {
        "type": "Point",
        "coordinates": [
          40.475239,
          47.4632
        ]
      },
      "properties": {
        "time": "133796"
      }
    },
    {
      "type": "Feature",
      "id": 938,
      "geometry": {
        "type": "Point",
        "coordinates": [
          40.475559,
          47.463093
        ]
      },
      "properties": {
        "time": "133797"
      }
    },
    {
      "type": "Feature",
      "id": 939,
      "geometry": {
        "type": "Point",
        "coordinates": [
          40.475876,
          47.463009
        ]
      },
      "properties": {
        "time": "133798"
      }
    },
    {
      "type": "Feature",
      "id": 940,
      "geometry": {
        "type": "Point",
        "coordinates": [
          40.476185,
          47.46294
        ]
      },
      "properties": {
        "time": "133799"
      }
    },
    {
      "type": "Feature",
      "id": 941,
      "geometry": {
        "type": "Point",
        "coordinates": [
          40.476494,
          47.462852
        ]
      },
      "properties": {
        "time": "133800"
      }
    },
    {
      "type": "Feature",
      "id": 942,
      "geometry": {
        "type": "Point",
        "coordinates": [
          40.476814,
          47.462753
        ]
      },
      "properties": {
        "time": "133801"
      }
    },
    {
      "type": "Feature",
      "id": 943,
      "geometry": {
        "type": "Point",
        "coordinates": [
          40.477161,
          47.462662
        ]
      },
      "properties": {
        "time": "133802"
      }
    },
    {
      "type": "Feature",
      "id": 944,
      "geometry": {
        "type": "Point",
        "coordinates": [
          40.477478,
          47.462563
        ]
      },
      "properties": {
        "time": "133803"
      }
    },
    {
      "type": "Feature",
      "id": 945,
      "geometry": {
        "type": "Point",
        "coordinates": [
          40.477806,
          47.462456
        ]
      },
      "properties": {
        "time": "133804"
      }
    },
    {
      "type": "Feature",
      "id": 946,
      "geometry": {
        "type": "Point",
        "coordinates": [
          40.478138,
          47.462357
        ]
      },
      "properties": {
        "time": "133805"
      }
    },
    {
      "type": "Feature",
      "id": 947,
      "geometry": {
        "type": "Point",
        "coordinates": [
          40.478493,
          47.462254
        ]
      },
      "properties": {
        "time": "133806"
      }
    },
    {
      "type": "Feature",
      "id": 948,
      "geometry": {
        "type": "Point",
        "coordinates": [
          40.47884,
          47.462173
        ]
      },
      "properties": {
        "time": "133807"
      }
    },
    {
      "type": "Feature",
      "id": 949,
      "geometry": {
        "type": "Point",
        "coordinates": [
          40.479176,
          47.462116
        ]
      },
      "properties": {
        "time": "133808"
      }
    },
    {
      "type": "Feature",
      "id": 950,
      "geometry": {
        "type": "Point",
        "coordinates": [
          40.479504,
          47.46207
        ]
      },
      "properties": {
        "time": "133809"
      }
    },
    {
      "type": "Feature",
      "id": 951,
      "geometry": {
        "type": "Point",
        "coordinates": [
          40.479824,
          47.462044
        ]
      },
      "properties": {
        "time": "133810"
      }
    },
    {
      "type": "Feature",
      "id": 952,
      "geometry": {
        "type": "Point",
        "coordinates": [
          40.480137,
          47.462006
        ]
      },
      "properties": {
        "time": "133811"
      }
    },
    {
      "type": "Feature",
      "id": 953,
      "geometry": {
        "type": "Point",
        "coordinates": [
          40.480473,
          47.461956
        ]
      },
      "properties": {
        "time": "133812"
      }
    },
    {
      "type": "Feature",
      "id": 954,
      "geometry": {
        "type": "Point",
        "coordinates": [
          40.480816,
          47.46191
        ]
      },
      "properties": {
        "time": "133813"
      }
    },
    {
      "type": "Feature",
      "id": 955,
      "geometry": {
        "type": "Point",
        "coordinates": [
          40.481159,
          47.461861
        ]
      },
      "properties": {
        "time": "133814"
      }
    },
    {
      "type": "Feature",
      "id": 956,
      "geometry": {
        "type": "Point",
        "coordinates": [
          40.481503,
          47.461811
        ]
      },
      "properties": {
        "time": "133815"
      }
    },
    {
      "type": "Feature",
      "id": 957,
      "geometry": {
        "type": "Point",
        "coordinates": [
          40.481846,
          47.46175
        ]
      },
      "properties": {
        "time": "133816"
      }
    },
    {
      "type": "Feature",
      "id": 958,
      "geometry": {
        "type": "Point",
        "coordinates": [
          40.482189,
          47.461697
        ]
      },
      "properties": {
        "time": "133817"
      }
    },
    {
      "type": "Feature",
      "id": 959,
      "geometry": {
        "type": "Point",
        "coordinates": [
          40.482525,
          47.461636
        ]
      },
      "properties": {
        "time": "133818"
      }
    },
    {
      "type": "Feature",
      "id": 960,
      "geometry": {
        "type": "Point",
        "coordinates": [
          40.482853,
          47.461578
        ]
      },
      "properties": {
        "time": "133819"
      }
    },
    {
      "type": "Feature",
      "id": 961,
      "geometry": {
        "type": "Point",
        "coordinates": [
          40.483208,
          47.461514
        ]
      },
      "properties": {
        "time": "133820"
      }
    },
    {
      "type": "Feature",
      "id": 962,
      "geometry": {
        "type": "Point",
        "coordinates": [
          40.48357,
          47.461433
        ]
      },
      "properties": {
        "time": "133821"
      }
    },
    {
      "type": "Feature",
      "id": 963,
      "geometry": {
        "type": "Point",
        "coordinates": [
          40.48394,
          47.461384
        ]
      },
      "properties": {
        "time": "133822"
      }
    },
    {
      "type": "Feature",
      "id": 964,
      "geometry": {
        "type": "Point",
        "coordinates": [
          40.484295,
          47.461327
        ]
      },
      "properties": {
        "time": "133823"
      }
    },
    {
      "type": "Feature",
      "id": 965,
      "geometry": {
        "type": "Point",
        "coordinates": [
          40.484638,
          47.461266
        ]
      },
      "properties": {
        "time": "133824"
      }
    },
    {
      "type": "Feature",
      "id": 966,
      "geometry": {
        "type": "Point",
        "coordinates": [
          40.48497,
          47.461197
        ]
      },
      "properties": {
        "time": "133825"
      }
    },
    {
      "type": "Feature",
      "id": 967,
      "geometry": {
        "type": "Point",
        "coordinates": [
          40.485306,
          47.461128
        ]
      },
      "properties": {
        "time": "133826"
      }
    },
    {
      "type": "Feature",
      "id": 968,
      "geometry": {
        "type": "Point",
        "coordinates": [
          40.485638,
          47.46106
        ]
      },
      "properties": {
        "time": "133827"
      }
    },
    {
      "type": "Feature",
      "id": 969,
      "geometry": {
        "type": "Point",
        "coordinates": [
          40.48597,
          47.460987
        ]
      },
      "properties": {
        "time": "133828"
      }
    },
    {
      "type": "Feature",
      "id": 970,
      "geometry": {
        "type": "Point",
        "coordinates": [
          40.486298,
          47.460915
        ]
      },
      "properties": {
        "time": "133829"
      }
    },
    {
      "type": "Feature",
      "id": 971,
      "geometry": {
        "type": "Point",
        "coordinates": [
          40.486641,
          47.460846
        ]
      },
      "properties": {
        "time": "133830"
      }
    },
    {
      "type": "Feature",
      "id": 972,
      "geometry": {
        "type": "Point",
        "coordinates": [
          40.486992,
          47.460762
        ]
      },
      "properties": {
        "time": "133831"
      }
    },
    {
      "type": "Feature",
      "id": 973,
      "geometry": {
        "type": "Point",
        "coordinates": [
          40.487324,
          47.460682
        ]
      },
      "properties": {
        "time": "133832"
      }
    },
    {
      "type": "Feature",
      "id": 974,
      "geometry": {
        "type": "Point",
        "coordinates": [
          40.487652,
          47.460609
        ]
      },
      "properties": {
        "time": "133833"
      }
    },
    {
      "type": "Feature",
      "id": 975,
      "geometry": {
        "type": "Point",
        "coordinates": [
          40.487991,
          47.460541
        ]
      },
      "properties": {
        "time": "133834"
      }
    },
    {
      "type": "Feature",
      "id": 976,
      "geometry": {
        "type": "Point",
        "coordinates": [
          40.488327,
          47.460487
        ]
      },
      "properties": {
        "time": "133835"
      }
    },
    {
      "type": "Feature",
      "id": 977,
      "geometry": {
        "type": "Point",
        "coordinates": [
          40.488674,
          47.460442
        ]
      },
      "properties": {
        "time": "133836"
      }
    },
    {
      "type": "Feature",
      "id": 978,
      "geometry": {
        "type": "Point",
        "coordinates": [
          40.489021,
          47.460396
        ]
      },
      "properties": {
        "time": "133837"
      }
    },
    {
      "type": "Feature",
      "id": 979,
      "geometry": {
        "type": "Point",
        "coordinates": [
          40.489361,
          47.460342
        ]
      },
      "properties": {
        "time": "133838"
      }
    },
    {
      "type": "Feature",
      "id": 980,
      "geometry": {
        "type": "Point",
        "coordinates": [
          40.489708,
          47.460312
        ]
      },
      "properties": {
        "time": "133839"
      }
    },
    {
      "type": "Feature",
      "id": 981,
      "geometry": {
        "type": "Point",
        "coordinates": [
          40.490055,
          47.460312
        ]
      },
      "properties": {
        "time": "133840"
      }
    },
    {
      "type": "Feature",
      "id": 982,
      "geometry": {
        "type": "Point",
        "coordinates": [
          40.490398,
          47.46032
        ]
      },
      "properties": {
        "time": "133841"
      }
    },
    {
      "type": "Feature",
      "id": 983,
      "geometry": {
        "type": "Point",
        "coordinates": [
          40.490738,
          47.460335
        ]
      },
      "properties": {
        "time": "133842"
      }
    },
    {
      "type": "Feature",
      "id": 984,
      "geometry": {
        "type": "Point",
        "coordinates": [
          40.491077,
          47.46035
        ]
      },
      "properties": {
        "time": "133843"
      }
    },
    {
      "type": "Feature",
      "id": 985,
      "geometry": {
        "type": "Point",
        "coordinates": [
          40.49144,
          47.460361
        ]
      },
      "properties": {
        "time": "133844"
      }
    },
    {
      "type": "Feature",
      "id": 986,
      "geometry": {
        "type": "Point",
        "coordinates": [
          40.491795,
          47.460388
        ]
      },
      "properties": {
        "time": "133845"
      }
    },
    {
      "type": "Feature",
      "id": 987,
      "geometry": {
        "type": "Point",
        "coordinates": [
          40.492146,
          47.460411
        ]
      },
      "properties": {
        "time": "133846"
      }
    },
    {
      "type": "Feature",
      "id": 988,
      "geometry": {
        "type": "Point",
        "coordinates": [
          40.492485,
          47.46043
        ]
      },
      "properties": {
        "time": "133847"
      }
    },
    {
      "type": "Feature",
      "id": 989,
      "geometry": {
        "type": "Point",
        "coordinates": [
          40.492828,
          47.460438
        ]
      },
      "properties": {
        "time": "133848"
      }
    },
    {
      "type": "Feature",
      "id": 990,
      "geometry": {
        "type": "Point",
        "coordinates": [
          40.493176,
          47.460438
        ]
      },
      "properties": {
        "time": "133849"
      }
    },
    {
      "type": "Feature",
      "id": 991,
      "geometry": {
        "type": "Point",
        "coordinates": [
          40.493515,
          47.460453
        ]
      },
      "properties": {
        "time": "133850"
      }
    },
    {
      "type": "Feature",
      "id": 992,
      "geometry": {
        "type": "Point",
        "coordinates": [
          40.493855,
          47.460472
        ]
      },
      "properties": {
        "time": "133851"
      }
    },
    {
      "type": "Feature",
      "id": 993,
      "geometry": {
        "type": "Point",
        "coordinates": [
          40.49419,
          47.460503
        ]
      },
      "properties": {
        "time": "133852"
      }
    },
    {
      "type": "Feature",
      "id": 994,
      "geometry": {
        "type": "Point",
        "coordinates": [
          40.494541,
          47.460533
        ]
      },
      "properties": {
        "time": "133853"
      }
    },
    {
      "type": "Feature",
      "id": 995,
      "geometry": {
        "type": "Point",
        "coordinates": [
          40.494892,
          47.46056
        ]
      },
      "properties": {
        "time": "133854"
      }
    },
    {
      "type": "Feature",
      "id": 996,
      "geometry": {
        "type": "Point",
        "coordinates": [
          40.495247,
          47.460602
        ]
      },
      "properties": {
        "time": "133855"
      }
    },
    {
      "type": "Feature",
      "id": 997,
      "geometry": {
        "type": "Point",
        "coordinates": [
          40.495602,
          47.460583
        ]
      },
      "properties": {
        "time": "133856"
      }
    },
    {
      "type": "Feature",
      "id": 998,
      "geometry": {
        "type": "Point",
        "coordinates": [
          40.495964,
          47.460575
        ]
      },
      "properties": {
        "time": "133857"
      }
    },
    {
      "type": "Feature",
      "id": 999,
      "geometry": {
        "type": "Point",
        "coordinates": [
          40.496315,
          47.460594
        ]
      },
      "properties": {
        "time": "133858"
      }
    },
    {
      "type": "Feature",
      "id": 1000,
      "geometry": {
        "type": "Point",
        "coordinates": [
          40.496655,
          47.460621
        ]
      },
      "properties": {
        "time": "133859"
      }
    },
    {
      "type": "Feature",
      "id": 1001,
      "geometry": {
        "type": "Point",
        "coordinates": [
          40.49699,
          47.460648
        ]
      },
      "properties": {
        "time": "133860"
      }
    },
    {
      "type": "Feature",
      "id": 1002,
      "geometry": {
        "type": "Point",
        "coordinates": [
          40.497326,
          47.460678
        ]
      },
      "properties": {
        "time": "133861"
      }
    },
    {
      "type": "Feature",
      "id": 1003,
      "geometry": {
        "type": "Point",
        "coordinates": [
          40.497665,
          47.460697
        ]
      },
      "properties": {
        "time": "133862"
      }
    },
    {
      "type": "Feature",
      "id": 1004,
      "geometry": {
        "type": "Point",
        "coordinates": [
          40.498013,
          47.460712
        ]
      },
      "properties": {
        "time": "133863"
      }
    },
    {
      "type": "Feature",
      "id": 1005,
      "geometry": {
        "type": "Point",
        "coordinates": [
          40.498363,
          47.460709
        ]
      },
      "properties": {
        "time": "133864"
      }
    },
    {
      "type": "Feature",
      "id": 1006,
      "geometry": {
        "type": "Point",
        "coordinates": [
          40.498722,
          47.460709
        ]
      },
      "properties": {
        "time": "133865"
      }
    },
    {
      "type": "Feature",
      "id": 1007,
      "geometry": {
        "type": "Point",
        "coordinates": [
          40.499077,
          47.460716
        ]
      },
      "properties": {
        "time": "133866"
      }
    },
    {
      "type": "Feature",
      "id": 1008,
      "geometry": {
        "type": "Point",
        "coordinates": [
          40.499424,
          47.46072
        ]
      },
      "properties": {
        "time": "133867"
      }
    },
    {
      "type": "Feature",
      "id": 1009,
      "geometry": {
        "type": "Point",
        "coordinates": [
          40.499783,
          47.460724
        ]
      },
      "properties": {
        "time": "133868"
      }
    },
    {
      "type": "Feature",
      "id": 1010,
      "geometry": {
        "type": "Point",
        "coordinates": [
          40.500134,
          47.460724
        ]
      },
      "properties": {
        "time": "133869"
      }
    },
    {
      "type": "Feature",
      "id": 1011,
      "geometry": {
        "type": "Point",
        "coordinates": [
          40.500488,
          47.460728
        ]
      },
      "properties": {
        "time": "133870"
      }
    },
    {
      "type": "Feature",
      "id": 1012,
      "geometry": {
        "type": "Point",
        "coordinates": [
          40.500839,
          47.460732
        ]
      },
      "properties": {
        "time": "133871"
      }
    },
    {
      "type": "Feature",
      "id": 1013,
      "geometry": {
        "type": "Point",
        "coordinates": [
          40.501198,
          47.460735
        ]
      },
      "properties": {
        "time": "133872"
      }
    },
    {
      "type": "Feature",
      "id": 1014,
      "geometry": {
        "type": "Point",
        "coordinates": [
          40.501564,
          47.46072
        ]
      },
      "properties": {
        "time": "133873"
      }
    },
    {
      "type": "Feature",
      "id": 1015,
      "geometry": {
        "type": "Point",
        "coordinates": [
          40.501919,
          47.460712
        ]
      },
      "properties": {
        "time": "133874"
      }
    },
    {
      "type": "Feature",
      "id": 1016,
      "geometry": {
        "type": "Point",
        "coordinates": [
          40.502281,
          47.460705
        ]
      },
      "properties": {
        "time": "133875"
      }
    },
    {
      "type": "Feature",
      "id": 1017,
      "geometry": {
        "type": "Point",
        "coordinates": [
          40.502632,
          47.460701
        ]
      },
      "properties": {
        "time": "133876"
      }
    },
    {
      "type": "Feature",
      "id": 1018,
      "geometry": {
        "type": "Point",
        "coordinates": [
          40.502979,
          47.460712
        ]
      },
      "properties": {
        "time": "133877"
      }
    },
    {
      "type": "Feature",
      "id": 1019,
      "geometry": {
        "type": "Point",
        "coordinates": [
          40.503338,
          47.460709
        ]
      },
      "properties": {
        "time": "133878"
      }
    },
    {
      "type": "Feature",
      "id": 1020,
      "geometry": {
        "type": "Point",
        "coordinates": [
          40.503658,
          47.460754
        ]
      },
      "properties": {
        "time": "133879"
      }
    },
    {
      "type": "Feature",
      "id": 1021,
      "geometry": {
        "type": "Point",
        "coordinates": [
          40.504021,
          47.460747
        ]
      },
      "properties": {
        "time": "133880"
      }
    },
    {
      "type": "Feature",
      "id": 1022,
      "geometry": {
        "type": "Point",
        "coordinates": [
          40.504379,
          47.460754
        ]
      },
      "properties": {
        "time": "133881"
      }
    },
    {
      "type": "Feature",
      "id": 1023,
      "geometry": {
        "type": "Point",
        "coordinates": [
          40.504726,
          47.460781
        ]
      },
      "properties": {
        "time": "133882"
      }
    },
    {
      "type": "Feature",
      "id": 1024,
      "geometry": {
        "type": "Point",
        "coordinates": [
          40.505074,
          47.460812
        ]
      },
      "properties": {
        "time": "133883"
      }
    },
    {
      "type": "Feature",
      "id": 1025,
      "geometry": {
        "type": "Point",
        "coordinates": [
          40.505424,
          47.460846
        ]
      },
      "properties": {
        "time": "133884"
      }
    },
    {
      "type": "Feature",
      "id": 1026,
      "geometry": {
        "type": "Point",
        "coordinates": [
          40.505775,
          47.46088
        ]
      },
      "properties": {
        "time": "133885"
      }
    },
    {
      "type": "Feature",
      "id": 1027,
      "geometry": {
        "type": "Point",
        "coordinates": [
          40.506123,
          47.460907
        ]
      },
      "properties": {
        "time": "133886"
      }
    },
    {
      "type": "Feature",
      "id": 1028,
      "geometry": {
        "type": "Point",
        "coordinates": [
          40.506477,
          47.46093
        ]
      },
      "properties": {
        "time": "133887"
      }
    },
    {
      "type": "Feature",
      "id": 1029,
      "geometry": {
        "type": "Point",
        "coordinates": [
          40.506824,
          47.460949
        ]
      },
      "properties": {
        "time": "133888"
      }
    },
    {
      "type": "Feature",
      "id": 1030,
      "geometry": {
        "type": "Point",
        "coordinates": [
          40.50716,
          47.460972
        ]
      },
      "properties": {
        "time": "133889"
      }
    },
    {
      "type": "Feature",
      "id": 1031,
      "geometry": {
        "type": "Point",
        "coordinates": [
          40.507504,
          47.460995
        ]
      },
      "properties": {
        "time": "133890"
      }
    },
    {
      "type": "Feature",
      "id": 1032,
      "geometry": {
        "type": "Point",
        "coordinates": [
          40.507839,
          47.461025
        ]
      },
      "properties": {
        "time": "133891"
      }
    },
    {
      "type": "Feature",
      "id": 1033,
      "geometry": {
        "type": "Point",
        "coordinates": [
          40.508171,
          47.461052
        ]
      },
      "properties": {
        "time": "133892"
      }
    },
    {
      "type": "Feature",
      "id": 1034,
      "geometry": {
        "type": "Point",
        "coordinates": [
          40.508499,
          47.461067
        ]
      },
      "properties": {
        "time": "133893"
      }
    },
    {
      "type": "Feature",
      "id": 1035,
      "geometry": {
        "type": "Point",
        "coordinates": [
          40.50882,
          47.461082
        ]
      },
      "properties": {
        "time": "133894"
      }
    },
    {
      "type": "Feature",
      "id": 1036,
      "geometry": {
        "type": "Point",
        "coordinates": [
          40.50914,
          47.461082
        ]
      },
      "properties": {
        "time": "133895"
      }
    },
    {
      "type": "Feature",
      "id": 1037,
      "geometry": {
        "type": "Point",
        "coordinates": [
          40.509422,
          47.461086
        ]
      },
      "properties": {
        "time": "133896"
      }
    },
    {
      "type": "Feature",
      "id": 1038,
      "geometry": {
        "type": "Point",
        "coordinates": [
          40.509735,
          47.461052
        ]
      },
      "properties": {
        "time": "133897"
      }
    },
    {
      "type": "Feature",
      "id": 1039,
      "geometry": {
        "type": "Point",
        "coordinates": [
          40.510063,
          47.461029
        ]
      },
      "properties": {
        "time": "133898"
      }
    },
    {
      "type": "Feature",
      "id": 1040,
      "geometry": {
        "type": "Point",
        "coordinates": [
          40.510376,
          47.461021
        ]
      },
      "properties": {
        "time": "133899"
      }
    },
    {
      "type": "Feature",
      "id": 1041,
      "geometry": {
        "type": "Point",
        "coordinates": [
          40.510689,
          47.461029
        ]
      },
      "properties": {
        "time": "133900"
      }
    },
    {
      "type": "Feature",
      "id": 1042,
      "geometry": {
        "type": "Point",
        "coordinates": [
          40.510986,
          47.461063
        ]
      },
      "properties": {
        "time": "133901"
      }
    },
    {
      "type": "Feature",
      "id": 1043,
      "geometry": {
        "type": "Point",
        "coordinates": [
          40.51128,
          47.461094
        ]
      },
      "properties": {
        "time": "133902"
      }
    },
    {
      "type": "Feature",
      "id": 1044,
      "geometry": {
        "type": "Point",
        "coordinates": [
          40.51157,
          47.461128
        ]
      },
      "properties": {
        "time": "133903"
      }
    },
    {
      "type": "Feature",
      "id": 1045,
      "geometry": {
        "type": "Point",
        "coordinates": [
          40.511879,
          47.461151
        ]
      },
      "properties": {
        "time": "133904"
      }
    },
    {
      "type": "Feature",
      "id": 1046,
      "geometry": {
        "type": "Point",
        "coordinates": [
          40.512165,
          47.461193
        ]
      },
      "properties": {
        "time": "133905"
      }
    },
    {
      "type": "Feature",
      "id": 1047,
      "geometry": {
        "type": "Point",
        "coordinates": [
          40.512432,
          47.461254
        ]
      },
      "properties": {
        "time": "133906"
      }
    },
    {
      "type": "Feature",
      "id": 1048,
      "geometry": {
        "type": "Point",
        "coordinates": [
          40.51268,
          47.461334
        ]
      },
      "properties": {
        "time": "133907"
      }
    },
    {
      "type": "Feature",
      "id": 1049,
      "geometry": {
        "type": "Point",
        "coordinates": [
          40.512924,
          47.461418
        ]
      },
      "properties": {
        "time": "133908"
      }
    },
    {
      "type": "Feature",
      "id": 1050,
      "geometry": {
        "type": "Point",
        "coordinates": [
          40.513195,
          47.461479
        ]
      },
      "properties": {
        "time": "133909"
      }
    },
    {
      "type": "Feature",
      "id": 1051,
      "geometry": {
        "type": "Point",
        "coordinates": [
          40.513466,
          47.461525
        ]
      },
      "properties": {
        "time": "133910"
      }
    },
    {
      "type": "Feature",
      "id": 1052,
      "geometry": {
        "type": "Point",
        "coordinates": [
          40.513737,
          47.461597
        ]
      },
      "properties": {
        "time": "133911"
      }
    },
    {
      "type": "Feature",
      "id": 1053,
      "geometry": {
        "type": "Point",
        "coordinates": [
          40.513992,
          47.461689
        ]
      },
      "properties": {
        "time": "133912"
      }
    },
    {
      "type": "Feature",
      "id": 1054,
      "geometry": {
        "type": "Point",
        "coordinates": [
          40.514229,
          47.461773
        ]
      },
      "properties": {
        "time": "133913"
      }
    },
    {
      "type": "Feature",
      "id": 1055,
      "geometry": {
        "type": "Point",
        "coordinates": [
          40.514435,
          47.461891
        ]
      },
      "properties": {
        "time": "133914"
      }
    },
    {
      "type": "Feature",
      "id": 1056,
      "geometry": {
        "type": "Point",
        "coordinates": [
          40.51466,
          47.462006
        ]
      },
      "properties": {
        "time": "133915"
      }
    },
    {
      "type": "Feature",
      "id": 1057,
      "geometry": {
        "type": "Point",
        "coordinates": [
          40.514885,
          47.462128
        ]
      },
      "properties": {
        "time": "133916"
      }
    },
    {
      "type": "Feature",
      "id": 1058,
      "geometry": {
        "type": "Point",
        "coordinates": [
          40.51511,
          47.462246
        ]
      },
      "properties": {
        "time": "133917"
      }
    },
    {
      "type": "Feature",
      "id": 1059,
      "geometry": {
        "type": "Point",
        "coordinates": [
          40.515327,
          47.462368
        ]
      },
      "properties": {
        "time": "133918"
      }
    },
    {
      "type": "Feature",
      "id": 1060,
      "geometry": {
        "type": "Point",
        "coordinates": [
          40.515545,
          47.462486
        ]
      },
      "properties": {
        "time": "133919"
      }
    },
    {
      "type": "Feature",
      "id": 1061,
      "geometry": {
        "type": "Point",
        "coordinates": [
          40.515781,
          47.462601
        ]
      },
      "properties": {
        "time": "133920"
      }
    },
    {
      "type": "Feature",
      "id": 1062,
      "geometry": {
        "type": "Point",
        "coordinates": [
          40.516022,
          47.462711
        ]
      },
      "properties": {
        "time": "133921"
      }
    },
    {
      "type": "Feature",
      "id": 1063,
      "geometry": {
        "type": "Point",
        "coordinates": [
          40.516266,
          47.462818
        ]
      },
      "properties": {
        "time": "133922"
      }
    },
    {
      "type": "Feature",
      "id": 1064,
      "geometry": {
        "type": "Point",
        "coordinates": [
          40.51651,
          47.462925
        ]
      },
      "properties": {
        "time": "133923"
      }
    },
    {
      "type": "Feature",
      "id": 1065,
      "geometry": {
        "type": "Point",
        "coordinates": [
          40.516747,
          47.463043
        ]
      },
      "properties": {
        "time": "133924"
      }
    },
    {
      "type": "Feature",
      "id": 1066,
      "geometry": {
        "type": "Point",
        "coordinates": [
          40.516987,
          47.463161
        ]
      },
      "properties": {
        "time": "133925"
      }
    },
    {
      "type": "Feature",
      "id": 1067,
      "geometry": {
        "type": "Point",
        "coordinates": [
          40.517231,
          47.46328
        ]
      },
      "properties": {
        "time": "133926"
      }
    },
    {
      "type": "Feature",
      "id": 1068,
      "geometry": {
        "type": "Point",
        "coordinates": [
          40.517479,
          47.463402
        ]
      },
      "properties": {
        "time": "133927"
      }
    },
    {
      "type": "Feature",
      "id": 1069,
      "geometry": {
        "type": "Point",
        "coordinates": [
          40.517735,
          47.463528
        ]
      },
      "properties": {
        "time": "133928"
      }
    },
    {
      "type": "Feature",
      "id": 1070,
      "geometry": {
        "type": "Point",
        "coordinates": [
          40.51799,
          47.46365
        ]
      },
      "properties": {
        "time": "133929"
      }
    },
    {
      "type": "Feature",
      "id": 1071,
      "geometry": {
        "type": "Point",
        "coordinates": [
          40.518253,
          47.463772
        ]
      },
      "properties": {
        "time": "133930"
      }
    },
    {
      "type": "Feature",
      "id": 1072,
      "geometry": {
        "type": "Point",
        "coordinates": [
          40.518517,
          47.463902
        ]
      },
      "properties": {
        "time": "133931"
      }
    },
    {
      "type": "Feature",
      "id": 1073,
      "geometry": {
        "type": "Point",
        "coordinates": [
          40.518791,
          47.46402
        ]
      },
      "properties": {
        "time": "133932"
      }
    },
    {
      "type": "Feature",
      "id": 1074,
      "geometry": {
        "type": "Point",
        "coordinates": [
          40.519062,
          47.464149
        ]
      },
      "properties": {
        "time": "133933"
      }
    },
    {
      "type": "Feature",
      "id": 1075,
      "geometry": {
        "type": "Point",
        "coordinates": [
          40.519341,
          47.464283
        ]
      },
      "properties": {
        "time": "133934"
      }
    },
    {
      "type": "Feature",
      "id": 1076,
      "geometry": {
        "type": "Point",
        "coordinates": [
          40.519615,
          47.464424
        ]
      },
      "properties": {
        "time": "133935"
      }
    },
    {
      "type": "Feature",
      "id": 1077,
      "geometry": {
        "type": "Point",
        "coordinates": [
          40.51989,
          47.464565
        ]
      },
      "properties": {
        "time": "133936"
      }
    },
    {
      "type": "Feature",
      "id": 1078,
      "geometry": {
        "type": "Point",
        "coordinates": [
          40.520168,
          47.464703
        ]
      },
      "properties": {
        "time": "133937"
      }
    },
    {
      "type": "Feature",
      "id": 1079,
      "geometry": {
        "type": "Point",
        "coordinates": [
          40.520458,
          47.464828
        ]
      },
      "properties": {
        "time": "133938"
      }
    },
    {
      "type": "Feature",
      "id": 1080,
      "geometry": {
        "type": "Point",
        "coordinates": [
          40.520752,
          47.464951
        ]
      },
      "properties": {
        "time": "133939"
      }
    },
    {
      "type": "Feature",
      "id": 1081,
      "geometry": {
        "type": "Point",
        "coordinates": [
          40.521042,
          47.465076
        ]
      },
      "properties": {
        "time": "133940"
      }
    },
    {
      "type": "Feature",
      "id": 1082,
      "geometry": {
        "type": "Point",
        "coordinates": [
          40.521328,
          47.465218
        ]
      },
      "properties": {
        "time": "133941"
      }
    },
    {
      "type": "Feature",
      "id": 1083,
      "geometry": {
        "type": "Point",
        "coordinates": [
          40.521606,
          47.465366
        ]
      },
      "properties": {
        "time": "133942"
      }
    },
    {
      "type": "Feature",
      "id": 1084,
      "geometry": {
        "type": "Point",
        "coordinates": [
          40.521877,
          47.465515
        ]
      },
      "properties": {
        "time": "133943"
      }
    },
    {
      "type": "Feature",
      "id": 1085,
      "geometry": {
        "type": "Point",
        "coordinates": [
          40.522129,
          47.465675
        ]
      },
      "properties": {
        "time": "133944"
      }
    },
    {
      "type": "Feature",
      "id": 1086,
      "geometry": {
        "type": "Point",
        "coordinates": [
          40.522369,
          47.465843
        ]
      },
      "properties": {
        "time": "133945"
      }
    },
    {
      "type": "Feature",
      "id": 1087,
      "geometry": {
        "type": "Point",
        "coordinates": [
          40.522621,
          47.466003
        ]
      },
      "properties": {
        "time": "133946"
      }
    },
    {
      "type": "Feature",
      "id": 1088,
      "geometry": {
        "type": "Point",
        "coordinates": [
          40.522865,
          47.466167
        ]
      },
      "properties": {
        "time": "133947"
      }
    },
    {
      "type": "Feature",
      "id": 1089,
      "geometry": {
        "type": "Point",
        "coordinates": [
          40.523087,
          47.466343
        ]
      },
      "properties": {
        "time": "133948"
      }
    },
    {
      "type": "Feature",
      "id": 1090,
      "geometry": {
        "type": "Point",
        "coordinates": [
          40.523258,
          47.46653
        ]
      },
      "properties": {
        "time": "133949"
      }
    },
    {
      "type": "Feature",
      "id": 1091,
      "geometry": {
        "type": "Point",
        "coordinates": [
          40.52343,
          47.466728
        ]
      },
      "properties": {
        "time": "133950"
      }
    },
    {
      "type": "Feature",
      "id": 1092,
      "geometry": {
        "type": "Point",
        "coordinates": [
          40.523586,
          47.46693
        ]
      },
      "properties": {
        "time": "133951"
      }
    },
    {
      "type": "Feature",
      "id": 1093,
      "geometry": {
        "type": "Point",
        "coordinates": [
          40.523735,
          47.467136
        ]
      },
      "properties": {
        "time": "133952"
      }
    },
    {
      "type": "Feature",
      "id": 1094,
      "geometry": {
        "type": "Point",
        "coordinates": [
          40.523876,
          47.467339
        ]
      },
      "properties": {
        "time": "133953"
      }
    },
    {
      "type": "Feature",
      "id": 1095,
      "geometry": {
        "type": "Point",
        "coordinates": [
          40.524033,
          47.467541
        ]
      },
      "properties": {
        "time": "133954"
      }
    },
    {
      "type": "Feature",
      "id": 1096,
      "geometry": {
        "type": "Point",
        "coordinates": [
          40.524197,
          47.467777
        ]
      },
      "properties": {
        "time": "133955"
      }
    },
    {
      "type": "Feature",
      "id": 1097,
      "geometry": {
        "type": "Point",
        "coordinates": [
          40.524319,
          47.467991
        ]
      },
      "properties": {
        "time": "133956"
      }
    },
    {
      "type": "Feature",
      "id": 1098,
      "geometry": {
        "type": "Point",
        "coordinates": [
          40.524445,
          47.468208
        ]
      },
      "properties": {
        "time": "133957"
      }
    },
    {
      "type": "Feature",
      "id": 1099,
      "geometry": {
        "type": "Point",
        "coordinates": [
          40.524551,
          47.468437
        ]
      },
      "properties": {
        "time": "133958"
      }
    },
    {
      "type": "Feature",
      "id": 1100,
      "geometry": {
        "type": "Point",
        "coordinates": [
          40.524662,
          47.468666
        ]
      },
      "properties": {
        "time": "133959"
      }
    },
    {
      "type": "Feature",
      "id": 1101,
      "geometry": {
        "type": "Point",
        "coordinates": [
          40.524769,
          47.468887
        ]
      },
      "properties": {
        "time": "133960"
      }
    },
    {
      "type": "Feature",
      "id": 1102,
      "geometry": {
        "type": "Point",
        "coordinates": [
          40.524872,
          47.469097
        ]
      },
      "properties": {
        "time": "133961"
      }
    },
    {
      "type": "Feature",
      "id": 1103,
      "geometry": {
        "type": "Point",
        "coordinates": [
          40.524979,
          47.469315
        ]
      },
      "properties": {
        "time": "133962"
      }
    },
    {
      "type": "Feature",
      "id": 1104,
      "geometry": {
        "type": "Point",
        "coordinates": [
          40.525082,
          47.469536
        ]
      },
      "properties": {
        "time": "133963"
      }
    },
    {
      "type": "Feature",
      "id": 1105,
      "geometry": {
        "type": "Point",
        "coordinates": [
          40.525181,
          47.469753
        ]
      },
      "properties": {
        "time": "133964"
      }
    },
    {
      "type": "Feature",
      "id": 1106,
      "geometry": {
        "type": "Point",
        "coordinates": [
          40.525295,
          47.469975
        ]
      },
      "properties": {
        "time": "133965"
      }
    },
    {
      "type": "Feature",
      "id": 1107,
      "geometry": {
        "type": "Point",
        "coordinates": [
          40.525414,
          47.470184
        ]
      },
      "properties": {
        "time": "133966"
      }
    },
    {
      "type": "Feature",
      "id": 1108,
      "geometry": {
        "type": "Point",
        "coordinates": [
          40.525494,
          47.470398
        ]
      },
      "properties": {
        "time": "133967"
      }
    },
    {
      "type": "Feature",
      "id": 1109,
      "geometry": {
        "type": "Point",
        "coordinates": [
          40.525604,
          47.470627
        ]
      },
      "properties": {
        "time": "133968"
      }
    },
    {
      "type": "Feature",
      "id": 1110,
      "geometry": {
        "type": "Point",
        "coordinates": [
          40.525742,
          47.470852
        ]
      },
      "properties": {
        "time": "133969"
      }
    },
    {
      "type": "Feature",
      "id": 1111,
      "geometry": {
        "type": "Point",
        "coordinates": [
          40.525871,
          47.471073
        ]
      },
      "properties": {
        "time": "133970"
      }
    },
    {
      "type": "Feature",
      "id": 1112,
      "geometry": {
        "type": "Point",
        "coordinates": [
          40.525997,
          47.471298
        ]
      },
      "properties": {
        "time": "133971"
      }
    },
    {
      "type": "Feature",
      "id": 1113,
      "geometry": {
        "type": "Point",
        "coordinates": [
          40.526127,
          47.471535
        ]
      },
      "properties": {
        "time": "133972"
      }
    },
    {
      "type": "Feature",
      "id": 1114,
      "geometry": {
        "type": "Point",
        "coordinates": [
          40.526264,
          47.471767
        ]
      },
      "properties": {
        "time": "133973"
      }
    },
    {
      "type": "Feature",
      "id": 1115,
      "geometry": {
        "type": "Point",
        "coordinates": [
          40.52639,
          47.471992
        ]
      },
      "properties": {
        "time": "133974"
      }
    },
    {
      "type": "Feature",
      "id": 1116,
      "geometry": {
        "type": "Point",
        "coordinates": [
          40.526531,
          47.472221
        ]
      },
      "properties": {
        "time": "133975"
      }
    },
    {
      "type": "Feature",
      "id": 1117,
      "geometry": {
        "type": "Point",
        "coordinates": [
          40.526669,
          47.472446
        ]
      },
      "properties": {
        "time": "133976"
      }
    },
    {
      "type": "Feature",
      "id": 1118,
      "geometry": {
        "type": "Point",
        "coordinates": [
          40.52681,
          47.472668
        ]
      },
      "properties": {
        "time": "133977"
      }
    },
    {
      "type": "Feature",
      "id": 1119,
      "geometry": {
        "type": "Point",
        "coordinates": [
          40.526932,
          47.472866
        ]
      },
      "properties": {
        "time": "133978"
      }
    },
    {
      "type": "Feature",
      "id": 1120,
      "geometry": {
        "type": "Point",
        "coordinates": [
          40.52705,
          47.473072
        ]
      },
      "properties": {
        "time": "133979"
      }
    },
    {
      "type": "Feature",
      "id": 1121,
      "geometry": {
        "type": "Point",
        "coordinates": [
          40.52718,
          47.473282
        ]
      },
      "properties": {
        "time": "133980"
      }
    },
    {
      "type": "Feature",
      "id": 1122,
      "geometry": {
        "type": "Point",
        "coordinates": [
          40.527298,
          47.473503
        ]
      },
      "properties": {
        "time": "133981"
      }
    },
    {
      "type": "Feature",
      "id": 1123,
      "geometry": {
        "type": "Point",
        "coordinates": [
          40.527412,
          47.473732
        ]
      },
      "properties": {
        "time": "133982"
      }
    },
    {
      "type": "Feature",
      "id": 1124,
      "geometry": {
        "type": "Point",
        "coordinates": [
          40.527454,
          47.473965
        ]
      },
      "properties": {
        "time": "133983"
      }
    },
    {
      "type": "Feature",
      "id": 1125,
      "geometry": {
        "type": "Point",
        "coordinates": [
          40.527519,
          47.474194
        ]
      },
      "properties": {
        "time": "133984"
      }
    },
    {
      "type": "Feature",
      "id": 1126,
      "geometry": {
        "type": "Point",
        "coordinates": [
          40.527649,
          47.474419
        ]
      },
      "properties": {
        "time": "133985"
      }
    },
    {
      "type": "Feature",
      "id": 1127,
      "geometry": {
        "type": "Point",
        "coordinates": [
          40.527775,
          47.474644
        ]
      },
      "properties": {
        "time": "133986"
      }
    },
    {
      "type": "Feature",
      "id": 1128,
      "geometry": {
        "type": "Point",
        "coordinates": [
          40.527924,
          47.474869
        ]
      },
      "properties": {
        "time": "133987"
      }
    },
    {
      "type": "Feature",
      "id": 1129,
      "geometry": {
        "type": "Point",
        "coordinates": [
          40.528046,
          47.475094
        ]
      },
      "properties": {
        "time": "133988"
      }
    },
    {
      "type": "Feature",
      "id": 1130,
      "geometry": {
        "type": "Point",
        "coordinates": [
          40.528172,
          47.475327
        ]
      },
      "properties": {
        "time": "133989"
      }
    },
    {
      "type": "Feature",
      "id": 1131,
      "geometry": {
        "type": "Point",
        "coordinates": [
          40.528286,
          47.475555
        ]
      },
      "properties": {
        "time": "133990"
      }
    },
    {
      "type": "Feature",
      "id": 1132,
      "geometry": {
        "type": "Point",
        "coordinates": [
          40.528393,
          47.47578
        ]
      },
      "properties": {
        "time": "133991"
      }
    },
    {
      "type": "Feature",
      "id": 1133,
      "geometry": {
        "type": "Point",
        "coordinates": [
          40.528526,
          47.476036
        ]
      },
      "properties": {
        "time": "133992"
      }
    },
    {
      "type": "Feature",
      "id": 1134,
      "geometry": {
        "type": "Point",
        "coordinates": [
          40.528648,
          47.476257
        ]
      },
      "properties": {
        "time": "133993"
      }
    },
    {
      "type": "Feature",
      "id": 1135,
      "geometry": {
        "type": "Point",
        "coordinates": [
          40.528774,
          47.476448
        ]
      },
      "properties": {
        "time": "133994"
      }
    },
    {
      "type": "Feature",
      "id": 1136,
      "geometry": {
        "type": "Point",
        "coordinates": [
          40.528908,
          47.476673
        ]
      },
      "properties": {
        "time": "133995"
      }
    },
    {
      "type": "Feature",
      "id": 1137,
      "geometry": {
        "type": "Point",
        "coordinates": [
          40.529034,
          47.476898
        ]
      },
      "properties": {
        "time": "133996"
      }
    },
    {
      "type": "Feature",
      "id": 1138,
      "geometry": {
        "type": "Point",
        "coordinates": [
          40.529152,
          47.477116
        ]
      },
      "properties": {
        "time": "133997"
      }
    },
    {
      "type": "Feature",
      "id": 1139,
      "geometry": {
        "type": "Point",
        "coordinates": [
          40.529282,
          47.477337
        ]
      },
      "properties": {
        "time": "133998"
      }
    },
    {
      "type": "Feature",
      "id": 1140,
      "geometry": {
        "type": "Point",
        "coordinates": [
          40.529434,
          47.477581
        ]
      },
      "properties": {
        "time": "133999"
      }
    },
    {
      "type": "Feature",
      "id": 0,
      "geometry": {
        "type": "LineString",
        "coordinates": [
          [
            40.328178,
            47.312737
          ],
          [
            40.328499,
            47.31279
          ],
          [
            40.328823,
            47.31284
          ],
          [
            40.32914,
            47.31287
          ],
          [
            40.329453,
            47.312901
          ],
          [
            40.329765,
            47.312939
          ],
          [
            40.330082,
            47.312977
          ],
          [
            40.330402,
            47.31303
          ],
          [
            40.330727,
            47.313065
          ],
          [
            40.331043,
            47.313145
          ],
          [
            40.331348,
            47.313251
          ],
          [
            40.331661,
            47.313332
          ],
          [
            40.331974,
            47.313408
          ],
          [
            40.332306,
            47.313431
          ],
          [
            40.332607,
            47.313488
          ],
          [
            40.332916,
            47.313557
          ],
          [
            40.333237,
            47.313618
          ],
          [
            40.333557,
            47.313656
          ],
          [
            40.333881,
            47.31374
          ],
          [
            40.334206,
            47.313808
          ],
          [
            40.334522,
            47.313869
          ],
          [
            40.334835,
            47.313931
          ],
          [
            40.335152,
            47.313988
          ],
          [
            40.335461,
            47.314045
          ],
          [
            40.335781,
            47.314121
          ],
          [
            40.336113,
            47.314137
          ],
          [
            40.336452,
            47.314178
          ],
          [
            40.336777,
            47.314243
          ],
          [
            40.337109,
            47.314331
          ],
          [
            40.337444,
            47.314396
          ],
          [
            40.337788,
            47.314468
          ],
          [
            40.338108,
            47.314545
          ],
          [
            40.338432,
            47.314613
          ],
          [
            40.338745,
            47.31469
          ],
          [
            40.339046,
            47.314766
          ],
          [
            40.339371,
            47.314838
          ],
          [
            40.339695,
            47.314911
          ],
          [
            40.340008,
            47.314991
          ],
          [
            40.34034,
            47.31506
          ],
          [
            40.340656,
            47.315136
          ],
          [
            40.340954,
            47.315228
          ],
          [
            40.341248,
            47.315342
          ],
          [
            40.34153,
            47.31543
          ],
          [
            40.34182,
            47.315502
          ],
          [
            40.342113,
            47.315586
          ],
          [
            40.342392,
            47.315639
          ],
          [
            40.342686,
            47.315739
          ],
          [
            40.343018,
            47.315807
          ],
          [
            40.343319,
            47.315884
          ],
          [
            40.34359,
            47.315952
          ],
          [
            40.343197,
            47.318707
          ],
          [
            40.342171,
            47.317993
          ],
          [
            40.342171,
            47.317993
          ],
          [
            40.342171,
            47.317993
          ],
          [
            40.547665,
            47.27306
          ],
          [
            40.552479,
            47.27507
          ],
          [
            40.557243,
            47.277252
          ],
          [
            40.561871,
            47.279495
          ],
          [
            40.566311,
            47.282146
          ],
          [
            40.570667,
            47.284824
          ],
          [
            40.574757,
            47.287838
          ],
          [
            40.57917,
            47.291126
          ],
          [
            40.583302,
            47.294392
          ],
          [
            40.587147,
            47.297729
          ],
          [
            40.590973,
            47.301376
          ],
          [
            40.5947,
            47.305271
          ],
          [
            40.59803,
            47.309082
          ],
          [
            40.601048,
            47.312977
          ],
          [
            40.603657,
            47.316814
          ],
          [
            40.605858,
            47.320827
          ],
          [
            40.607918,
            47.324856
          ],
          [
            40.609665,
            47.328911
          ],
          [
            40.611214,
            47.333012
          ],
          [
            40.612431,
            47.337124
          ],
          [
            40.613392,
            47.341263
          ],
          [
            40.613964,
            47.345348
          ],
          [
            40.614368,
            47.34948
          ],
          [
            40.614792,
            47.353683
          ],
          [
            40.614647,
            47.35778
          ],
          [
            40.614143,
            47.361923
          ],
          [
            40.613529,
            47.366066
          ],
          [
            40.612797,
            47.370232
          ],
          [
            40.613655,
            47.373844
          ],
          [
            40.61182,
            47.377762
          ],
          [
            40.609852,
            47.381683
          ],
          [
            40.607613,
            47.385525
          ],
          [
            40.605118,
            47.389297
          ],
          [
            40.602356,
            47.39299
          ],
          [
            40.599346,
            47.396584
          ],
          [
            40.596085,
            47.400078
          ],
          [
            40.592571,
            47.403461
          ],
          [
            40.588837,
            47.406731
          ],
          [
            40.584873,
            47.409878
          ],
          [
            40.5807,
            47.412891
          ],
          [
            40.576328,
            47.415771
          ],
          [
            40.571762,
            47.41851
          ],
          [
            40.567017,
            47.421097
          ],
          [
            40.562092,
            47.423531
          ],
          [
            40.557007,
            47.4258
          ],
          [
            40.55175,
            47.42791
          ],
          [
            40.54636,
            47.429844
          ],
          [
            40.540844,
            47.431602
          ],
          [
            40.535213,
            47.433189
          ],
          [
            40.529476,
            47.434593
          ],
          [
            40.52367,
            47.435814
          ],
          [
            40.517776,
            47.43684
          ],
          [
            40.511806,
            47.437683
          ],
          [
            40.505779,
            47.438324
          ],
          [
            40.499725,
            47.438786
          ],
          [
            40.493614,
            47.439045
          ],
          [
            40.487522,
            47.439125
          ],
          [
            40.481422,
            47.438992
          ],
          [
            40.478378,
            47.438869
          ],
          [
            40.471672,
            47.438576
          ],
          [
            40.471672,
            47.438576
          ],
          [
            40.471672,
            47.438576
          ],
          [
            40.471672,
            47.438576
          ],
          [
            40.330082,
            47.357742
          ],
          [
            40.330444,
            47.357922
          ],
          [
            40.33049,
            47.357975
          ],
          [
            40.330208,
            47.355701
          ],
          [
            40.365864,
            47.329865
          ],
          [
            40.365913,
            47.3302
          ],
          [
            40.366165,
            47.330441
          ],
          [
            40.366398,
            47.330677
          ],
          [
            40.366627,
            47.330921
          ],
          [
            40.366871,
            47.331173
          ],
          [
            40.367104,
            47.331425
          ],
          [
            40.367325,
            47.331669
          ],
          [
            40.367527,
            47.331924
          ],
          [
            40.367744,
            47.332176
          ],
          [
            40.367958,
            47.332428
          ],
          [
            40.368179,
            47.332687
          ],
          [
            40.368408,
            47.332943
          ],
          [
            40.368633,
            47.333206
          ],
          [
            40.368847,
            47.333469
          ],
          [
            40.36908,
            47.333729
          ],
          [
            40.369308,
            47.333984
          ],
          [
            40.369568,
            47.334248
          ],
          [
            40.36982,
            47.334503
          ],
          [
            40.370068,
            47.334774
          ],
          [
            40.370258,
            47.335033
          ],
          [
            40.370461,
            47.335331
          ],
          [
            40.370689,
            47.335598
          ],
          [
            40.370911,
            47.335854
          ],
          [
            40.371052,
            47.33606
          ],
          [
            40.371178,
            47.336296
          ],
          [
            40.37112,
            47.336403
          ],
          [
            40.371319,
            47.336651
          ],
          [
            40.371712,
            47.336994
          ],
          [
            40.372005,
            47.33728
          ],
          [
            40.372158,
            47.337547
          ],
          [
            40.37236,
            47.33783
          ],
          [
            40.372509,
            47.338108
          ],
          [
            40.372723,
            47.338463
          ],
          [
            40.373489,
            47.33873
          ],
          [
            40.374588,
            47.338932
          ],
          [
            40.374657,
            47.339184
          ],
          [
            40.374584,
            47.339512
          ],
          [
            40.374657,
            47.339813
          ],
          [
            40.37463,
            47.340034
          ],
          [
            40.374638,
            47.340221
          ],
          [
            40.374729,
            47.340496
          ],
          [
            40.374729,
            47.340496
          ],
          [
            40.374729,
            47.340496
          ],
          [
            40.437817,
            47.432125
          ],
          [
            40.432228,
            47.430431
          ],
          [
            40.426792,
            47.428547
          ],
          [
            40.421505,
            47.426498
          ],
          [
            40.416355,
            47.424278
          ],
          [
            40.411373,
            47.421898
          ],
          [
            40.406555,
            47.419361
          ],
          [
            40.401924,
            47.416672
          ],
          [
            40.39748,
            47.413834
          ],
          [
            40.393246,
            47.410862
          ],
          [
            40.389229,
            47.407761
          ],
          [
            40.385426,
            47.404522
          ],
          [
            40.381844,
            47.401173
          ],
          [
            40.378502,
            47.39772
          ],
          [
            40.375378,
            47.39415
          ],
          [
            40.372528,
            47.390495
          ],
          [
            40.369934,
            47.386745
          ],
          [
            40.367603,
            47.382923
          ],
          [
            40.365555,
            47.379051
          ],
          [
            40.363743,
            47.375061
          ],
          [
            40.362232,
            47.371052
          ],
          [
            40.360958,
            47.367008
          ],
          [
            40.360023,
            47.362919
          ],
          [
            40.359375,
            47.358776
          ],
          [
            40.359005,
            47.354649
          ],
          [
            40.35894,
            47.350525
          ],
          [
            40.359146,
            47.34639
          ],
          [
            40.359634,
            47.34227
          ],
          [
            40.360397,
            47.338165
          ],
          [
            40.361446,
            47.334091
          ],
          [
            40.362778,
            47.330051
          ],
          [
            40.364388,
            47.326065
          ],
          [
            40.366261,
            47.322124
          ],
          [
            40.368408,
            47.318249
          ],
          [
            40.370831,
            47.314445
          ],
          [
            40.373489,
            47.31073
          ],
          [
            40.376419,
            47.307102
          ],
          [
            40.379593,
            47.303574
          ],
          [
            40.383026,
            47.300125
          ],
          [
            40.386684,
            47.296795
          ],
          [
            40.390553,
            47.293606
          ],
          [
            40.394627,
            47.29055
          ],
          [
            40.398914,
            47.287621
          ],
          [
            40.403408,
            47.284828
          ],
          [
            40.408073,
            47.282181
          ],
          [
            40.412918,
            47.27969
          ],
          [
            40.417934,
            47.277363
          ],
          [
            40.4231,
            47.275192
          ],
          [
            40.42841,
            47.273193
          ],
          [
            40.433853,
            47.271362
          ],
          [
            40.439419,
            47.269707
          ],
          [
            40.445099,
            47.268238
          ],
          [
            40.450874,
            47.266949
          ],
          [
            40.456726,
            47.265842
          ],
          [
            40.462654,
            47.264915
          ],
          [
            40.468636,
            47.264183
          ],
          [
            40.474667,
            47.263638
          ],
          [
            40.480724,
            47.263294
          ],
          [
            40.486805,
            47.263134
          ],
          [
            40.492882,
            47.263176
          ],
          [
            40.498951,
            47.263412
          ],
          [
            40.504986,
            47.263844
          ],
          [
            40.510998,
            47.264469
          ],
          [
            40.516964,
            47.265278
          ],
          [
            40.52285,
            47.266273
          ],
          [
            40.528675,
            47.267464
          ],
          [
            40.534393,
            47.268826
          ],
          [
            40.54002,
            47.27037
          ],
          [
            40.545555,
            47.272114
          ],
          [
            40.550972,
            47.273945
          ],
          [
            40.556225,
            47.276009
          ],
          [
            40.56131,
            47.278244
          ],
          [
            40.566254,
            47.28064
          ],
          [
            40.571033,
            47.283211
          ],
          [
            40.575657,
            47.285912
          ],
          [
            40.580074,
            47.288746
          ],
          [
            40.584312,
            47.291756
          ],
          [
            40.588306,
            47.294903
          ],
          [
            40.592064,
            47.298161
          ],
          [
            40.595623,
            47.30151
          ],
          [
            40.598915,
            47.304996
          ],
          [
            40.601963,
            47.308578
          ],
          [
            40.604763,
            47.312267
          ],
          [
            40.607307,
            47.31604
          ],
          [
            40.609627,
            47.319847
          ],
          [
            40.611664,
            47.32373
          ],
          [
            40.613434,
            47.327652
          ],
          [
            40.614925,
            47.331612
          ],
          [
            40.616138,
            47.335678
          ],
          [
            40.61705,
            47.339798
          ],
          [
            40.617699,
            47.34391
          ],
          [
            40.61805,
            47.348038
          ],
          [
            40.618126,
            47.352165
          ],
          [
            40.617912,
            47.356293
          ],
          [
            40.617424,
            47.36039
          ],
          [
            40.616653,
            47.36451
          ],
          [
            40.61557,
            47.368584
          ],
          [
            40.614262,
            47.372623
          ],
          [
            40.612675,
            47.376595
          ],
          [
            40.610725,
            47.380558
          ],
          [
            40.608513,
            47.384438
          ],
          [
            40.606079,
            47.388226
          ],
          [
            40.603344,
            47.391941
          ],
          [
            40.600368,
            47.39555
          ],
          [
            40.597137,
            47.399029
          ],
          [
            40.593658,
            47.402481
          ],
          [
            40.589954,
            47.405804
          ],
          [
            40.58604,
            47.408997
          ],
          [
            40.581902,
            47.412033
          ],
          [
            40.577545,
            47.414959
          ],
          [
            40.573006,
            47.417755
          ],
          [
            40.568279,
            47.42041
          ],
          [
            40.563381,
            47.422894
          ],
          [
            40.558315,
            47.42522
          ],
          [
            40.553123,
            47.427383
          ],
          [
            40.547783,
            47.429367
          ],
          [
            40.542286,
            47.431179
          ],
          [
            40.53669,
            47.432793
          ],
          [
            40.530994,
            47.434238
          ],
          [
            40.525166,
            47.435513
          ],
          [
            40.519268,
            47.436596
          ],
          [
            40.513344,
            47.437462
          ],
          [
            40.50732,
            47.438156
          ],
          [
            40.501263,
            47.438663
          ],
          [
            40.495174,
            47.438965
          ],
          [
            40.489063,
            47.439087
          ],
          [
            40.482975,
            47.439014
          ],
          [
            40.479336,
            47.438862
          ],
          [
            40.472698,
            47.438564
          ],
          [
            40.472698,
            47.438564
          ],
          [
            40.401051,
            47.37035
          ],
          [
            40.401463,
            47.370419
          ],
          [
            40.401863,
            47.370487
          ],
          [
            40.402267,
            47.370544
          ],
          [
            40.402672,
            47.370598
          ],
          [
            40.403088,
            47.370644
          ],
          [
            40.403503,
            47.370686
          ],
          [
            40.403912,
            47.370731
          ],
          [
            40.404312,
            47.370773
          ],
          [
            40.404713,
            47.370819
          ],
          [
            40.405125,
            47.370853
          ],
          [
            40.405514,
            47.370903
          ],
          [
            40.405903,
            47.370945
          ],
          [
            40.406322,
            47.370968
          ],
          [
            40.406734,
            47.370979
          ],
          [
            40.407162,
            47.370983
          ],
          [
            40.407581,
            47.370991
          ],
          [
            40.408005,
            47.370998
          ],
          [
            40.408424,
            47.371014
          ],
          [
            40.408844,
            47.371014
          ],
          [
            40.409252,
            47.371037
          ],
          [
            40.409687,
            47.371067
          ],
          [
            40.410118,
            47.371109
          ],
          [
            40.410519,
            47.37117
          ],
          [
            40.410892,
            47.371227
          ],
          [
            40.411259,
            47.371269
          ],
          [
            40.411633,
            47.371311
          ],
          [
            40.412045,
            47.371353
          ],
          [
            40.41246,
            47.371414
          ],
          [
            40.412903,
            47.371494
          ],
          [
            40.413338,
            47.371567
          ],
          [
            40.413773,
            47.371647
          ],
          [
            40.414188,
            47.371727
          ],
          [
            40.414616,
            47.371788
          ],
          [
            40.415047,
            47.371803
          ],
          [
            40.415443,
            47.371784
          ],
          [
            40.41584,
            47.371761
          ],
          [
            40.416225,
            47.371723
          ],
          [
            40.416595,
            47.371674
          ],
          [
            40.416973,
            47.371597
          ],
          [
            40.417343,
            47.371513
          ],
          [
            40.417713,
            47.371407
          ],
          [
            40.418091,
            47.371315
          ],
          [
            40.418468,
            47.371246
          ],
          [
            40.418865,
            47.371216
          ],
          [
            40.419258,
            47.371185
          ],
          [
            40.419651,
            47.371178
          ],
          [
            40.420052,
            47.371185
          ],
          [
            40.420448,
            47.371197
          ],
          [
            40.420841,
            47.371227
          ],
          [
            40.421227,
            47.371292
          ],
          [
            40.421589,
            47.371376
          ],
          [
            40.421959,
            47.37146
          ],
          [
            40.422325,
            47.371552
          ],
          [
            40.422688,
            47.371632
          ],
          [
            40.42305,
            47.371731
          ],
          [
            40.423416,
            47.371822
          ],
          [
            40.423782,
            47.371922
          ],
          [
            40.424141,
            47.372009
          ],
          [
            40.424522,
            47.372097
          ],
          [
            40.424889,
            47.372208
          ],
          [
            40.425259,
            47.372311
          ],
          [
            40.425625,
            47.37241
          ],
          [
            40.42598,
            47.372517
          ],
          [
            40.42635,
            47.372631
          ],
          [
            40.426731,
            47.372734
          ],
          [
            40.427105,
            47.372841
          ],
          [
            40.427467,
            47.372955
          ],
          [
            40.427807,
            47.373089
          ],
          [
            40.428131,
            47.373238
          ],
          [
            40.428459,
            47.37339
          ],
          [
            40.428772,
            47.373558
          ],
          [
            40.429077,
            47.373741
          ],
          [
            40.429386,
            47.373947
          ],
          [
            40.429661,
            47.374153
          ],
          [
            40.429928,
            47.374367
          ],
          [
            40.430172,
            47.37458
          ],
          [
            40.430424,
            47.37479
          ],
          [
            40.43066,
            47.375011
          ],
          [
            40.430893,
            47.375221
          ],
          [
            40.431129,
            47.375412
          ],
          [
            40.431351,
            47.37561
          ],
          [
            40.43158,
            47.375832
          ],
          [
            40.431808,
            47.376057
          ],
          [
            40.432037,
            47.376266
          ],
          [
            40.432278,
            47.37648
          ],
          [
            40.432522,
            47.376705
          ],
          [
            40.432743,
            47.376957
          ],
          [
            40.432964,
            47.377178
          ],
          [
            40.433167,
            47.377407
          ],
          [
            40.433338,
            47.377647
          ],
          [
            40.433464,
            47.377899
          ],
          [
            40.433582,
            47.378151
          ],
          [
            40.433666,
            47.378407
          ],
          [
            40.433735,
            47.378658
          ],
          [
            40.433807,
            47.378902
          ],
          [
            40.43388,
            47.379158
          ],
          [
            40.433949,
            47.37941
          ],
          [
            40.434002,
            47.379658
          ],
          [
            40.434059,
            47.379902
          ],
          [
            40.434105,
            47.38015
          ],
          [
            40.434139,
            47.380394
          ],
          [
            40.434162,
            47.38065
          ],
          [
            40.43417,
            47.380909
          ],
          [
            40.434196,
            47.381157
          ],
          [
            40.434185,
            47.381401
          ],
          [
            40.434166,
            47.381649
          ],
          [
            40.434143,
            47.381897
          ],
          [
            40.434116,
            47.382145
          ],
          [
            40.434074,
            47.382393
          ],
          [
            40.434032,
            47.382641
          ],
          [
            40.433994,
            47.382893
          ],
          [
            40.433968,
            47.383144
          ],
          [
            40.433937,
            47.3834
          ],
          [
            40.433907,
            47.383652
          ],
          [
            40.43388,
            47.383888
          ],
          [
            40.433876,
            47.384129
          ],
          [
            40.433868,
            47.38438
          ],
          [
            40.433842,
            47.384644
          ],
          [
            40.433826,
            47.384888
          ],
          [
            40.4338,
            47.385113
          ],
          [
            40.433769,
            47.385365
          ],
          [
            40.433735,
            47.385632
          ],
          [
            40.433693,
            47.385895
          ],
          [
            40.433632,
            47.386173
          ],
          [
            40.433578,
            47.38644
          ],
          [
            40.433521,
            47.386726
          ],
          [
            40.433483,
            47.387005
          ],
          [
            40.433456,
            47.387268
          ],
          [
            40.433418,
            47.387531
          ],
          [
            40.433395,
            47.387794
          ],
          [
            40.433384,
            47.38805
          ],
          [
            40.433357,
            47.388302
          ],
          [
            40.433327,
            47.388561
          ],
          [
            40.433304,
            47.388824
          ],
          [
            40.433289,
            47.389091
          ],
          [
            40.433285,
            47.389359
          ],
          [
            40.433243,
            47.389622
          ],
          [
            40.433186,
            47.389874
          ],
          [
            40.433121,
            47.39011
          ],
          [
            40.433048,
            47.390354
          ],
          [
            40.432976,
            47.390602
          ],
          [
            40.432888,
            47.390854
          ],
          [
            40.4328,
            47.391098
          ],
          [
            40.432728,
            47.391342
          ],
          [
            40.432636,
            47.391579
          ],
          [
            40.432541,
            47.391815
          ],
          [
            40.432434,
            47.392048
          ],
          [
            40.43235,
            47.392277
          ],
          [
            40.432274,
            47.392513
          ],
          [
            40.432201,
            47.392754
          ],
          [
            40.432167,
            47.393005
          ],
          [
            40.432121,
            47.39333
          ],
          [
            40.432072,
            47.393597
          ],
          [
            40.432026,
            47.393856
          ],
          [
            40.431999,
            47.394112
          ],
          [
            40.431965,
            47.394337
          ],
          [
            40.431934,
            47.394592
          ],
          [
            40.431908,
            47.394844
          ],
          [
            40.431911,
            47.395107
          ],
          [
            40.431953,
            47.395351
          ],
          [
            40.432018,
            47.395592
          ],
          [
            40.432083,
            47.39584
          ],
          [
            40.432156,
            47.396088
          ],
          [
            40.432228,
            47.396343
          ],
          [
            40.432293,
            47.396599
          ],
          [
            40.432377,
            47.396854
          ],
          [
            40.432457,
            47.39711
          ],
          [
            40.432541,
            47.397358
          ],
          [
            40.432625,
            47.39761
          ],
          [
            40.43272,
            47.397865
          ],
          [
            40.432831,
            47.398102
          ],
          [
            40.432949,
            47.398342
          ],
          [
            40.433105,
            47.398575
          ],
          [
            40.4333,
            47.398792
          ],
          [
            40.433514,
            47.399002
          ],
          [
            40.43375,
            47.399197
          ],
          [
            40.433979,
            47.399399
          ],
          [
            40.434204,
            47.399601
          ],
          [
            40.434433,
            47.399803
          ],
          [
            40.434666,
            47.400002
          ],
          [
            40.434925,
            47.400185
          ],
          [
            40.435207,
            47.400349
          ],
          [
            40.435505,
            47.400501
          ],
          [
            40.435799,
            47.40065
          ],
          [
            40.4361,
            47.400806
          ],
          [
            40.43639,
            47.400936
          ],
          [
            40.436699,
            47.401062
          ],
          [
            40.437016,
            47.40118
          ],
          [
            40.437328,
            47.401299
          ],
          [
            40.437649,
            47.401424
          ],
          [
            40.437962,
            47.40155
          ],
          [
            40.438271,
            47.401672
          ],
          [
            40.43858,
            47.401794
          ],
          [
            40.438904,
            47.401909
          ],
          [
            40.439236,
            47.40202
          ],
          [
            40.439564,
            47.402142
          ],
          [
            40.439907,
            47.402294
          ],
          [
            40.440231,
            47.402439
          ],
          [
            40.440552,
            47.402569
          ],
          [
            40.440845,
            47.402687
          ],
          [
            40.441105,
            47.402813
          ],
          [
            40.441422,
            47.402943
          ],
          [
            40.44175,
            47.403069
          ],
          [
            40.442066,
            47.403202
          ],
          [
            40.442375,
            47.403336
          ],
          [
            40.442684,
            47.403477
          ],
          [
            40.442993,
            47.403606
          ],
          [
            40.443295,
            47.403751
          ],
          [
            40.4436,
            47.403946
          ],
          [
            40.443893,
            47.40411
          ],
          [
            40.444206,
            47.404247
          ],
          [
            40.444519,
            47.404388
          ],
          [
            40.444809,
            47.404541
          ],
          [
            40.44508,
            47.404716
          ],
          [
            40.445335,
            47.404892
          ],
          [
            40.445587,
            47.405071
          ],
          [
            40.445839,
            47.405247
          ],
          [
            40.446091,
            47.405418
          ],
          [
            40.446342,
            47.405586
          ],
          [
            40.44659,
            47.405769
          ],
          [
            40.446846,
            47.405949
          ],
          [
            40.447105,
            47.406128
          ],
          [
            40.447353,
            47.406315
          ],
          [
            40.447601,
            47.406502
          ],
          [
            40.447853,
            47.406693
          ],
          [
            40.448112,
            47.406872
          ],
          [
            40.448368,
            47.407047
          ],
          [
            40.448639,
            47.407211
          ],
          [
            40.448883,
            47.407387
          ],
          [
            40.449142,
            47.407562
          ],
          [
            40.449406,
            47.407734
          ],
          [
            40.449661,
            47.407906
          ],
          [
            40.449913,
            47.408085
          ],
          [
            40.450157,
            47.408264
          ],
          [
            40.45039,
            47.408443
          ],
          [
            40.450642,
            47.408619
          ],
          [
            40.450916,
            47.408791
          ],
          [
            40.451191,
            47.408958
          ],
          [
            40.451477,
            47.409115
          ],
          [
            40.451752,
            47.409275
          ],
          [
            40.452015,
            47.409424
          ],
          [
            40.452274,
            47.40958
          ],
          [
            40.452534,
            47.409718
          ],
          [
            40.452812,
            47.409866
          ],
          [
            40.453087,
            47.410011
          ],
          [
            40.453358,
            47.410156
          ],
          [
            40.453644,
            47.410294
          ],
          [
            40.453938,
            47.410439
          ],
          [
            40.454216,
            47.410587
          ],
          [
            40.454494,
            47.410732
          ],
          [
            40.454762,
            47.410896
          ],
          [
            40.455009,
            47.411068
          ],
          [
            40.455318,
            47.411217
          ],
          [
            40.455608,
            47.411373
          ],
          [
            40.455898,
            47.411533
          ],
          [
            40.456181,
            47.41169
          ],
          [
            40.456459,
            47.411846
          ],
          [
            40.456741,
            47.412006
          ],
          [
            40.45702,
            47.412167
          ],
          [
            40.457279,
            47.412338
          ],
          [
            40.457539,
            47.412518
          ],
          [
            40.457802,
            47.412685
          ],
          [
            40.458076,
            47.412849
          ],
          [
            40.458355,
            47.413013
          ],
          [
            40.458656,
            47.413181
          ],
          [
            40.458939,
            47.413338
          ],
          [
            40.459236,
            47.413498
          ],
          [
            40.459518,
            47.413658
          ],
          [
            40.459805,
            47.413826
          ],
          [
            40.460091,
            47.413994
          ],
          [
            40.460377,
            47.414146
          ],
          [
            40.460667,
            47.414303
          ],
          [
            40.460945,
            47.414463
          ],
          [
            40.461231,
            47.414619
          ],
          [
            40.461521,
            47.414772
          ],
          [
            40.461807,
            47.414928
          ],
          [
            40.462093,
            47.415085
          ],
          [
            40.462387,
            47.415241
          ],
          [
            40.462677,
            47.415401
          ],
          [
            40.462975,
            47.41555
          ],
          [
            40.463272,
            47.415699
          ],
          [
            40.463558,
            47.415852
          ],
          [
            40.463848,
            47.415997
          ],
          [
            40.464153,
            47.416134
          ],
          [
            40.464466,
            47.41626
          ],
          [
            40.464783,
            47.416386
          ],
          [
            40.465099,
            47.416515
          ],
          [
            40.46542,
            47.416653
          ],
          [
            40.46574,
            47.41679
          ],
          [
            40.466053,
            47.416935
          ],
          [
            40.466358,
            47.417088
          ],
          [
            40.466663,
            47.417244
          ],
          [
            40.466972,
            47.4174
          ],
          [
            40.46727,
            47.417568
          ],
          [
            40.467571,
            47.417728
          ],
          [
            40.467854,
            47.4179
          ],
          [
            40.468132,
            47.418072
          ],
          [
            40.468395,
            47.418251
          ],
          [
            40.468647,
            47.41843
          ],
          [
            40.468899,
            47.418613
          ],
          [
            40.469151,
            47.4188
          ],
          [
            40.469402,
            47.418995
          ],
          [
            40.469654,
            47.419189
          ],
          [
            40.469906,
            47.419388
          ],
          [
            40.470165,
            47.419582
          ],
          [
            40.470421,
            47.419777
          ],
          [
            40.470676,
            47.419971
          ],
          [
            40.47094,
            47.420162
          ],
          [
            40.471218,
            47.420349
          ],
          [
            40.4715,
            47.420525
          ],
          [
            40.471794,
            47.420696
          ],
          [
            40.472092,
            47.42086
          ],
          [
            40.472389,
            47.421017
          ],
          [
            40.472687,
            47.421173
          ],
          [
            40.47295,
            47.421352
          ],
          [
            40.47316,
            47.421551
          ],
          [
            40.473309,
            47.421764
          ],
          [
            40.473431,
            47.421982
          ],
          [
            40.47353,
            47.422199
          ],
          [
            40.473618,
            47.422447
          ],
          [
            40.473675,
            47.422676
          ],
          [
            40.473709,
            47.42289
          ],
          [
            40.473732,
            47.423122
          ],
          [
            40.473763,
            47.423382
          ],
          [
            40.47377,
            47.423588
          ],
          [
            40.473732,
            47.423851
          ],
          [
            40.473724,
            47.424095
          ],
          [
            40.473724,
            47.424335
          ],
          [
            40.473705,
            47.42458
          ],
          [
            40.473644,
            47.424828
          ],
          [
            40.473557,
            47.425049
          ],
          [
            40.473434,
            47.425251
          ],
          [
            40.473301,
            47.425468
          ],
          [
            40.473175,
            47.425678
          ],
          [
            40.473049,
            47.425892
          ],
          [
            40.472908,
            47.426098
          ],
          [
            40.472775,
            47.426311
          ],
          [
            40.472633,
            47.426517
          ],
          [
            40.472485,
            47.426727
          ],
          [
            40.472321,
            47.42696
          ],
          [
            40.472145,
            47.42717
          ],
          [
            40.471947,
            47.427372
          ],
          [
            40.47176,
            47.427574
          ],
          [
            40.471581,
            47.427761
          ],
          [
            40.471413,
            47.427952
          ],
          [
            40.471226,
            47.42815
          ],
          [
            40.471031,
            47.428341
          ],
          [
            40.470818,
            47.428528
          ],
          [
            40.470596,
            47.428711
          ],
          [
            40.470367,
            47.428886
          ],
          [
            40.470112,
            47.42905
          ],
          [
            40.469837,
            47.429214
          ],
          [
            40.469563,
            47.429379
          ],
          [
            40.469292,
            47.429527
          ],
          [
            40.469025,
            47.429676
          ],
          [
            40.468754,
            47.429821
          ],
          [
            40.468483,
            47.429966
          ],
          [
            40.468208,
            47.430107
          ],
          [
            40.46793,
            47.430256
          ],
          [
            40.467659,
            47.430393
          ],
          [
            40.467403,
            47.430519
          ],
          [
            40.467144,
            47.430649
          ],
          [
            40.466873,
            47.430786
          ],
          [
            40.466591,
            47.430923
          ],
          [
            40.466305,
            47.431068
          ],
          [
            40.466019,
            47.431213
          ],
          [
            40.465733,
            47.431366
          ],
          [
            40.465443,
            47.431519
          ],
          [
            40.46516,
            47.431671
          ],
          [
            40.46487,
            47.43182
          ],
          [
            40.464581,
            47.431969
          ],
          [
            40.464287,
            47.432114
          ],
          [
            40.463993,
            47.432255
          ],
          [
            40.463699,
            47.432396
          ],
          [
            40.463409,
            47.432537
          ],
          [
            40.46315,
            47.432663
          ],
          [
            40.462841,
            47.432816
          ],
          [
            40.462555,
            47.432957
          ],
          [
            40.462257,
            47.433105
          ],
          [
            40.46196,
            47.433258
          ],
          [
            40.46167,
            47.433414
          ],
          [
            40.461384,
            47.433563
          ],
          [
            40.461102,
            47.433704
          ],
          [
            40.460831,
            47.433846
          ],
          [
            40.460567,
            47.43399
          ],
          [
            40.460297,
            47.434135
          ],
          [
            40.459991,
            47.434303
          ],
          [
            40.459713,
            47.434448
          ],
          [
            40.459419,
            47.434601
          ],
          [
            40.459141,
            47.434761
          ],
          [
            40.45887,
            47.434914
          ],
          [
            40.458591,
            47.435078
          ],
          [
            40.458294,
            47.435246
          ],
          [
            40.458004,
            47.435429
          ],
          [
            40.457722,
            47.435577
          ],
          [
            40.457439,
            47.435719
          ],
          [
            40.457153,
            47.435856
          ],
          [
            40.456871,
            47.435989
          ],
          [
            40.456589,
            47.436127
          ],
          [
            40.456306,
            47.43626
          ],
          [
            40.45599,
            47.436405
          ],
          [
            40.455685,
            47.436581
          ],
          [
            40.455425,
            47.436733
          ],
          [
            40.45517,
            47.436886
          ],
          [
            40.45491,
            47.437038
          ],
          [
            40.454666,
            47.437199
          ],
          [
            40.454433,
            47.437363
          ],
          [
            40.454193,
            47.437519
          ],
          [
            40.453941,
            47.437653
          ],
          [
            40.453678,
            47.437786
          ],
          [
            40.453426,
            47.437916
          ],
          [
            40.453156,
            47.43808
          ],
          [
            40.452869,
            47.438259
          ],
          [
            40.452629,
            47.438416
          ],
          [
            40.452381,
            47.438549
          ],
          [
            40.452091,
            47.438705
          ],
          [
            40.451805,
            47.438881
          ],
          [
            40.451546,
            47.439053
          ],
          [
            40.451313,
            47.439228
          ],
          [
            40.451099,
            47.439407
          ],
          [
            40.450882,
            47.439583
          ],
          [
            40.450661,
            47.439751
          ],
          [
            40.450439,
            47.439919
          ],
          [
            40.450237,
            47.440102
          ],
          [
            40.450027,
            47.440292
          ],
          [
            40.449821,
            47.440487
          ],
          [
            40.449627,
            47.44067
          ],
          [
            40.449444,
            47.440853
          ],
          [
            40.449265,
            47.441036
          ],
          [
            40.449078,
            47.441219
          ],
          [
            40.448887,
            47.441399
          ],
          [
            40.448689,
            47.441586
          ],
          [
            40.448479,
            47.441776
          ],
          [
            40.448288,
            47.441963
          ],
          [
            40.448093,
            47.442146
          ],
          [
            40.447895,
            47.442322
          ],
          [
            40.447689,
            47.442501
          ],
          [
            40.447495,
            47.442669
          ],
          [
            40.447266,
            47.442875
          ],
          [
            40.447063,
            47.443058
          ],
          [
            40.446861,
            47.443233
          ],
          [
            40.446659,
            47.443417
          ],
          [
            40.446457,
            47.443611
          ],
          [
            40.446243,
            47.443798
          ],
          [
            40.44603,
            47.443989
          ],
          [
            40.445824,
            47.444187
          ],
          [
            40.445644,
            47.444389
          ],
          [
            40.44548,
            47.444599
          ],
          [
            40.445301,
            47.444794
          ],
          [
            40.44511,
            47.444984
          ],
          [
            40.444931,
            47.445179
          ],
          [
            40.444752,
            47.445374
          ],
          [
            40.44458,
            47.44556
          ],
          [
            40.444412,
            47.445755
          ],
          [
            40.444263,
            47.445942
          ],
          [
            40.444118,
            47.446133
          ],
          [
            40.443897,
            47.446331
          ],
          [
            40.443657,
            47.446529
          ],
          [
            40.443462,
            47.446728
          ],
          [
            40.443279,
            47.44693
          ],
          [
            40.443115,
            47.447136
          ],
          [
            40.442955,
            47.447338
          ],
          [
            40.44276,
            47.447536
          ],
          [
            40.442562,
            47.447735
          ],
          [
            40.442398,
            47.447929
          ],
          [
            40.44223,
            47.448112
          ],
          [
            40.442101,
            47.448299
          ],
          [
            40.44194,
            47.448494
          ],
          [
            40.441757,
            47.4487
          ],
          [
            40.44157,
            47.448898
          ],
          [
            40.44136,
            47.449085
          ],
          [
            40.44109,
            47.449272
          ],
          [
            40.440887,
            47.449478
          ],
          [
            40.440701,
            47.449696
          ],
          [
            40.440445,
            47.449921
          ],
          [
            40.440243,
            47.450134
          ],
          [
            40.440144,
            47.450336
          ],
          [
            40.440048,
            47.450554
          ],
          [
            40.439869,
            47.450783
          ],
          [
            40.439632,
            47.451054
          ],
          [
            40.439461,
            47.451283
          ],
          [
            40.439281,
            47.451511
          ],
          [
            40.439114,
            47.451736
          ],
          [
            40.438965,
            47.451965
          ],
          [
            40.438801,
            47.452187
          ],
          [
            40.438641,
            47.452408
          ],
          [
            40.438473,
            47.452648
          ],
          [
            40.438309,
            47.452888
          ],
          [
            40.438168,
            47.453125
          ],
          [
            40.438038,
            47.453354
          ],
          [
            40.43792,
            47.453587
          ],
          [
            40.43782,
            47.453819
          ],
          [
            40.437725,
            47.454052
          ],
          [
            40.43763,
            47.454296
          ],
          [
            40.43755,
            47.454533
          ],
          [
            40.437435,
            47.454765
          ],
          [
            40.437344,
            47.455002
          ],
          [
            40.437283,
            47.455254
          ],
          [
            40.43726,
            47.455494
          ],
          [
            40.437286,
            47.455761
          ],
          [
            40.437279,
            47.456013
          ],
          [
            40.437302,
            47.456264
          ],
          [
            40.437317,
            47.456516
          ],
          [
            40.437328,
            47.456757
          ],
          [
            40.437325,
            47.456993
          ],
          [
            40.437302,
            47.457222
          ],
          [
            40.437252,
            47.457458
          ],
          [
            40.437202,
            47.457684
          ],
          [
            40.437164,
            47.45792
          ],
          [
            40.437157,
            47.458157
          ],
          [
            40.437164,
            47.458408
          ],
          [
            40.437218,
            47.45866
          ],
          [
            40.437271,
            47.458904
          ],
          [
            40.437317,
            47.459141
          ],
          [
            40.437363,
            47.459377
          ],
          [
            40.437401,
            47.459614
          ],
          [
            40.437447,
            47.459846
          ],
          [
            40.437489,
            47.460087
          ],
          [
            40.437557,
            47.460323
          ],
          [
            40.437607,
            47.460548
          ],
          [
            40.437702,
            47.460781
          ],
          [
            40.437801,
            47.461014
          ],
          [
            40.437878,
            47.461254
          ],
          [
            40.438,
            47.461498
          ],
          [
            40.438129,
            47.461742
          ],
          [
            40.43832,
            47.461933
          ],
          [
            40.438538,
            47.46212
          ],
          [
            40.438774,
            47.462292
          ],
          [
            40.439026,
            47.462456
          ],
          [
            40.43927,
            47.46262
          ],
          [
            40.439499,
            47.462788
          ],
          [
            40.439716,
            47.462967
          ],
          [
            40.439934,
            47.463142
          ],
          [
            40.440121,
            47.463333
          ],
          [
            40.440331,
            47.463516
          ],
          [
            40.440582,
            47.463684
          ],
          [
            40.440845,
            47.463848
          ],
          [
            40.441124,
            47.464001
          ],
          [
            40.44141,
            47.464142
          ],
          [
            40.4417,
            47.464279
          ],
          [
            40.441971,
            47.464424
          ],
          [
            40.442268,
            47.464561
          ],
          [
            40.442558,
            47.464691
          ],
          [
            40.442856,
            47.464825
          ],
          [
            40.443188,
            47.464928
          ],
          [
            40.443497,
            47.465046
          ],
          [
            40.443802,
            47.465172
          ],
          [
            40.444126,
            47.465286
          ],
          [
            40.444454,
            47.465382
          ],
          [
            40.444771,
            47.465462
          ],
          [
            40.445087,
            47.465569
          ],
          [
            40.445427,
            47.465656
          ],
          [
            40.445766,
            47.465748
          ],
          [
            40.44611,
            47.465836
          ],
          [
            40.446449,
            47.465908
          ],
          [
            40.446777,
            47.465984
          ],
          [
            40.447124,
            47.466061
          ],
          [
            40.447487,
            47.466133
          ],
          [
            40.447842,
            47.466217
          ],
          [
            40.448189,
            47.466301
          ],
          [
            40.44854,
            47.466373
          ],
          [
            40.448891,
            47.466446
          ],
          [
            40.449257,
            47.466518
          ],
          [
            40.449631,
            47.466587
          ],
          [
            40.450001,
            47.466652
          ],
          [
            40.450363,
            47.466709
          ],
          [
            40.450718,
            47.466755
          ],
          [
            40.451077,
            47.466797
          ],
          [
            40.451447,
            47.466835
          ],
          [
            40.45182,
            47.466885
          ],
          [
            40.452187,
            47.466938
          ],
          [
            40.452545,
            47.467003
          ],
          [
            40.452915,
            47.467072
          ],
          [
            40.453285,
            47.467125
          ],
          [
            40.45364,
            47.467178
          ],
          [
            40.454014,
            47.467228
          ],
          [
            40.454388,
            47.467281
          ],
          [
            40.454754,
            47.467327
          ],
          [
            40.455124,
            47.467373
          ],
          [
            40.455486,
            47.467403
          ],
          [
            40.455841,
            47.467426
          ],
          [
            40.456177,
            47.467476
          ],
          [
            40.456532,
            47.467522
          ],
          [
            40.45689,
            47.467567
          ],
          [
            40.457245,
            47.467609
          ],
          [
            40.4576,
            47.467659
          ],
          [
            40.457954,
            47.467705
          ],
          [
            40.458313,
            47.467709
          ],
          [
            40.458668,
            47.467701
          ],
          [
            40.459023,
            47.467705
          ],
          [
            40.459389,
            47.467705
          ],
          [
            40.459743,
            47.467682
          ],
          [
            40.460094,
            47.467628
          ],
          [
            40.46043,
            47.467575
          ],
          [
            40.460747,
            47.467552
          ],
          [
            40.46109,
            47.467495
          ],
          [
            40.461418,
            47.467422
          ],
          [
            40.461712,
            47.467358
          ],
          [
            40.46204,
            47.467281
          ],
          [
            40.462372,
            47.467194
          ],
          [
            40.462708,
            47.467106
          ],
          [
            40.463043,
            47.467007
          ],
          [
            40.46336,
            47.466919
          ],
          [
            40.463676,
            47.46682
          ],
          [
            40.463982,
            47.466728
          ],
          [
            40.464294,
            47.46664
          ],
          [
            40.464615,
            47.466545
          ],
          [
            40.464931,
            47.466446
          ],
          [
            40.465244,
            47.466343
          ],
          [
            40.465542,
            47.466255
          ],
          [
            40.465847,
            47.466156
          ],
          [
            40.466164,
            47.466038
          ],
          [
            40.466442,
            47.465912
          ],
          [
            40.466736,
            47.46579
          ],
          [
            40.467033,
            47.465675
          ],
          [
            40.467346,
            47.465553
          ],
          [
            40.467651,
            47.465443
          ],
          [
            40.467934,
            47.465355
          ],
          [
            40.468288,
            47.465202
          ],
          [
            40.468571,
            47.465107
          ],
          [
            40.46888,
            47.464993
          ],
          [
            40.469204,
            47.464886
          ],
          [
            40.469524,
            47.464787
          ],
          [
            40.469837,
            47.464695
          ],
          [
            40.470154,
            47.464619
          ],
          [
            40.470459,
            47.464535
          ],
          [
            40.470741,
            47.464478
          ],
          [
            40.471088,
            47.464382
          ],
          [
            40.47142,
            47.464272
          ],
          [
            40.471748,
            47.464184
          ],
          [
            40.472073,
            47.464104
          ],
          [
            40.472385,
            47.464043
          ],
          [
            40.472706,
            47.463978
          ],
          [
            40.47303,
            47.463898
          ],
          [
            40.473354,
            47.463802
          ],
          [
            40.473675,
            47.463711
          ],
          [
            40.473984,
            47.463615
          ],
          [
            40.474293,
            47.463539
          ],
          [
            40.474609,
            47.463432
          ],
          [
            40.474911,
            47.463333
          ],
          [
            40.475239,
            47.4632
          ],
          [
            40.475559,
            47.463093
          ],
          [
            40.475876,
            47.463009
          ],
          [
            40.476185,
            47.46294
          ],
          [
            40.476494,
            47.462852
          ],
          [
            40.476814,
            47.462753
          ],
          [
            40.477161,
            47.462662
          ],
          [
            40.477478,
            47.462563
          ],
          [
            40.477806,
            47.462456
          ],
          [
            40.478138,
            47.462357
          ],
          [
            40.478493,
            47.462254
          ],
          [
            40.47884,
            47.462173
          ],
          [
            40.479176,
            47.462116
          ],
          [
            40.479504,
            47.46207
          ],
          [
            40.479824,
            47.462044
          ],
          [
            40.480137,
            47.462006
          ],
          [
            40.480473,
            47.461956
          ],
          [
            40.480816,
            47.46191
          ],
          [
            40.481159,
            47.461861
          ],
          [
            40.481503,
            47.461811
          ],
          [
            40.481846,
            47.46175
          ],
          [
            40.482189,
            47.461697
          ],
          [
            40.482525,
            47.461636
          ],
          [
            40.482853,
            47.461578
          ],
          [
            40.483208,
            47.461514
          ],
          [
            40.48357,
            47.461433
          ],
          [
            40.48394,
            47.461384
          ],
          [
            40.484295,
            47.461327
          ],
          [
            40.484638,
            47.461266
          ],
          [
            40.48497,
            47.461197
          ],
          [
            40.485306,
            47.461128
          ],
          [
            40.485638,
            47.46106
          ],
          [
            40.48597,
            47.460987
          ],
          [
            40.486298,
            47.460915
          ],
          [
            40.486641,
            47.460846
          ],
          [
            40.486992,
            47.460762
          ],
          [
            40.487324,
            47.460682
          ],
          [
            40.487652,
            47.460609
          ],
          [
            40.487991,
            47.460541
          ],
          [
            40.488327,
            47.460487
          ],
          [
            40.488674,
            47.460442
          ],
          [
            40.489021,
            47.460396
          ],
          [
            40.489361,
            47.460342
          ],
          [
            40.489708,
            47.460312
          ],
          [
            40.490055,
            47.460312
          ],
          [
            40.490398,
            47.46032
          ],
          [
            40.490738,
            47.460335
          ],
          [
            40.491077,
            47.46035
          ],
          [
            40.49144,
            47.460361
          ],
          [
            40.491795,
            47.460388
          ],
          [
            40.492146,
            47.460411
          ],
          [
            40.492485,
            47.46043
          ],
          [
            40.492828,
            47.460438
          ],
          [
            40.493176,
            47.460438
          ],
          [
            40.493515,
            47.460453
          ],
          [
            40.493855,
            47.460472
          ],
          [
            40.49419,
            47.460503
          ],
          [
            40.494541,
            47.460533
          ],
          [
            40.494892,
            47.46056
          ],
          [
            40.495247,
            47.460602
          ],
          [
            40.495602,
            47.460583
          ],
          [
            40.495964,
            47.460575
          ],
          [
            40.496315,
            47.460594
          ],
          [
            40.496655,
            47.460621
          ],
          [
            40.49699,
            47.460648
          ],
          [
            40.497326,
            47.460678
          ],
          [
            40.497665,
            47.460697
          ],
          [
            40.498013,
            47.460712
          ],
          [
            40.498363,
            47.460709
          ],
          [
            40.498722,
            47.460709
          ],
          [
            40.499077,
            47.460716
          ],
          [
            40.499424,
            47.46072
          ],
          [
            40.499783,
            47.460724
          ],
          [
            40.500134,
            47.460724
          ],
          [
            40.500488,
            47.460728
          ],
          [
            40.500839,
            47.460732
          ],
          [
            40.501198,
            47.460735
          ],
          [
            40.501564,
            47.46072
          ],
          [
            40.501919,
            47.460712
          ],
          [
            40.502281,
            47.460705
          ],
          [
            40.502632,
            47.460701
          ],
          [
            40.502979,
            47.460712
          ],
          [
            40.503338,
            47.460709
          ],
          [
            40.503658,
            47.460754
          ],
          [
            40.504021,
            47.460747
          ],
          [
            40.504379,
            47.460754
          ],
          [
            40.504726,
            47.460781
          ],
          [
            40.505074,
            47.460812
          ],
          [
            40.505424,
            47.460846
          ],
          [
            40.505775,
            47.46088
          ],
          [
            40.506123,
            47.460907
          ],
          [
            40.506477,
            47.46093
          ],
          [
            40.506824,
            47.460949
          ],
          [
            40.50716,
            47.460972
          ],
          [
            40.507504,
            47.460995
          ],
          [
            40.507839,
            47.461025
          ],
          [
            40.508171,
            47.461052
          ],
          [
            40.508499,
            47.461067
          ],
          [
            40.50882,
            47.461082
          ],
          [
            40.50914,
            47.461082
          ],
          [
            40.509422,
            47.461086
          ],
          [
            40.509735,
            47.461052
          ],
          [
            40.510063,
            47.461029
          ],
          [
            40.510376,
            47.461021
          ],
          [
            40.510689,
            47.461029
          ],
          [
            40.510986,
            47.461063
          ],
          [
            40.51128,
            47.461094
          ],
          [
            40.51157,
            47.461128
          ],
          [
            40.511879,
            47.461151
          ],
          [
            40.512165,
            47.461193
          ],
          [
            40.512432,
            47.461254
          ],
          [
            40.51268,
            47.461334
          ],
          [
            40.512924,
            47.461418
          ],
          [
            40.513195,
            47.461479
          ],
          [
            40.513466,
            47.461525
          ],
          [
            40.513737,
            47.461597
          ],
          [
            40.513992,
            47.461689
          ],
          [
            40.514229,
            47.461773
          ],
          [
            40.514435,
            47.461891
          ],
          [
            40.51466,
            47.462006
          ],
          [
            40.514885,
            47.462128
          ],
          [
            40.51511,
            47.462246
          ],
          [
            40.515327,
            47.462368
          ],
          [
            40.515545,
            47.462486
          ],
          [
            40.515781,
            47.462601
          ],
          [
            40.516022,
            47.462711
          ],
          [
            40.516266,
            47.462818
          ],
          [
            40.51651,
            47.462925
          ],
          [
            40.516747,
            47.463043
          ],
          [
            40.516987,
            47.463161
          ],
          [
            40.517231,
            47.46328
          ],
          [
            40.517479,
            47.463402
          ],
          [
            40.517735,
            47.463528
          ],
          [
            40.51799,
            47.46365
          ],
          [
            40.518253,
            47.463772
          ],
          [
            40.518517,
            47.463902
          ],
          [
            40.518791,
            47.46402
          ],
          [
            40.519062,
            47.464149
          ],
          [
            40.519341,
            47.464283
          ],
          [
            40.519615,
            47.464424
          ],
          [
            40.51989,
            47.464565
          ],
          [
            40.520168,
            47.464703
          ],
          [
            40.520458,
            47.464828
          ],
          [
            40.520752,
            47.464951
          ],
          [
            40.521042,
            47.465076
          ],
          [
            40.521328,
            47.465218
          ],
          [
            40.521606,
            47.465366
          ],
          [
            40.521877,
            47.465515
          ],
          [
            40.522129,
            47.465675
          ],
          [
            40.522369,
            47.465843
          ],
          [
            40.522621,
            47.466003
          ],
          [
            40.522865,
            47.466167
          ],
          [
            40.523087,
            47.466343
          ],
          [
            40.523258,
            47.46653
          ],
          [
            40.52343,
            47.466728
          ],
          [
            40.523586,
            47.46693
          ],
          [
            40.523735,
            47.467136
          ],
          [
            40.523876,
            47.467339
          ],
          [
            40.524033,
            47.467541
          ],
          [
            40.524197,
            47.467777
          ],
          [
            40.524319,
            47.467991
          ],
          [
            40.524445,
            47.468208
          ],
          [
            40.524551,
            47.468437
          ],
          [
            40.524662,
            47.468666
          ],
          [
            40.524769,
            47.468887
          ],
          [
            40.524872,
            47.469097
          ],
          [
            40.524979,
            47.469315
          ],
          [
            40.525082,
            47.469536
          ],
          [
            40.525181,
            47.469753
          ],
          [
            40.525295,
            47.469975
          ],
          [
            40.525414,
            47.470184
          ],
          [
            40.525494,
            47.470398
          ],
          [
            40.525604,
            47.470627
          ],
          [
            40.525742,
            47.470852
          ],
          [
            40.525871,
            47.471073
          ],
          [
            40.525997,
            47.471298
          ],
          [
            40.526127,
            47.471535
          ],
          [
            40.526264,
            47.471767
          ],
          [
            40.52639,
            47.471992
          ],
          [
            40.526531,
            47.472221
          ],
          [
            40.526669,
            47.472446
          ],
          [
            40.52681,
            47.472668
          ],
          [
            40.526932,
            47.472866
          ],
          [
            40.52705,
            47.473072
          ],
          [
            40.52718,
            47.473282
          ],
          [
            40.527298,
            47.473503
          ],
          [
            40.527412,
            47.473732
          ],
          [
            40.527454,
            47.473965
          ],
          [
            40.527519,
            47.474194
          ],
          [
            40.527649,
            47.474419
          ],
          [
            40.527775,
            47.474644
          ],
          [
            40.527924,
            47.474869
          ],
          [
            40.528046,
            47.475094
          ],
          [
            40.528172,
            47.475327
          ],
          [
            40.528286,
            47.475555
          ],
          [
            40.528393,
            47.47578
          ],
          [
            40.528526,
            47.476036
          ],
          [
            40.528648,
            47.476257
          ],
          [
            40.528774,
            47.476448
          ],
          [
            40.528908,
            47.476673
          ],
          [
            40.529034,
            47.476898
          ],
          [
            40.529152,
            47.477116
          ],
          [
            40.529282,
            47.477337
          ],
          [
            40.529434,
            47.477581
          ]
        ]
      },
      "properties": {}
    },
    {
      "type": "Feature",
      "id": 1141,
      "geometry": {
        "type": "Point",
        "coordinates": [
          40.328178,
          47.312737
        ]
      },
      "properties": {
        "time": "132860"
      }
    },
    {
      "type": "Feature",
      "id": 1142,
      "geometry": {
        "type": "Point",
        "coordinates": [
          40.328499,
          47.31279
        ]
      },
      "properties": {
        "time": "132861"
      }
    },
    {
      "type": "Feature",
      "id": 1143,
      "geometry": {
        "type": "Point",
        "coordinates": [
          40.328823,
          47.31284
        ]
      },
      "properties": {
        "time": "132862"
      }
    },
    {
      "type": "Feature",
      "id": 1144,
      "geometry": {
        "type": "Point",
        "coordinates": [
          40.32914,
          47.31287
        ]
      },
      "properties": {
        "time": "132863"
      }
    },
    {
      "type": "Feature",
      "id": 1145,
      "geometry": {
        "type": "Point",
        "coordinates": [
          40.329453,
          47.312901
        ]
      },
      "properties": {
        "time": "132864"
      }
    },
    {
      "type": "Feature",
      "id": 1146,
      "geometry": {
        "type": "Point",
        "coordinates": [
          40.329765,
          47.312939
        ]
      },
      "properties": {
        "time": "132865"
      }
    },
    {
      "type": "Feature",
      "id": 1147,
      "geometry": {
        "type": "Point",
        "coordinates": [
          40.330082,
          47.312977
        ]
      },
      "properties": {
        "time": "132866"
      }
    },
    {
      "type": "Feature",
      "id": 1148,
      "geometry": {
        "type": "Point",
        "coordinates": [
          40.330402,
          47.31303
        ]
      },
      "properties": {
        "time": "132867"
      }
    },
    {
      "type": "Feature",
      "id": 1149,
      "geometry": {
        "type": "Point",
        "coordinates": [
          40.330727,
          47.313065
        ]
      },
      "properties": {
        "time": "132868"
      }
    },
    {
      "type": "Feature",
      "id": 1150,
      "geometry": {
        "type": "Point",
        "coordinates": [
          40.331043,
          47.313145
        ]
      },
      "properties": {
        "time": "132869"
      }
    },
    {
      "type": "Feature",
      "id": 1151,
      "geometry": {
        "type": "Point",
        "coordinates": [
          40.331348,
          47.313251
        ]
      },
      "properties": {
        "time": "132870"
      }
    },
    {
      "type": "Feature",
      "id": 1152,
      "geometry": {
        "type": "Point",
        "coordinates": [
          40.331661,
          47.313332
        ]
      },
      "properties": {
        "time": "132871"
      }
    },
    {
      "type": "Feature",
      "id": 1153,
      "geometry": {
        "type": "Point",
        "coordinates": [
          40.331974,
          47.313408
        ]
      },
      "properties": {
        "time": "132872"
      }
    },
    {
      "type": "Feature",
      "id": 1154,
      "geometry": {
        "type": "Point",
        "coordinates": [
          40.332306,
          47.313431
        ]
      },
      "properties": {
        "time": "132873"
      }
    },
    {
      "type": "Feature",
      "id": 1155,
      "geometry": {
        "type": "Point",
        "coordinates": [
          40.332607,
          47.313488
        ]
      },
      "properties": {
        "time": "132874"
      }
    },
    {
      "type": "Feature",
      "id": 1156,
      "geometry": {
        "type": "Point",
        "coordinates": [
          40.332916,
          47.313557
        ]
      },
      "properties": {
        "time": "132875"
      }
    },
    {
      "type": "Feature",
      "id": 1157,
      "geometry": {
        "type": "Point",
        "coordinates": [
          40.333237,
          47.313618
        ]
      },
      "properties": {
        "time": "132876"
      }
    },
    {
      "type": "Feature",
      "id": 1158,
      "geometry": {
        "type": "Point",
        "coordinates": [
          40.333557,
          47.313656
        ]
      },
      "properties": {
        "time": "132877"
      }
    },
    {
      "type": "Feature",
      "id": 1159,
      "geometry": {
        "type": "Point",
        "coordinates": [
          40.333881,
          47.31374
        ]
      },
      "properties": {
        "time": "132878"
      }
    },
    {
      "type": "Feature",
      "id": 1160,
      "geometry": {
        "type": "Point",
        "coordinates": [
          40.334206,
          47.313808
        ]
      },
      "properties": {
        "time": "132879"
      }
    },
    {
      "type": "Feature",
      "id": 1161,
      "geometry": {
        "type": "Point",
        "coordinates": [
          40.334522,
          47.313869
        ]
      },
      "properties": {
        "time": "132880"
      }
    },
    {
      "type": "Feature",
      "id": 1162,
      "geometry": {
        "type": "Point",
        "coordinates": [
          40.334835,
          47.313931
        ]
      },
      "properties": {
        "time": "132881"
      }
    },
    {
      "type": "Feature",
      "id": 1163,
      "geometry": {
        "type": "Point",
        "coordinates": [
          40.335152,
          47.313988
        ]
      },
      "properties": {
        "time": "132882"
      }
    },
    {
      "type": "Feature",
      "id": 1164,
      "geometry": {
        "type": "Point",
        "coordinates": [
          40.335461,
          47.314045
        ]
      },
      "properties": {
        "time": "132883"
      }
    },
    {
      "type": "Feature",
      "id": 1165,
      "geometry": {
        "type": "Point",
        "coordinates": [
          40.335781,
          47.314121
        ]
      },
      "properties": {
        "time": "132884"
      }
    },
    {
      "type": "Feature",
      "id": 1166,
      "geometry": {
        "type": "Point",
        "coordinates": [
          40.336113,
          47.314137
        ]
      },
      "properties": {
        "time": "132885"
      }
    },
    {
      "type": "Feature",
      "id": 1167,
      "geometry": {
        "type": "Point",
        "coordinates": [
          40.336452,
          47.314178
        ]
      },
      "properties": {
        "time": "132886"
      }
    },
    {
      "type": "Feature",
      "id": 1168,
      "geometry": {
        "type": "Point",
        "coordinates": [
          40.336777,
          47.314243
        ]
      },
      "properties": {
        "time": "132887"
      }
    },
    {
      "type": "Feature",
      "id": 1169,
      "geometry": {
        "type": "Point",
        "coordinates": [
          40.337109,
          47.314331
        ]
      },
      "properties": {
        "time": "132888"
      }
    },
    {
      "type": "Feature",
      "id": 1170,
      "geometry": {
        "type": "Point",
        "coordinates": [
          40.337444,
          47.314396
        ]
      },
      "properties": {
        "time": "132889"
      }
    },
    {
      "type": "Feature",
      "id": 1171,
      "geometry": {
        "type": "Point",
        "coordinates": [
          40.372528,
          47.390495
        ]
      },
      "properties": {
        "time": "133040"
      }
    },
    {
      "type": "Feature",
      "id": 1172,
      "geometry": {
        "type": "Point",
        "coordinates": [
          40.369934,
          47.386745
        ]
      },
      "properties": {
        "time": "133041"
      }
    },
    {
      "type": "Feature",
      "id": 1173,
      "geometry": {
        "type": "Point",
        "coordinates": [
          40.367603,
          47.382923
        ]
      },
      "properties": {
        "time": "133042"
      }
    },
    {
      "type": "Feature",
      "id": 1174,
      "geometry": {
        "type": "Point",
        "coordinates": [
          40.365555,
          47.379051
        ]
      },
      "properties": {
        "time": "133043"
      }
    },
    {
      "type": "Feature",
      "id": 1175,
      "geometry": {
        "type": "Point",
        "coordinates": [
          40.363743,
          47.375061
        ]
      },
      "properties": {
        "time": "133044"
      }
    },
    {
      "type": "Feature",
      "id": 1176,
      "geometry": {
        "type": "Point",
        "coordinates": [
          40.362232,
          47.371052
        ]
      },
      "properties": {
        "time": "133045"
      }
    },
    {
      "type": "Feature",
      "id": 1177,
      "geometry": {
        "type": "Point",
        "coordinates": [
          40.360958,
          47.367008
        ]
      },
      "properties": {
        "time": "133046"
      }
    },
    {
      "type": "Feature",
      "id": 1178,
      "geometry": {
        "type": "Point",
        "coordinates": [
          40.360023,
          47.362919
        ]
      },
      "properties": {
        "time": "133047"
      }
    },
    {
      "type": "Feature",
      "id": 1179,
      "geometry": {
        "type": "Point",
        "coordinates": [
          40.359375,
          47.358776
        ]
      },
      "properties": {
        "time": "133048"
      }
    },
    {
      "type": "Feature",
      "id": 1180,
      "geometry": {
        "type": "Point",
        "coordinates": [
          40.359005,
          47.354649
        ]
      },
      "properties": {
        "time": "133049"
      }
    },
    {
      "type": "Feature",
      "id": 1181,
      "geometry": {
        "type": "Point",
        "coordinates": [
          40.35894,
          47.350525
        ]
      },
      "properties": {
        "time": "133050"
      }
    },
    {
      "type": "Feature",
      "id": 1182,
      "geometry": {
        "type": "Point",
        "coordinates": [
          40.359146,
          47.34639
        ]
      },
      "properties": {
        "time": "133051"
      }
    },
    {
      "type": "Feature",
      "id": 1183,
      "geometry": {
        "type": "Point",
        "coordinates": [
          40.359634,
          47.34227
        ]
      },
      "properties": {
        "time": "133052"
      }
    },
    {
      "type": "Feature",
      "id": 1184,
      "geometry": {
        "type": "Point",
        "coordinates": [
          40.360397,
          47.338165
        ]
      },
      "properties": {
        "time": "133053"
      }
    },
    {
      "type": "Feature",
      "id": 1185,
      "geometry": {
        "type": "Point",
        "coordinates": [
          40.361446,
          47.334091
        ]
      },
      "properties": {
        "time": "133054"
      }
    },
    {
      "type": "Feature",
      "id": 1186,
      "geometry": {
        "type": "Point",
        "coordinates": [
          40.362778,
          47.330051
        ]
      },
      "properties": {
        "time": "133055"
      }
    },
    {
      "type": "Feature",
      "id": 1187,
      "geometry": {
        "type": "Point",
        "coordinates": [
          40.364388,
          47.326065
        ]
      },
      "properties": {
        "time": "133056"
      }
    },
    {
      "type": "Feature",
      "id": 1188,
      "geometry": {
        "type": "Point",
        "coordinates": [
          40.366261,
          47.322124
        ]
      },
      "properties": {
        "time": "133057"
      }
    },
    {
      "type": "Feature",
      "id": 1189,
      "geometry": {
        "type": "Point",
        "coordinates": [
          40.368408,
          47.318249
        ]
      },
      "properties": {
        "time": "133058"
      }
    },
    {
      "type": "Feature",
      "id": 1190,
      "geometry": {
        "type": "Point",
        "coordinates": [
          40.370831,
          47.314445
        ]
      },
      "properties": {
        "time": "133059"
      }
    },
    {
      "type": "Feature",
      "id": 1191,
      "geometry": {
        "type": "Point",
        "coordinates": [
          40.373489,
          47.31073
        ]
      },
      "properties": {
        "time": "133060"
      }
    },
    {
      "type": "Feature",
      "id": 1192,
      "geometry": {
        "type": "Point",
        "coordinates": [
          40.376419,
          47.307102
        ]
      },
      "properties": {
        "time": "133061"
      }
    },
    {
      "type": "Feature",
      "id": 1193,
      "geometry": {
        "type": "Point",
        "coordinates": [
          40.379593,
          47.303574
        ]
      },
      "properties": {
        "time": "133062"
      }
    },
    {
      "type": "Feature",
      "id": 1194,
      "geometry": {
        "type": "Point",
        "coordinates": [
          40.383026,
          47.300125
        ]
      },
      "properties": {
        "time": "133063"
      }
    },
    {
      "type": "Feature",
      "id": 1195,
      "geometry": {
        "type": "Point",
        "coordinates": [
          40.386684,
          47.296795
        ]
      },
      "properties": {
        "time": "133064"
      }
    },
    {
      "type": "Feature",
      "id": 1196,
      "geometry": {
        "type": "Point",
        "coordinates": [
          40.390553,
          47.293606
        ]
      },
      "properties": {
        "time": "133065"
      }
    },
    {
      "type": "Feature",
      "id": 1197,
      "geometry": {
        "type": "Point",
        "coordinates": [
          40.394627,
          47.29055
        ]
      },
      "properties": {
        "time": "133066"
      }
    },
    {
      "type": "Feature",
      "id": 1198,
      "geometry": {
        "type": "Point",
        "coordinates": [
          40.398914,
          47.287621
        ]
      },
      "properties": {
        "time": "133067"
      }
    },
    {
      "type": "Feature",
      "id": 1199,
      "geometry": {
        "type": "Point",
        "coordinates": [
          40.403408,
          47.284828
        ]
      },
      "properties": {
        "time": "133068"
      }
    },
    {
      "type": "Feature",
      "id": 1200,
      "geometry": {
        "type": "Point",
        "coordinates": [
          40.408073,
          47.282181
        ]
      },
      "properties": {
        "time": "133069"
      }
    },
    {
      "type": "Feature",
      "id": 1201,
      "geometry": {
        "type": "Point",
        "coordinates": [
          40.412918,
          47.27969
        ]
      },
      "properties": {
        "time": "133070"
      }
    },
    {
      "type": "Feature",
      "id": 1202,
      "geometry": {
        "type": "Point",
        "coordinates": [
          40.417934,
          47.277363
        ]
      },
      "properties": {
        "time": "133071"
      }
    },
    {
      "type": "Feature",
      "id": 1203,
      "geometry": {
        "type": "Point",
        "coordinates": [
          40.4231,
          47.275192
        ]
      },
      "properties": {
        "time": "133072"
      }
    },
    {
      "type": "Feature",
      "id": 1204,
      "geometry": {
        "type": "Point",
        "coordinates": [
          40.42841,
          47.273193
        ]
      },
      "properties": {
        "time": "133073"
      }
    },
    {
      "type": "Feature",
      "id": 1205,
      "geometry": {
        "type": "Point",
        "coordinates": [
          40.433853,
          47.271362
        ]
      },
      "properties": {
        "time": "133074"
      }
    },
    {
      "type": "Feature",
      "id": 1206,
      "geometry": {
        "type": "Point",
        "coordinates": [
          40.439419,
          47.269707
        ]
      },
      "properties": {
        "time": "133075"
      }
    },
    {
      "type": "Feature",
      "id": 1207,
      "geometry": {
        "type": "Point",
        "coordinates": [
          40.445099,
          47.268238
        ]
      },
      "properties": {
        "time": "133076"
      }
    },
    {
      "type": "Feature",
      "id": 1208,
      "geometry": {
        "type": "Point",
        "coordinates": [
          40.450874,
          47.266949
        ]
      },
      "properties": {
        "time": "133077"
      }
    },
    {
      "type": "Feature",
      "id": 1209,
      "geometry": {
        "type": "Point",
        "coordinates": [
          40.456726,
          47.265842
        ]
      },
      "properties": {
        "time": "133078"
      }
    },
    {
      "type": "Feature",
      "id": 1210,
      "geometry": {
        "type": "Point",
        "coordinates": [
          40.462654,
          47.264915
        ]
      },
      "properties": {
        "time": "133079"
      }
    },
    {
      "type": "Feature",
      "id": 1211,
      "geometry": {
        "type": "Point",
        "coordinates": [
          40.468636,
          47.264183
        ]
      },
      "properties": {
        "time": "133080"
      }
    },
    {
      "type": "Feature",
      "id": 1212,
      "geometry": {
        "type": "Point",
        "coordinates": [
          40.474667,
          47.263638
        ]
      },
      "properties": {
        "time": "133081"
      }
    },
    {
      "type": "Feature",
      "id": 1213,
      "geometry": {
        "type": "Point",
        "coordinates": [
          40.480724,
          47.263294
        ]
      },
      "properties": {
        "time": "133082"
      }
    },
    {
      "type": "Feature",
      "id": 1214,
      "geometry": {
        "type": "Point",
        "coordinates": [
          40.486805,
          47.263134
        ]
      },
      "properties": {
        "time": "133083"
      }
    },
    {
      "type": "Feature",
      "id": 1215,
      "geometry": {
        "type": "Point",
        "coordinates": [
          40.492882,
          47.263176
        ]
      },
      "properties": {
        "time": "133084"
      }
    },
    {
      "type": "Feature",
      "id": 1216,
      "geometry": {
        "type": "Point",
        "coordinates": [
          40.498951,
          47.263412
        ]
      },
      "properties": {
        "time": "133085"
      }
    },
    {
      "type": "Feature",
      "id": 1217,
      "geometry": {
        "type": "Point",
        "coordinates": [
          40.504986,
          47.263844
        ]
      },
      "properties": {
        "time": "133086"
      }
    },
    {
      "type": "Feature",
      "id": 1218,
      "geometry": {
        "type": "Point",
        "coordinates": [
          40.510998,
          47.264469
        ]
      },
      "properties": {
        "time": "133087"
      }
    },
    {
      "type": "Feature",
      "id": 1219,
      "geometry": {
        "type": "Point",
        "coordinates": [
          40.516964,
          47.265278
        ]
      },
      "properties": {
        "time": "133088"
      }
    },
    {
      "type": "Feature",
      "id": 1220,
      "geometry": {
        "type": "Point",
        "coordinates": [
          40.52285,
          47.266273
        ]
      },
      "properties": {
        "time": "133089"
      }
    },
    {
      "type": "Feature",
      "id": 1221,
      "geometry": {
        "type": "Point",
        "coordinates": [
          40.528675,
          47.267464
        ]
      },
      "properties": {
        "time": "133090"
      }
    },
    {
      "type": "Feature",
      "id": 1222,
      "geometry": {
        "type": "Point",
        "coordinates": [
          40.534393,
          47.268826
        ]
      },
      "properties": {
        "time": "133091"
      }
    },
    {
      "type": "Feature",
      "id": 1223,
      "geometry": {
        "type": "Point",
        "coordinates": [
          40.54002,
          47.27037
        ]
      },
      "properties": {
        "time": "133092"
      }
    },
    {
      "type": "Feature",
      "id": 1224,
      "geometry": {
        "type": "Point",
        "coordinates": [
          40.545555,
          47.272114
        ]
      },
      "properties": {
        "time": "133093"
      }
    },
    {
      "type": "Feature",
      "id": 1225,
      "geometry": {
        "type": "Point",
        "coordinates": [
          40.550972,
          47.273945
        ]
      },
      "properties": {
        "time": "133094"
      }
    },
    {
      "type": "Feature",
      "id": 1226,
      "geometry": {
        "type": "Point",
        "coordinates": [
          40.556225,
          47.276009
        ]
      },
      "properties": {
        "time": "133095"
      }
    },
    {
      "type": "Feature",
      "id": 1227,
      "geometry": {
        "type": "Point",
        "coordinates": [
          40.56131,
          47.278244
        ]
      },
      "properties": {
        "time": "133096"
      }
    },
    {
      "type": "Feature",
      "id": 1228,
      "geometry": {
        "type": "Point",
        "coordinates": [
          40.566254,
          47.28064
        ]
      },
      "properties": {
        "time": "133097"
      }
    },
    {
      "type": "Feature",
      "id": 1229,
      "geometry": {
        "type": "Point",
        "coordinates": [
          40.571033,
          47.283211
        ]
      },
      "properties": {
        "time": "133098"
      }
    },
    {
      "type": "Feature",
      "id": 1230,
      "geometry": {
        "type": "Point",
        "coordinates": [
          40.575657,
          47.285912
        ]
      },
      "properties": {
        "time": "133099"
      }
    },
    {
      "type": "Feature",
      "id": 1231,
      "geometry": {
        "type": "Point",
        "coordinates": [
          40.580074,
          47.288746
        ]
      },
      "properties": {
        "time": "133100"
      }
    },
    {
      "type": "Feature",
      "id": 1232,
      "geometry": {
        "type": "Point",
        "coordinates": [
          40.584312,
          47.291756
        ]
      },
      "properties": {
        "time": "133101"
      }
    },
    {
      "type": "Feature",
      "id": 1233,
      "geometry": {
        "type": "Point",
        "coordinates": [
          40.588306,
          47.294903
        ]
      },
      "properties": {
        "time": "133102"
      }
    },
    {
      "type": "Feature",
      "id": 1234,
      "geometry": {
        "type": "Point",
        "coordinates": [
          40.592064,
          47.298161
        ]
      },
      "properties": {
        "time": "133103"
      }
    },
    {
      "type": "Feature",
      "id": 1235,
      "geometry": {
        "type": "Point",
        "coordinates": [
          40.595623,
          47.30151
        ]
      },
      "properties": {
        "time": "133104"
      }
    },
    {
      "type": "Feature",
      "id": 1236,
      "geometry": {
        "type": "Point",
        "coordinates": [
          40.598915,
          47.304996
        ]
      },
      "properties": {
        "time": "133105"
      }
    },
    {
      "type": "Feature",
      "id": 1237,
      "geometry": {
        "type": "Point",
        "coordinates": [
          40.601963,
          47.308578
        ]
      },
      "properties": {
        "time": "133106"
      }
    },
    {
      "type": "Feature",
      "id": 1238,
      "geometry": {
        "type": "Point",
        "coordinates": [
          40.604763,
          47.312267
        ]
      },
      "properties": {
        "time": "133107"
      }
    },
    {
      "type": "Feature",
      "id": 1239,
      "geometry": {
        "type": "Point",
        "coordinates": [
          40.607307,
          47.31604
        ]
      },
      "properties": {
        "time": "133108"
      }
    },
    {
      "type": "Feature",
      "id": 1240,
      "geometry": {
        "type": "Point",
        "coordinates": [
          40.609627,
          47.319847
        ]
      },
      "properties": {
        "time": "133109"
      }
    },
    {
      "type": "Feature",
      "id": 1241,
      "geometry": {
        "type": "Point",
        "coordinates": [
          40.611664,
          47.32373
        ]
      },
      "properties": {
        "time": "133110"
      }
    },
    {
      "type": "Feature",
      "id": 1242,
      "geometry": {
        "type": "Point",
        "coordinates": [
          40.613434,
          47.327652
        ]
      },
      "properties": {
        "time": "133111"
      }
    },
    {
      "type": "Feature",
      "id": 1243,
      "geometry": {
        "type": "Point",
        "coordinates": [
          40.614925,
          47.331612
        ]
      },
      "properties": {
        "time": "133112"
      }
    },
    {
      "type": "Feature",
      "id": 1244,
      "geometry": {
        "type": "Point",
        "coordinates": [
          40.616138,
          47.335678
        ]
      },
      "properties": {
        "time": "133113"
      }
    },
    {
      "type": "Feature",
      "id": 1245,
      "geometry": {
        "type": "Point",
        "coordinates": [
          40.61705,
          47.339798
        ]
      },
      "properties": {
        "time": "133114"
      }
    },
    {
      "type": "Feature",
      "id": 1246,
      "geometry": {
        "type": "Point",
        "coordinates": [
          40.617699,
          47.34391
        ]
      },
      "properties": {
        "time": "133115"
      }
    },
    {
      "type": "Feature",
      "id": 1247,
      "geometry": {
        "type": "Point",
        "coordinates": [
          40.61805,
          47.348038
        ]
      },
      "properties": {
        "time": "133116"
      }
    },
    {
      "type": "Feature",
      "id": 1248,
      "geometry": {
        "type": "Point",
        "coordinates": [
          40.618126,
          47.352165
        ]
      },
      "properties": {
        "time": "133117"
      }
    },
    {
      "type": "Feature",
      "id": 1249,
      "geometry": {
        "type": "Point",
        "coordinates": [
          40.617912,
          47.356293
        ]
      },
      "properties": {
        "time": "133118"
      }
    },
    {
      "type": "Feature",
      "id": 1250,
      "geometry": {
        "type": "Point",
        "coordinates": [
          40.617424,
          47.36039
        ]
      },
      "properties": {
        "time": "133119"
      }
    },
    {
      "type": "Feature",
      "id": 1251,
      "geometry": {
        "type": "Point",
        "coordinates": [
          40.616653,
          47.36451
        ]
      },
      "properties": {
        "time": "133120"
      }
    },
    {
      "type": "Feature",
      "id": 1252,
      "geometry": {
        "type": "Point",
        "coordinates": [
          40.61557,
          47.368584
        ]
      },
      "properties": {
        "time": "133121"
      }
    },
    {
      "type": "Feature",
      "id": 1253,
      "geometry": {
        "type": "Point",
        "coordinates": [
          40.614262,
          47.372623
        ]
      },
      "properties": {
        "time": "133122"
      }
    },
    {
      "type": "Feature",
      "id": 1254,
      "geometry": {
        "type": "Point",
        "coordinates": [
          40.612675,
          47.376595
        ]
      },
      "properties": {
        "time": "133123"
      }
    },
    {
      "type": "Feature",
      "id": 1255,
      "geometry": {
        "type": "Point",
        "coordinates": [
          40.610725,
          47.380558
        ]
      },
      "properties": {
        "time": "133124"
      }
    },
    {
      "type": "Feature",
      "id": 1256,
      "geometry": {
        "type": "Point",
        "coordinates": [
          40.608513,
          47.384438
        ]
      },
      "properties": {
        "time": "133125"
      }
    },
    {
      "type": "Feature",
      "id": 1257,
      "geometry": {
        "type": "Point",
        "coordinates": [
          40.606079,
          47.388226
        ]
      },
      "properties": {
        "time": "133126"
      }
    },
    {
      "type": "Feature",
      "id": 1258,
      "geometry": {
        "type": "Point",
        "coordinates": [
          40.603344,
          47.391941
        ]
      },
      "properties": {
        "time": "133127"
      }
    },
    {
      "type": "Feature",
      "id": 1259,
      "geometry": {
        "type": "Point",
        "coordinates": [
          40.600368,
          47.39555
        ]
      },
      "properties": {
        "time": "133128"
      }
    },
    {
      "type": "Feature",
      "id": 1260,
      "geometry": {
        "type": "Point",
        "coordinates": [
          40.597137,
          47.399029
        ]
      },
      "properties": {
        "time": "133129"
      }
    },
    {
      "type": "Feature",
      "id": 1261,
      "geometry": {
        "type": "Point",
        "coordinates": [
          40.403088,
          47.370644
        ]
      },
      "properties": {
        "time": "133160"
      }
    },
    {
      "type": "Feature",
      "id": 1262,
      "geometry": {
        "type": "Point",
        "coordinates": [
          40.403503,
          47.370686
        ]
      },
      "properties": {
        "time": "133161"
      }
    },
    {
      "type": "Feature",
      "id": 1263,
      "geometry": {
        "type": "Point",
        "coordinates": [
          40.403912,
          47.370731
        ]
      },
      "properties": {
        "time": "133162"
      }
    },
    {
      "type": "Feature",
      "id": 1264,
      "geometry": {
        "type": "Point",
        "coordinates": [
          40.404312,
          47.370773
        ]
      },
      "properties": {
        "time": "133163"
      }
    },
    {
      "type": "Feature",
      "id": 1265,
      "geometry": {
        "type": "Point",
        "coordinates": [
          40.404713,
          47.370819
        ]
      },
      "properties": {
        "time": "133164"
      }
    },
    {
      "type": "Feature",
      "id": 1266,
      "geometry": {
        "type": "Point",
        "coordinates": [
          40.405125,
          47.370853
        ]
      },
      "properties": {
        "time": "133165"
      }
    },
    {
      "type": "Feature",
      "id": 1267,
      "geometry": {
        "type": "Point",
        "coordinates": [
          40.405514,
          47.370903
        ]
      },
      "properties": {
        "time": "133166"
      }
    },
    {
      "type": "Feature",
      "id": 1268,
      "geometry": {
        "type": "Point",
        "coordinates": [
          40.405903,
          47.370945
        ]
      },
      "properties": {
        "time": "133167"
      }
    },
    {
      "type": "Feature",
      "id": 1269,
      "geometry": {
        "type": "Point",
        "coordinates": [
          40.406322,
          47.370968
        ]
      },
      "properties": {
        "time": "133168"
      }
    },
    {
      "type": "Feature",
      "id": 1270,
      "geometry": {
        "type": "Point",
        "coordinates": [
          40.406734,
          47.370979
        ]
      },
      "properties": {
        "time": "133169"
      }
    },
    {
      "type": "Feature",
      "id": 1271,
      "geometry": {
        "type": "Point",
        "coordinates": [
          40.407162,
          47.370983
        ]
      },
      "properties": {
        "time": "133170"
      }
    },
    {
      "type": "Feature",
      "id": 1272,
      "geometry": {
        "type": "Point",
        "coordinates": [
          40.407581,
          47.370991
        ]
      },
      "properties": {
        "time": "133171"
      }
    },
    {
      "type": "Feature",
      "id": 1273,
      "geometry": {
        "type": "Point",
        "coordinates": [
          40.408005,
          47.370998
        ]
      },
      "properties": {
        "time": "133172"
      }
    },
    {
      "type": "Feature",
      "id": 1274,
      "geometry": {
        "type": "Point",
        "coordinates": [
          40.408424,
          47.371014
        ]
      },
      "properties": {
        "time": "133173"
      }
    },
    {
      "type": "Feature",
      "id": 1275,
      "geometry": {
        "type": "Point",
        "coordinates": [
          40.408844,
          47.371014
        ]
      },
      "properties": {
        "time": "133174"
      }
    },
    {
      "type": "Feature",
      "id": 1276,
      "geometry": {
        "type": "Point",
        "coordinates": [
          40.409252,
          47.371037
        ]
      },
      "properties": {
        "time": "133175"
      }
    },
    {
      "type": "Feature",
      "id": 1277,
      "geometry": {
        "type": "Point",
        "coordinates": [
          40.409687,
          47.371067
        ]
      },
      "properties": {
        "time": "133176"
      }
    },
    {
      "type": "Feature",
      "id": 1278,
      "geometry": {
        "type": "Point",
        "coordinates": [
          40.410118,
          47.371109
        ]
      },
      "properties": {
        "time": "133177"
      }
    },
    {
      "type": "Feature",
      "id": 1279,
      "geometry": {
        "type": "Point",
        "coordinates": [
          40.410519,
          47.37117
        ]
      },
      "properties": {
        "time": "133178"
      }
    },
    {
      "type": "Feature",
      "id": 1280,
      "geometry": {
        "type": "Point",
        "coordinates": [
          40.410892,
          47.371227
        ]
      },
      "properties": {
        "time": "133179"
      }
    },
    {
      "type": "Feature",
      "id": 1281,
      "geometry": {
        "type": "Point",
        "coordinates": [
          40.411259,
          47.371269
        ]
      },
      "properties": {
        "time": "133180"
      }
    },
    {
      "type": "Feature",
      "id": 1282,
      "geometry": {
        "type": "Point",
        "coordinates": [
          40.411633,
          47.371311
        ]
      },
      "properties": {
        "time": "133181"
      }
    },
    {
      "type": "Feature",
      "id": 1283,
      "geometry": {
        "type": "Point",
        "coordinates": [
          40.412045,
          47.371353
        ]
      },
      "properties": {
        "time": "133182"
      }
    },
    {
      "type": "Feature",
      "id": 1284,
      "geometry": {
        "type": "Point",
        "coordinates": [
          40.41246,
          47.371414
        ]
      },
      "properties": {
        "time": "133183"
      }
    },
    {
      "type": "Feature",
      "id": 1285,
      "geometry": {
        "type": "Point",
        "coordinates": [
          40.412903,
          47.371494
        ]
      },
      "properties": {
        "time": "133184"
      }
    },
    {
      "type": "Feature",
      "id": 1286,
      "geometry": {
        "type": "Point",
        "coordinates": [
          40.413338,
          47.371567
        ]
      },
      "properties": {
        "time": "133185"
      }
    },
    {
      "type": "Feature",
      "id": 1287,
      "geometry": {
        "type": "Point",
        "coordinates": [
          40.413773,
          47.371647
        ]
      },
      "properties": {
        "time": "133186"
      }
    },
    {
      "type": "Feature",
      "id": 1288,
      "geometry": {
        "type": "Point",
        "coordinates": [
          40.414188,
          47.371727
        ]
      },
      "properties": {
        "time": "133187"
      }
    },
    {
      "type": "Feature",
      "id": 1289,
      "geometry": {
        "type": "Point",
        "coordinates": [
          40.414616,
          47.371788
        ]
      },
      "properties": {
        "time": "133188"
      }
    },
    {
      "type": "Feature",
      "id": 1290,
      "geometry": {
        "type": "Point",
        "coordinates": [
          40.415047,
          47.371803
        ]
      },
      "properties": {
        "time": "133189"
      }
    },
    {
      "type": "Feature",
      "id": 1291,
      "geometry": {
        "type": "Point",
        "coordinates": [
          40.415443,
          47.371784
        ]
      },
      "properties": {
        "time": "133190"
      }
    },
    {
      "type": "Feature",
      "id": 1292,
      "geometry": {
        "type": "Point",
        "coordinates": [
          40.41584,
          47.371761
        ]
      },
      "properties": {
        "time": "133191"
      }
    },
    {
      "type": "Feature",
      "id": 1293,
      "geometry": {
        "type": "Point",
        "coordinates": [
          40.416225,
          47.371723
        ]
      },
      "properties": {
        "time": "133192"
      }
    },
    {
      "type": "Feature",
      "id": 1294,
      "geometry": {
        "type": "Point",
        "coordinates": [
          40.416595,
          47.371674
        ]
      },
      "properties": {
        "time": "133193"
      }
    },
    {
      "type": "Feature",
      "id": 1295,
      "geometry": {
        "type": "Point",
        "coordinates": [
          40.416973,
          47.371597
        ]
      },
      "properties": {
        "time": "133194"
      }
    },
    {
      "type": "Feature",
      "id": 1296,
      "geometry": {
        "type": "Point",
        "coordinates": [
          40.417343,
          47.371513
        ]
      },
      "properties": {
        "time": "133195"
      }
    },
    {
      "type": "Feature",
      "id": 1297,
      "geometry": {
        "type": "Point",
        "coordinates": [
          40.417713,
          47.371407
        ]
      },
      "properties": {
        "time": "133196"
      }
    },
    {
      "type": "Feature",
      "id": 1298,
      "geometry": {
        "type": "Point",
        "coordinates": [
          40.418091,
          47.371315
        ]
      },
      "properties": {
        "time": "133197"
      }
    },
    {
      "type": "Feature",
      "id": 1299,
      "geometry": {
        "type": "Point",
        "coordinates": [
          40.418468,
          47.371246
        ]
      },
      "properties": {
        "time": "133198"
      }
    },
    {
      "type": "Feature",
      "id": 1300,
      "geometry": {
        "type": "Point",
        "coordinates": [
          40.418865,
          47.371216
        ]
      },
      "properties": {
        "time": "133199"
      }
    },
    {
      "type": "Feature",
      "id": 1301,
      "geometry": {
        "type": "Point",
        "coordinates": [
          40.419258,
          47.371185
        ]
      },
      "properties": {
        "time": "133200"
      }
    },
    {
      "type": "Feature",
      "id": 1302,
      "geometry": {
        "type": "Point",
        "coordinates": [
          40.419651,
          47.371178
        ]
      },
      "properties": {
        "time": "133201"
      }
    },
    {
      "type": "Feature",
      "id": 1303,
      "geometry": {
        "type": "Point",
        "coordinates": [
          40.420052,
          47.371185
        ]
      },
      "properties": {
        "time": "133202"
      }
    },
    {
      "type": "Feature",
      "id": 1304,
      "geometry": {
        "type": "Point",
        "coordinates": [
          40.420448,
          47.371197
        ]
      },
      "properties": {
        "time": "133203"
      }
    },
    {
      "type": "Feature",
      "id": 1305,
      "geometry": {
        "type": "Point",
        "coordinates": [
          40.420841,
          47.371227
        ]
      },
      "properties": {
        "time": "133204"
      }
    },
    {
      "type": "Feature",
      "id": 1306,
      "geometry": {
        "type": "Point",
        "coordinates": [
          40.421227,
          47.371292
        ]
      },
      "properties": {
        "time": "133205"
      }
    },
    {
      "type": "Feature",
      "id": 1307,
      "geometry": {
        "type": "Point",
        "coordinates": [
          40.421589,
          47.371376
        ]
      },
      "properties": {
        "time": "133206"
      }
    },
    {
      "type": "Feature",
      "id": 1308,
      "geometry": {
        "type": "Point",
        "coordinates": [
          40.421959,
          47.37146
        ]
      },
      "properties": {
        "time": "133207"
      }
    },
    {
      "type": "Feature",
      "id": 1309,
      "geometry": {
        "type": "Point",
        "coordinates": [
          40.422325,
          47.371552
        ]
      },
      "properties": {
        "time": "133208"
      }
    },
    {
      "type": "Feature",
      "id": 1310,
      "geometry": {
        "type": "Point",
        "coordinates": [
          40.422688,
          47.371632
        ]
      },
      "properties": {
        "time": "133209"
      }
    },
    {
      "type": "Feature",
      "id": 1311,
      "geometry": {
        "type": "Point",
        "coordinates": [
          40.42305,
          47.371731
        ]
      },
      "properties": {
        "time": "133210"
      }
    },
    {
      "type": "Feature",
      "id": 1312,
      "geometry": {
        "type": "Point",
        "coordinates": [
          40.423416,
          47.371822
        ]
      },
      "properties": {
        "time": "133211"
      }
    },
    {
      "type": "Feature",
      "id": 1313,
      "geometry": {
        "type": "Point",
        "coordinates": [
          40.423782,
          47.371922
        ]
      },
      "properties": {
        "time": "133212"
      }
    },
    {
      "type": "Feature",
      "id": 1314,
      "geometry": {
        "type": "Point",
        "coordinates": [
          40.424141,
          47.372009
        ]
      },
      "properties": {
        "time": "133213"
      }
    },
    {
      "type": "Feature",
      "id": 1315,
      "geometry": {
        "type": "Point",
        "coordinates": [
          40.424522,
          47.372097
        ]
      },
      "properties": {
        "time": "133214"
      }
    },
    {
      "type": "Feature",
      "id": 1316,
      "geometry": {
        "type": "Point",
        "coordinates": [
          40.424889,
          47.372208
        ]
      },
      "properties": {
        "time": "133215"
      }
    },
    {
      "type": "Feature",
      "id": 1317,
      "geometry": {
        "type": "Point",
        "coordinates": [
          40.425259,
          47.372311
        ]
      },
      "properties": {
        "time": "133216"
      }
    },
    {
      "type": "Feature",
      "id": 1318,
      "geometry": {
        "type": "Point",
        "coordinates": [
          40.425625,
          47.37241
        ]
      },
      "properties": {
        "time": "133217"
      }
    },
    {
      "type": "Feature",
      "id": 1319,
      "geometry": {
        "type": "Point",
        "coordinates": [
          40.42598,
          47.372517
        ]
      },
      "properties": {
        "time": "133218"
      }
    },
    {
      "type": "Feature",
      "id": 1320,
      "geometry": {
        "type": "Point",
        "coordinates": [
          40.42635,
          47.372631
        ]
      },
      "properties": {
        "time": "133219"
      }
    },
    {
      "type": "Feature",
      "id": 1321,
      "geometry": {
        "type": "Point",
        "coordinates": [
          40.426731,
          47.372734
        ]
      },
      "properties": {
        "time": "133220"
      }
    },
    {
      "type": "Feature",
      "id": 1322,
      "geometry": {
        "type": "Point",
        "coordinates": [
          40.427105,
          47.372841
        ]
      },
      "properties": {
        "time": "133221"
      }
    },
    {
      "type": "Feature",
      "id": 1323,
      "geometry": {
        "type": "Point",
        "coordinates": [
          40.427467,
          47.372955
        ]
      },
      "properties": {
        "time": "133222"
      }
    },
    {
      "type": "Feature",
      "id": 1324,
      "geometry": {
        "type": "Point",
        "coordinates": [
          40.427807,
          47.373089
        ]
      },
      "properties": {
        "time": "133223"
      }
    },
    {
      "type": "Feature",
      "id": 1325,
      "geometry": {
        "type": "Point",
        "coordinates": [
          40.428131,
          47.373238
        ]
      },
      "properties": {
        "time": "133224"
      }
    },
    {
      "type": "Feature",
      "id": 1326,
      "geometry": {
        "type": "Point",
        "coordinates": [
          40.428459,
          47.37339
        ]
      },
      "properties": {
        "time": "133225"
      }
    },
    {
      "type": "Feature",
      "id": 1327,
      "geometry": {
        "type": "Point",
        "coordinates": [
          40.428772,
          47.373558
        ]
      },
      "properties": {
        "time": "133226"
      }
    },
    {
      "type": "Feature",
      "id": 1328,
      "geometry": {
        "type": "Point",
        "coordinates": [
          40.429077,
          47.373741
        ]
      },
      "properties": {
        "time": "133227"
      }
    },
    {
      "type": "Feature",
      "id": 1329,
      "geometry": {
        "type": "Point",
        "coordinates": [
          40.429386,
          47.373947
        ]
      },
      "properties": {
        "time": "133228"
      }
    },
    {
      "type": "Feature",
      "id": 1330,
      "geometry": {
        "type": "Point",
        "coordinates": [
          40.429661,
          47.374153
        ]
      },
      "properties": {
        "time": "133229"
      }
    },
    {
      "type": "Feature",
      "id": 1331,
      "geometry": {
        "type": "Point",
        "coordinates": [
          40.429928,
          47.374367
        ]
      },
      "properties": {
        "time": "133230"
      }
    },
    {
      "type": "Feature",
      "id": 1332,
      "geometry": {
        "type": "Point",
        "coordinates": [
          40.430172,
          47.37458
        ]
      },
      "properties": {
        "time": "133231"
      }
    },
    {
      "type": "Feature",
      "id": 1333,
      "geometry": {
        "type": "Point",
        "coordinates": [
          40.430424,
          47.37479
        ]
      },
      "properties": {
        "time": "133232"
      }
    },
    {
      "type": "Feature",
      "id": 1334,
      "geometry": {
        "type": "Point",
        "coordinates": [
          40.43066,
          47.375011
        ]
      },
      "properties": {
        "time": "133233"
      }
    },
    {
      "type": "Feature",
      "id": 1335,
      "geometry": {
        "type": "Point",
        "coordinates": [
          40.430893,
          47.375221
        ]
      },
      "properties": {
        "time": "133234"
      }
    },
    {
      "type": "Feature",
      "id": 1336,
      "geometry": {
        "type": "Point",
        "coordinates": [
          40.431129,
          47.375412
        ]
      },
      "properties": {
        "time": "133235"
      }
    },
    {
      "type": "Feature",
      "id": 1337,
      "geometry": {
        "type": "Point",
        "coordinates": [
          40.431351,
          47.37561
        ]
      },
      "properties": {
        "time": "133236"
      }
    },
    {
      "type": "Feature",
      "id": 1338,
      "geometry": {
        "type": "Point",
        "coordinates": [
          40.43158,
          47.375832
        ]
      },
      "properties": {
        "time": "133237"
      }
    },
    {
      "type": "Feature",
      "id": 1339,
      "geometry": {
        "type": "Point",
        "coordinates": [
          40.431808,
          47.376057
        ]
      },
      "properties": {
        "time": "133238"
      }
    },
    {
      "type": "Feature",
      "id": 1340,
      "geometry": {
        "type": "Point",
        "coordinates": [
          40.432037,
          47.376266
        ]
      },
      "properties": {
        "time": "133239"
      }
    },
    {
      "type": "Feature",
      "id": 1341,
      "geometry": {
        "type": "Point",
        "coordinates": [
          40.432278,
          47.37648
        ]
      },
      "properties": {
        "time": "133240"
      }
    },
    {
      "type": "Feature",
      "id": 1342,
      "geometry": {
        "type": "Point",
        "coordinates": [
          40.432522,
          47.376705
        ]
      },
      "properties": {
        "time": "133241"
      }
    },
    {
      "type": "Feature",
      "id": 1343,
      "geometry": {
        "type": "Point",
        "coordinates": [
          40.432743,
          47.376957
        ]
      },
      "properties": {
        "time": "133242"
      }
    },
    {
      "type": "Feature",
      "id": 1344,
      "geometry": {
        "type": "Point",
        "coordinates": [
          40.432964,
          47.377178
        ]
      },
      "properties": {
        "time": "133243"
      }
    },
    {
      "type": "Feature",
      "id": 1345,
      "geometry": {
        "type": "Point",
        "coordinates": [
          40.433167,
          47.377407
        ]
      },
      "properties": {
        "time": "133244"
      }
    },
    {
      "type": "Feature",
      "id": 1346,
      "geometry": {
        "type": "Point",
        "coordinates": [
          40.433338,
          47.377647
        ]
      },
      "properties": {
        "time": "133245"
      }
    },
    {
      "type": "Feature",
      "id": 1347,
      "geometry": {
        "type": "Point",
        "coordinates": [
          40.433464,
          47.377899
        ]
      },
      "properties": {
        "time": "133246"
      }
    },
    {
      "type": "Feature",
      "id": 1348,
      "geometry": {
        "type": "Point",
        "coordinates": [
          40.433582,
          47.378151
        ]
      },
      "properties": {
        "time": "133247"
      }
    },
    {
      "type": "Feature",
      "id": 1349,
      "geometry": {
        "type": "Point",
        "coordinates": [
          40.433666,
          47.378407
        ]
      },
      "properties": {
        "time": "133248"
      }
    },
    {
      "type": "Feature",
      "id": 1350,
      "geometry": {
        "type": "Point",
        "coordinates": [
          40.433735,
          47.378658
        ]
      },
      "properties": {
        "time": "133249"
      }
    },
    {
      "type": "Feature",
      "id": 1351,
      "geometry": {
        "type": "Point",
        "coordinates": [
          40.433807,
          47.378902
        ]
      },
      "properties": {
        "time": "133250"
      }
    },
    {
      "type": "Feature",
      "id": 1352,
      "geometry": {
        "type": "Point",
        "coordinates": [
          40.43388,
          47.379158
        ]
      },
      "properties": {
        "time": "133251"
      }
    },
    {
      "type": "Feature",
      "id": 1353,
      "geometry": {
        "type": "Point",
        "coordinates": [
          40.433949,
          47.37941
        ]
      },
      "properties": {
        "time": "133252"
      }
    },
    {
      "type": "Feature",
      "id": 1354,
      "geometry": {
        "type": "Point",
        "coordinates": [
          40.434002,
          47.379658
        ]
      },
      "properties": {
        "time": "133253"
      }
    },
    {
      "type": "Feature",
      "id": 1355,
      "geometry": {
        "type": "Point",
        "coordinates": [
          40.434059,
          47.379902
        ]
      },
      "properties": {
        "time": "133254"
      }
    },
    {
      "type": "Feature",
      "id": 1356,
      "geometry": {
        "type": "Point",
        "coordinates": [
          40.434105,
          47.38015
        ]
      },
      "properties": {
        "time": "133255"
      }
    },
    {
      "type": "Feature",
      "id": 1357,
      "geometry": {
        "type": "Point",
        "coordinates": [
          40.434139,
          47.380394
        ]
      },
      "properties": {
        "time": "133256"
      }
    },
    {
      "type": "Feature",
      "id": 1358,
      "geometry": {
        "type": "Point",
        "coordinates": [
          40.434162,
          47.38065
        ]
      },
      "properties": {
        "time": "133257"
      }
    },
    {
      "type": "Feature",
      "id": 1359,
      "geometry": {
        "type": "Point",
        "coordinates": [
          40.43417,
          47.380909
        ]
      },
      "properties": {
        "time": "133258"
      }
    },
    {
      "type": "Feature",
      "id": 1360,
      "geometry": {
        "type": "Point",
        "coordinates": [
          40.434196,
          47.381157
        ]
      },
      "properties": {
        "time": "133259"
      }
    },
    {
      "type": "Feature",
      "id": 1361,
      "geometry": {
        "type": "Point",
        "coordinates": [
          40.434185,
          47.381401
        ]
      },
      "properties": {
        "time": "133260"
      }
    },
    {
      "type": "Feature",
      "id": 1362,
      "geometry": {
        "type": "Point",
        "coordinates": [
          40.434166,
          47.381649
        ]
      },
      "properties": {
        "time": "133261"
      }
    },
    {
      "type": "Feature",
      "id": 1363,
      "geometry": {
        "type": "Point",
        "coordinates": [
          40.434143,
          47.381897
        ]
      },
      "properties": {
        "time": "133262"
      }
    },
    {
      "type": "Feature",
      "id": 1364,
      "geometry": {
        "type": "Point",
        "coordinates": [
          40.434116,
          47.382145
        ]
      },
      "properties": {
        "time": "133263"
      }
    },
    {
      "type": "Feature",
      "id": 1365,
      "geometry": {
        "type": "Point",
        "coordinates": [
          40.434074,
          47.382393
        ]
      },
      "properties": {
        "time": "133264"
      }
    },
    {
      "type": "Feature",
      "id": 1366,
      "geometry": {
        "type": "Point",
        "coordinates": [
          40.434032,
          47.382641
        ]
      },
      "properties": {
        "time": "133265"
      }
    },
    {
      "type": "Feature",
      "id": 1367,
      "geometry": {
        "type": "Point",
        "coordinates": [
          40.433994,
          47.382893
        ]
      },
      "properties": {
        "time": "133266"
      }
    },
    {
      "type": "Feature",
      "id": 1368,
      "geometry": {
        "type": "Point",
        "coordinates": [
          40.433968,
          47.383144
        ]
      },
      "properties": {
        "time": "133267"
      }
    },
    {
      "type": "Feature",
      "id": 1369,
      "geometry": {
        "type": "Point",
        "coordinates": [
          40.433937,
          47.3834
        ]
      },
      "properties": {
        "time": "133268"
      }
    },
    {
      "type": "Feature",
      "id": 1370,
      "geometry": {
        "type": "Point",
        "coordinates": [
          40.433907,
          47.383652
        ]
      },
      "properties": {
        "time": "133269"
      }
    },
    {
      "type": "Feature",
      "id": 1371,
      "geometry": {
        "type": "Point",
        "coordinates": [
          40.43388,
          47.383888
        ]
      },
      "properties": {
        "time": "133270"
      }
    },
    {
      "type": "Feature",
      "id": 1372,
      "geometry": {
        "type": "Point",
        "coordinates": [
          40.433876,
          47.384129
        ]
      },
      "properties": {
        "time": "133271"
      }
    },
    {
      "type": "Feature",
      "id": 1373,
      "geometry": {
        "type": "Point",
        "coordinates": [
          40.433868,
          47.38438
        ]
      },
      "properties": {
        "time": "133272"
      }
    },
    {
      "type": "Feature",
      "id": 1374,
      "geometry": {
        "type": "Point",
        "coordinates": [
          40.433842,
          47.384644
        ]
      },
      "properties": {
        "time": "133273"
      }
    },
    {
      "type": "Feature",
      "id": 1375,
      "geometry": {
        "type": "Point",
        "coordinates": [
          40.433826,
          47.384888
        ]
      },
      "properties": {
        "time": "133274"
      }
    },
    {
      "type": "Feature",
      "id": 1376,
      "geometry": {
        "type": "Point",
        "coordinates": [
          40.4338,
          47.385113
        ]
      },
      "properties": {
        "time": "133275"
      }
    },
    {
      "type": "Feature",
      "id": 1377,
      "geometry": {
        "type": "Point",
        "coordinates": [
          40.433769,
          47.385365
        ]
      },
      "properties": {
        "time": "133276"
      }
    },
    {
      "type": "Feature",
      "id": 1378,
      "geometry": {
        "type": "Point",
        "coordinates": [
          40.433735,
          47.385632
        ]
      },
      "properties": {
        "time": "133277"
      }
    },
    {
      "type": "Feature",
      "id": 1379,
      "geometry": {
        "type": "Point",
        "coordinates": [
          40.433693,
          47.385895
        ]
      },
      "properties": {
        "time": "133278"
      }
    },
    {
      "type": "Feature",
      "id": 1380,
      "geometry": {
        "type": "Point",
        "coordinates": [
          40.433632,
          47.386173
        ]
      },
      "properties": {
        "time": "133279"
      }
    },
    {
      "type": "Feature",
      "id": 1381,
      "geometry": {
        "type": "Point",
        "coordinates": [
          40.433578,
          47.38644
        ]
      },
      "properties": {
        "time": "133280"
      }
    },
    {
      "type": "Feature",
      "id": 1382,
      "geometry": {
        "type": "Point",
        "coordinates": [
          40.433521,
          47.386726
        ]
      },
      "properties": {
        "time": "133281"
      }
    },
    {
      "type": "Feature",
      "id": 1383,
      "geometry": {
        "type": "Point",
        "coordinates": [
          40.433483,
          47.387005
        ]
      },
      "properties": {
        "time": "133282"
      }
    },
    {
      "type": "Feature",
      "id": 1384,
      "geometry": {
        "type": "Point",
        "coordinates": [
          40.433456,
          47.387268
        ]
      },
      "properties": {
        "time": "133283"
      }
    },
    {
      "type": "Feature",
      "id": 1385,
      "geometry": {
        "type": "Point",
        "coordinates": [
          40.433418,
          47.387531
        ]
      },
      "properties": {
        "time": "133284"
      }
    },
    {
      "type": "Feature",
      "id": 1386,
      "geometry": {
        "type": "Point",
        "coordinates": [
          40.433395,
          47.387794
        ]
      },
      "properties": {
        "time": "133285"
      }
    },
    {
      "type": "Feature",
      "id": 1387,
      "geometry": {
        "type": "Point",
        "coordinates": [
          40.433384,
          47.38805
        ]
      },
      "properties": {
        "time": "133286"
      }
    },
    {
      "type": "Feature",
      "id": 1388,
      "geometry": {
        "type": "Point",
        "coordinates": [
          40.433357,
          47.388302
        ]
      },
      "properties": {
        "time": "133287"
      }
    },
    {
      "type": "Feature",
      "id": 1389,
      "geometry": {
        "type": "Point",
        "coordinates": [
          40.433327,
          47.388561
        ]
      },
      "properties": {
        "time": "133288"
      }
    },
    {
      "type": "Feature",
      "id": 1390,
      "geometry": {
        "type": "Point",
        "coordinates": [
          40.433304,
          47.388824
        ]
      },
      "properties": {
        "time": "133289"
      }
    },
    {
      "type": "Feature",
      "id": 1391,
      "geometry": {
        "type": "Point",
        "coordinates": [
          40.433289,
          47.389091
        ]
      },
      "properties": {
        "time": "133290"
      }
    },
    {
      "type": "Feature",
      "id": 1392,
      "geometry": {
        "type": "Point",
        "coordinates": [
          40.433285,
          47.389359
        ]
      },
      "properties": {
        "time": "133291"
      }
    },
    {
      "type": "Feature",
      "id": 1393,
      "geometry": {
        "type": "Point",
        "coordinates": [
          40.433243,
          47.389622
        ]
      },
      "properties": {
        "time": "133292"
      }
    },
    {
      "type": "Feature",
      "id": 1394,
      "geometry": {
        "type": "Point",
        "coordinates": [
          40.433186,
          47.389874
        ]
      },
      "properties": {
        "time": "133293"
      }
    },
    {
      "type": "Feature",
      "id": 1395,
      "geometry": {
        "type": "Point",
        "coordinates": [
          40.433121,
          47.39011
        ]
      },
      "properties": {
        "time": "133294"
      }
    },
    {
      "type": "Feature",
      "id": 1396,
      "geometry": {
        "type": "Point",
        "coordinates": [
          40.433048,
          47.390354
        ]
      },
      "properties": {
        "time": "133295"
      }
    },
    {
      "type": "Feature",
      "id": 1397,
      "geometry": {
        "type": "Point",
        "coordinates": [
          40.432976,
          47.390602
        ]
      },
      "properties": {
        "time": "133296"
      }
    },
    {
      "type": "Feature",
      "id": 1398,
      "geometry": {
        "type": "Point",
        "coordinates": [
          40.432888,
          47.390854
        ]
      },
      "properties": {
        "time": "133297"
      }
    },
    {
      "type": "Feature",
      "id": 1399,
      "geometry": {
        "type": "Point",
        "coordinates": [
          40.4328,
          47.391098
        ]
      },
      "properties": {
        "time": "133298"
      }
    },
    {
      "type": "Feature",
      "id": 1400,
      "geometry": {
        "type": "Point",
        "coordinates": [
          40.432728,
          47.391342
        ]
      },
      "properties": {
        "time": "133299"
      }
    },
    {
      "type": "Feature",
      "id": 1401,
      "geometry": {
        "type": "Point",
        "coordinates": [
          40.432636,
          47.391579
        ]
      },
      "properties": {
        "time": "133300"
      }
    },
    {
      "type": "Feature",
      "id": 1402,
      "geometry": {
        "type": "Point",
        "coordinates": [
          40.432541,
          47.391815
        ]
      },
      "properties": {
        "time": "133301"
      }
    },
    {
      "type": "Feature",
      "id": 1403,
      "geometry": {
        "type": "Point",
        "coordinates": [
          40.432434,
          47.392048
        ]
      },
      "properties": {
        "time": "133302"
      }
    },
    {
      "type": "Feature",
      "id": 1404,
      "geometry": {
        "type": "Point",
        "coordinates": [
          40.43235,
          47.392277
        ]
      },
      "properties": {
        "time": "133303"
      }
    },
    {
      "type": "Feature",
      "id": 1405,
      "geometry": {
        "type": "Point",
        "coordinates": [
          40.432274,
          47.392513
        ]
      },
      "properties": {
        "time": "133304"
      }
    },
    {
      "type": "Feature",
      "id": 1406,
      "geometry": {
        "type": "Point",
        "coordinates": [
          40.432201,
          47.392754
        ]
      },
      "properties": {
        "time": "133305"
      }
    },
    {
      "type": "Feature",
      "id": 1407,
      "geometry": {
        "type": "Point",
        "coordinates": [
          40.432167,
          47.393005
        ]
      },
      "properties": {
        "time": "133306"
      }
    },
    {
      "type": "Feature",
      "id": 1408,
      "geometry": {
        "type": "Point",
        "coordinates": [
          40.432121,
          47.39333
        ]
      },
      "properties": {
        "time": "133307"
      }
    },
    {
      "type": "Feature",
      "id": 1409,
      "geometry": {
        "type": "Point",
        "coordinates": [
          40.432072,
          47.393597
        ]
      },
      "properties": {
        "time": "133308"
      }
    },
    {
      "type": "Feature",
      "id": 1410,
      "geometry": {
        "type": "Point",
        "coordinates": [
          40.432026,
          47.393856
        ]
      },
      "properties": {
        "time": "133309"
      }
    },
    {
      "type": "Feature",
      "id": 1411,
      "geometry": {
        "type": "Point",
        "coordinates": [
          40.431999,
          47.394112
        ]
      },
      "properties": {
        "time": "133310"
      }
    },
    {
      "type": "Feature",
      "id": 1412,
      "geometry": {
        "type": "Point",
        "coordinates": [
          40.431965,
          47.394337
        ]
      },
      "properties": {
        "time": "133311"
      }
    },
    {
      "type": "Feature",
      "id": 1413,
      "geometry": {
        "type": "Point",
        "coordinates": [
          40.431934,
          47.394592
        ]
      },
      "properties": {
        "time": "133312"
      }
    },
    {
      "type": "Feature",
      "id": 1414,
      "geometry": {
        "type": "Point",
        "coordinates": [
          40.431908,
          47.394844
        ]
      },
      "properties": {
        "time": "133313"
      }
    },
    {
      "type": "Feature",
      "id": 1415,
      "geometry": {
        "type": "Point",
        "coordinates": [
          40.431911,
          47.395107
        ]
      },
      "properties": {
        "time": "133314"
      }
    },
    {
      "type": "Feature",
      "id": 1416,
      "geometry": {
        "type": "Point",
        "coordinates": [
          40.431953,
          47.395351
        ]
      },
      "properties": {
        "time": "133315"
      }
    },
    {
      "type": "Feature",
      "id": 1417,
      "geometry": {
        "type": "Point",
        "coordinates": [
          40.432018,
          47.395592
        ]
      },
      "properties": {
        "time": "133316"
      }
    },
    {
      "type": "Feature",
      "id": 1418,
      "geometry": {
        "type": "Point",
        "coordinates": [
          40.432083,
          47.39584
        ]
      },
      "properties": {
        "time": "133317"
      }
    },
    {
      "type": "Feature",
      "id": 1419,
      "geometry": {
        "type": "Point",
        "coordinates": [
          40.432156,
          47.396088
        ]
      },
      "properties": {
        "time": "133318"
      }
    },
    {
      "type": "Feature",
      "id": 1420,
      "geometry": {
        "type": "Point",
        "coordinates": [
          40.432228,
          47.396343
        ]
      },
      "properties": {
        "time": "133319"
      }
    },
    {
      "type": "Feature",
      "id": 1421,
      "geometry": {
        "type": "Point",
        "coordinates": [
          40.432293,
          47.396599
        ]
      },
      "properties": {
        "time": "133320"
      }
    },
    {
      "type": "Feature",
      "id": 1422,
      "geometry": {
        "type": "Point",
        "coordinates": [
          40.432377,
          47.396854
        ]
      },
      "properties": {
        "time": "133321"
      }
    },
    {
      "type": "Feature",
      "id": 1423,
      "geometry": {
        "type": "Point",
        "coordinates": [
          40.432457,
          47.39711
        ]
      },
      "properties": {
        "time": "133322"
      }
    },
    {
      "type": "Feature",
      "id": 1424,
      "geometry": {
        "type": "Point",
        "coordinates": [
          40.432541,
          47.397358
        ]
      },
      "properties": {
        "time": "133323"
      }
    },
    {
      "type": "Feature",
      "id": 1425,
      "geometry": {
        "type": "Point",
        "coordinates": [
          40.432625,
          47.39761
        ]
      },
      "properties": {
        "time": "133324"
      }
    },
    {
      "type": "Feature",
      "id": 1426,
      "geometry": {
        "type": "Point",
        "coordinates": [
          40.43272,
          47.397865
        ]
      },
      "properties": {
        "time": "133325"
      }
    },
    {
      "type": "Feature",
      "id": 1427,
      "geometry": {
        "type": "Point",
        "coordinates": [
          40.432831,
          47.398102
        ]
      },
      "properties": {
        "time": "133326"
      }
    },
    {
      "type": "Feature",
      "id": 1428,
      "geometry": {
        "type": "Point",
        "coordinates": [
          40.432949,
          47.398342
        ]
      },
      "properties": {
        "time": "133327"
      }
    },
    {
      "type": "Feature",
      "id": 1429,
      "geometry": {
        "type": "Point",
        "coordinates": [
          40.433105,
          47.398575
        ]
      },
      "properties": {
        "time": "133328"
      }
    },
    {
      "type": "Feature",
      "id": 1430,
      "geometry": {
        "type": "Point",
        "coordinates": [
          40.4333,
          47.398792
        ]
      },
      "properties": {
        "time": "133329"
      }
    },
    {
      "type": "Feature",
      "id": 1431,
      "geometry": {
        "type": "Point",
        "coordinates": [
          40.433514,
          47.399002
        ]
      },
      "properties": {
        "time": "133330"
      }
    },
    {
      "type": "Feature",
      "id": 1432,
      "geometry": {
        "type": "Point",
        "coordinates": [
          40.43375,
          47.399197
        ]
      },
      "properties": {
        "time": "133331"
      }
    },
    {
      "type": "Feature",
      "id": 1433,
      "geometry": {
        "type": "Point",
        "coordinates": [
          40.433979,
          47.399399
        ]
      },
      "properties": {
        "time": "133332"
      }
    },
    {
      "type": "Feature",
      "id": 1434,
      "geometry": {
        "type": "Point",
        "coordinates": [
          40.434204,
          47.399601
        ]
      },
      "properties": {
        "time": "133333"
      }
    },
    {
      "type": "Feature",
      "id": 1435,
      "geometry": {
        "type": "Point",
        "coordinates": [
          40.434433,
          47.399803
        ]
      },
      "properties": {
        "time": "133334"
      }
    },
    {
      "type": "Feature",
      "id": 1436,
      "geometry": {
        "type": "Point",
        "coordinates": [
          40.434666,
          47.400002
        ]
      },
      "properties": {
        "time": "133335"
      }
    },
    {
      "type": "Feature",
      "id": 1437,
      "geometry": {
        "type": "Point",
        "coordinates": [
          40.434925,
          47.400185
        ]
      },
      "properties": {
        "time": "133336"
      }
    },
    {
      "type": "Feature",
      "id": 1438,
      "geometry": {
        "type": "Point",
        "coordinates": [
          40.435207,
          47.400349
        ]
      },
      "properties": {
        "time": "133337"
      }
    },
    {
      "type": "Feature",
      "id": 1439,
      "geometry": {
        "type": "Point",
        "coordinates": [
          40.435505,
          47.400501
        ]
      },
      "properties": {
        "time": "133338"
      }
    },
    {
      "type": "Feature",
      "id": 1440,
      "geometry": {
        "type": "Point",
        "coordinates": [
          40.435799,
          47.40065
        ]
      },
      "properties": {
        "time": "133339"
      }
    },
    {
      "type": "Feature",
      "id": 1441,
      "geometry": {
        "type": "Point",
        "coordinates": [
          40.4361,
          47.400806
        ]
      },
      "properties": {
        "time": "133340"
      }
    },
    {
      "type": "Feature",
      "id": 1442,
      "geometry": {
        "type": "Point",
        "coordinates": [
          40.43639,
          47.400936
        ]
      },
      "properties": {
        "time": "133341"
      }
    },
    {
      "type": "Feature",
      "id": 1443,
      "geometry": {
        "type": "Point",
        "coordinates": [
          40.436699,
          47.401062
        ]
      },
      "properties": {
        "time": "133342"
      }
    },
    {
      "type": "Feature",
      "id": 1444,
      "geometry": {
        "type": "Point",
        "coordinates": [
          40.437016,
          47.40118
        ]
      },
      "properties": {
        "time": "133343"
      }
    },
    {
      "type": "Feature",
      "id": 1445,
      "geometry": {
        "type": "Point",
        "coordinates": [
          40.437328,
          47.401299
        ]
      },
      "properties": {
        "time": "133344"
      }
    },
    {
      "type": "Feature",
      "id": 1446,
      "geometry": {
        "type": "Point",
        "coordinates": [
          40.437649,
          47.401424
        ]
      },
      "properties": {
        "time": "133345"
      }
    },
    {
      "type": "Feature",
      "id": 1447,
      "geometry": {
        "type": "Point",
        "coordinates": [
          40.437962,
          47.40155
        ]
      },
      "properties": {
        "time": "133346"
      }
    },
    {
      "type": "Feature",
      "id": 1448,
      "geometry": {
        "type": "Point",
        "coordinates": [
          40.438271,
          47.401672
        ]
      },
      "properties": {
        "time": "133347"
      }
    },
    {
      "type": "Feature",
      "id": 1449,
      "geometry": {
        "type": "Point",
        "coordinates": [
          40.43858,
          47.401794
        ]
      },
      "properties": {
        "time": "133348"
      }
    },
    {
      "type": "Feature",
      "id": 1450,
      "geometry": {
        "type": "Point",
        "coordinates": [
          40.438904,
          47.401909
        ]
      },
      "properties": {
        "time": "133349"
      }
    },
    {
      "type": "Feature",
      "id": 1451,
      "geometry": {
        "type": "Point",
        "coordinates": [
          40.439236,
          47.40202
        ]
      },
      "properties": {
        "time": "133350"
      }
    },
    {
      "type": "Feature",
      "id": 1452,
      "geometry": {
        "type": "Point",
        "coordinates": [
          40.439564,
          47.402142
        ]
      },
      "properties": {
        "time": "133351"
      }
    },
    {
      "type": "Feature",
      "id": 1453,
      "geometry": {
        "type": "Point",
        "coordinates": [
          40.439907,
          47.402294
        ]
      },
      "properties": {
        "time": "133352"
      }
    },
    {
      "type": "Feature",
      "id": 1454,
      "geometry": {
        "type": "Point",
        "coordinates": [
          40.440231,
          47.402439
        ]
      },
      "properties": {
        "time": "133353"
      }
    },
    {
      "type": "Feature",
      "id": 1455,
      "geometry": {
        "type": "Point",
        "coordinates": [
          40.440552,
          47.402569
        ]
      },
      "properties": {
        "time": "133354"
      }
    },
    {
      "type": "Feature",
      "id": 1456,
      "geometry": {
        "type": "Point",
        "coordinates": [
          40.440845,
          47.402687
        ]
      },
      "properties": {
        "time": "133355"
      }
    },
    {
      "type": "Feature",
      "id": 1457,
      "geometry": {
        "type": "Point",
        "coordinates": [
          40.441105,
          47.402813
        ]
      },
      "properties": {
        "time": "133356"
      }
    },
    {
      "type": "Feature",
      "id": 1458,
      "geometry": {
        "type": "Point",
        "coordinates": [
          40.441422,
          47.402943
        ]
      },
      "properties": {
        "time": "133357"
      }
    },
    {
      "type": "Feature",
      "id": 1459,
      "geometry": {
        "type": "Point",
        "coordinates": [
          40.44175,
          47.403069
        ]
      },
      "properties": {
        "time": "133358"
      }
    },
    {
      "type": "Feature",
      "id": 1460,
      "geometry": {
        "type": "Point",
        "coordinates": [
          40.442066,
          47.403202
        ]
      },
      "properties": {
        "time": "133359"
      }
    },
    {
      "type": "Feature",
      "id": 1461,
      "geometry": {
        "type": "Point",
        "coordinates": [
          40.442375,
          47.403336
        ]
      },
      "properties": {
        "time": "133360"
      }
    },
    {
      "type": "Feature",
      "id": 1462,
      "geometry": {
        "type": "Point",
        "coordinates": [
          40.442684,
          47.403477
        ]
      },
      "properties": {
        "time": "133361"
      }
    },
    {
      "type": "Feature",
      "id": 1463,
      "geometry": {
        "type": "Point",
        "coordinates": [
          40.442993,
          47.403606
        ]
      },
      "properties": {
        "time": "133362"
      }
    },
    {
      "type": "Feature",
      "id": 1464,
      "geometry": {
        "type": "Point",
        "coordinates": [
          40.443295,
          47.403751
        ]
      },
      "properties": {
        "time": "133363"
      }
    },
    {
      "type": "Feature",
      "id": 1465,
      "geometry": {
        "type": "Point",
        "coordinates": [
          40.4436,
          47.403946
        ]
      },
      "properties": {
        "time": "133364"
      }
    },
    {
      "type": "Feature",
      "id": 1466,
      "geometry": {
        "type": "Point",
        "coordinates": [
          40.443893,
          47.40411
        ]
      },
      "properties": {
        "time": "133365"
      }
    },
    {
      "type": "Feature",
      "id": 1467,
      "geometry": {
        "type": "Point",
        "coordinates": [
          40.444206,
          47.404247
        ]
      },
      "properties": {
        "time": "133366"
      }
    },
    {
      "type": "Feature",
      "id": 1468,
      "geometry": {
        "type": "Point",
        "coordinates": [
          40.444519,
          47.404388
        ]
      },
      "properties": {
        "time": "133367"
      }
    },
    {
      "type": "Feature",
      "id": 1469,
      "geometry": {
        "type": "Point",
        "coordinates": [
          40.444809,
          47.404541
        ]
      },
      "properties": {
        "time": "133368"
      }
    },
    {
      "type": "Feature",
      "id": 1470,
      "geometry": {
        "type": "Point",
        "coordinates": [
          40.44508,
          47.404716
        ]
      },
      "properties": {
        "time": "133369"
      }
    },
    {
      "type": "Feature",
      "id": 1471,
      "geometry": {
        "type": "Point",
        "coordinates": [
          40.445335,
          47.404892
        ]
      },
      "properties": {
        "time": "133370"
      }
    },
    {
      "type": "Feature",
      "id": 1472,
      "geometry": {
        "type": "Point",
        "coordinates": [
          40.445587,
          47.405071
        ]
      },
      "properties": {
        "time": "133371"
      }
    },
    {
      "type": "Feature",
      "id": 1473,
      "geometry": {
        "type": "Point",
        "coordinates": [
          40.445839,
          47.405247
        ]
      },
      "properties": {
        "time": "133372"
      }
    },
    {
      "type": "Feature",
      "id": 1474,
      "geometry": {
        "type": "Point",
        "coordinates": [
          40.446091,
          47.405418
        ]
      },
      "properties": {
        "time": "133373"
      }
    },
    {
      "type": "Feature",
      "id": 1475,
      "geometry": {
        "type": "Point",
        "coordinates": [
          40.446342,
          47.405586
        ]
      },
      "properties": {
        "time": "133374"
      }
    },
    {
      "type": "Feature",
      "id": 1476,
      "geometry": {
        "type": "Point",
        "coordinates": [
          40.44659,
          47.405769
        ]
      },
      "properties": {
        "time": "133375"
      }
    },
    {
      "type": "Feature",
      "id": 1477,
      "geometry": {
        "type": "Point",
        "coordinates": [
          40.446846,
          47.405949
        ]
      },
      "properties": {
        "time": "133376"
      }
    },
    {
      "type": "Feature",
      "id": 1478,
      "geometry": {
        "type": "Point",
        "coordinates": [
          40.447105,
          47.406128
        ]
      },
      "properties": {
        "time": "133377"
      }
    },
    {
      "type": "Feature",
      "id": 1479,
      "geometry": {
        "type": "Point",
        "coordinates": [
          40.447353,
          47.406315
        ]
      },
      "properties": {
        "time": "133378"
      }
    },
    {
      "type": "Feature",
      "id": 1480,
      "geometry": {
        "type": "Point",
        "coordinates": [
          40.447601,
          47.406502
        ]
      },
      "properties": {
        "time": "133379"
      }
    },
    {
      "type": "Feature",
      "id": 1481,
      "geometry": {
        "type": "Point",
        "coordinates": [
          40.447853,
          47.406693
        ]
      },
      "properties": {
        "time": "133380"
      }
    },
    {
      "type": "Feature",
      "id": 1482,
      "geometry": {
        "type": "Point",
        "coordinates": [
          40.448112,
          47.406872
        ]
      },
      "properties": {
        "time": "133381"
      }
    },
    {
      "type": "Feature",
      "id": 1483,
      "geometry": {
        "type": "Point",
        "coordinates": [
          40.448368,
          47.407047
        ]
      },
      "properties": {
        "time": "133382"
      }
    },
    {
      "type": "Feature",
      "id": 1484,
      "geometry": {
        "type": "Point",
        "coordinates": [
          40.448639,
          47.407211
        ]
      },
      "properties": {
        "time": "133383"
      }
    },
    {
      "type": "Feature",
      "id": 1485,
      "geometry": {
        "type": "Point",
        "coordinates": [
          40.448883,
          47.407387
        ]
      },
      "properties": {
        "time": "133384"
      }
    },
    {
      "type": "Feature",
      "id": 1486,
      "geometry": {
        "type": "Point",
        "coordinates": [
          40.449142,
          47.407562
        ]
      },
      "properties": {
        "time": "133385"
      }
    },
    {
      "type": "Feature",
      "id": 1487,
      "geometry": {
        "type": "Point",
        "coordinates": [
          40.449406,
          47.407734
        ]
      },
      "properties": {
        "time": "133386"
      }
    },
    {
      "type": "Feature",
      "id": 1488,
      "geometry": {
        "type": "Point",
        "coordinates": [
          40.449661,
          47.407906
        ]
      },
      "properties": {
        "time": "133387"
      }
    },
    {
      "type": "Feature",
      "id": 1489,
      "geometry": {
        "type": "Point",
        "coordinates": [
          40.449913,
          47.408085
        ]
      },
      "properties": {
        "time": "133388"
      }
    },
    {
      "type": "Feature",
      "id": 1490,
      "geometry": {
        "type": "Point",
        "coordinates": [
          40.450157,
          47.408264
        ]
      },
      "properties": {
        "time": "133389"
      }
    },
    {
      "type": "Feature",
      "id": 1491,
      "geometry": {
        "type": "Point",
        "coordinates": [
          40.45039,
          47.408443
        ]
      },
      "properties": {
        "time": "133390"
      }
    },
    {
      "type": "Feature",
      "id": 1492,
      "geometry": {
        "type": "Point",
        "coordinates": [
          40.450642,
          47.408619
        ]
      },
      "properties": {
        "time": "133391"
      }
    },
    {
      "type": "Feature",
      "id": 1493,
      "geometry": {
        "type": "Point",
        "coordinates": [
          40.450916,
          47.408791
        ]
      },
      "properties": {
        "time": "133392"
      }
    },
    {
      "type": "Feature",
      "id": 1494,
      "geometry": {
        "type": "Point",
        "coordinates": [
          40.451191,
          47.408958
        ]
      },
      "properties": {
        "time": "133393"
      }
    },
    {
      "type": "Feature",
      "id": 1495,
      "geometry": {
        "type": "Point",
        "coordinates": [
          40.451477,
          47.409115
        ]
      },
      "properties": {
        "time": "133394"
      }
    },
    {
      "type": "Feature",
      "id": 1496,
      "geometry": {
        "type": "Point",
        "coordinates": [
          40.451752,
          47.409275
        ]
      },
      "properties": {
        "time": "133395"
      }
    },
    {
      "type": "Feature",
      "id": 1497,
      "geometry": {
        "type": "Point",
        "coordinates": [
          40.452015,
          47.409424
        ]
      },
      "properties": {
        "time": "133396"
      }
    },
    {
      "type": "Feature",
      "id": 1498,
      "geometry": {
        "type": "Point",
        "coordinates": [
          40.452274,
          47.40958
        ]
      },
      "properties": {
        "time": "133397"
      }
    },
    {
      "type": "Feature",
      "id": 1499,
      "geometry": {
        "type": "Point",
        "coordinates": [
          40.452534,
          47.409718
        ]
      },
      "properties": {
        "time": "133398"
      }
    },
    {
      "type": "Feature",
      "id": 1500,
      "geometry": {
        "type": "Point",
        "coordinates": [
          40.452812,
          47.409866
        ]
      },
      "properties": {
        "time": "133399"
      }
    },
    {
      "type": "Feature",
      "id": 1501,
      "geometry": {
        "type": "Point",
        "coordinates": [
          40.453087,
          47.410011
        ]
      },
      "properties": {
        "time": "133400"
      }
    },
    {
      "type": "Feature",
      "id": 1502,
      "geometry": {
        "type": "Point",
        "coordinates": [
          40.453358,
          47.410156
        ]
      },
      "properties": {
        "time": "133401"
      }
    },
    {
      "type": "Feature",
      "id": 1503,
      "geometry": {
        "type": "Point",
        "coordinates": [
          40.453644,
          47.410294
        ]
      },
      "properties": {
        "time": "133402"
      }
    },
    {
      "type": "Feature",
      "id": 1504,
      "geometry": {
        "type": "Point",
        "coordinates": [
          40.453938,
          47.410439
        ]
      },
      "properties": {
        "time": "133403"
      }
    },
    {
      "type": "Feature",
      "id": 1505,
      "geometry": {
        "type": "Point",
        "coordinates": [
          40.454216,
          47.410587
        ]
      },
      "properties": {
        "time": "133404"
      }
    },
    {
      "type": "Feature",
      "id": 1506,
      "geometry": {
        "type": "Point",
        "coordinates": [
          40.454494,
          47.410732
        ]
      },
      "properties": {
        "time": "133405"
      }
    },
    {
      "type": "Feature",
      "id": 1507,
      "geometry": {
        "type": "Point",
        "coordinates": [
          40.454762,
          47.410896
        ]
      },
      "properties": {
        "time": "133406"
      }
    },
    {
      "type": "Feature",
      "id": 1508,
      "geometry": {
        "type": "Point",
        "coordinates": [
          40.455009,
          47.411068
        ]
      },
      "properties": {
        "time": "133407"
      }
    },
    {
      "type": "Feature",
      "id": 1509,
      "geometry": {
        "type": "Point",
        "coordinates": [
          40.455318,
          47.411217
        ]
      },
      "properties": {
        "time": "133408"
      }
    },
    {
      "type": "Feature",
      "id": 1510,
      "geometry": {
        "type": "Point",
        "coordinates": [
          40.455608,
          47.411373
        ]
      },
      "properties": {
        "time": "133409"
      }
    },
    {
      "type": "Feature",
      "id": 1511,
      "geometry": {
        "type": "Point",
        "coordinates": [
          40.455898,
          47.411533
        ]
      },
      "properties": {
        "time": "133410"
      }
    },
    {
      "type": "Feature",
      "id": 1512,
      "geometry": {
        "type": "Point",
        "coordinates": [
          40.456181,
          47.41169
        ]
      },
      "properties": {
        "time": "133411"
      }
    },
    {
      "type": "Feature",
      "id": 1513,
      "geometry": {
        "type": "Point",
        "coordinates": [
          40.456459,
          47.411846
        ]
      },
      "properties": {
        "time": "133412"
      }
    },
    {
      "type": "Feature",
      "id": 1514,
      "geometry": {
        "type": "Point",
        "coordinates": [
          40.456741,
          47.412006
        ]
      },
      "properties": {
        "time": "133413"
      }
    },
    {
      "type": "Feature",
      "id": 1515,
      "geometry": {
        "type": "Point",
        "coordinates": [
          40.45702,
          47.412167
        ]
      },
      "properties": {
        "time": "133414"
      }
    },
    {
      "type": "Feature",
      "id": 1516,
      "geometry": {
        "type": "Point",
        "coordinates": [
          40.457279,
          47.412338
        ]
      },
      "properties": {
        "time": "133415"
      }
    },
    {
      "type": "Feature",
      "id": 1517,
      "geometry": {
        "type": "Point",
        "coordinates": [
          40.457539,
          47.412518
        ]
      },
      "properties": {
        "time": "133416"
      }
    },
    {
      "type": "Feature",
      "id": 1518,
      "geometry": {
        "type": "Point",
        "coordinates": [
          40.457802,
          47.412685
        ]
      },
      "properties": {
        "time": "133417"
      }
    },
    {
      "type": "Feature",
      "id": 1519,
      "geometry": {
        "type": "Point",
        "coordinates": [
          40.458076,
          47.412849
        ]
      },
      "properties": {
        "time": "133418"
      }
    },
    {
      "type": "Feature",
      "id": 1520,
      "geometry": {
        "type": "Point",
        "coordinates": [
          40.458355,
          47.413013
        ]
      },
      "properties": {
        "time": "133419"
      }
    },
    {
      "type": "Feature",
      "id": 1521,
      "geometry": {
        "type": "Point",
        "coordinates": [
          40.458656,
          47.413181
        ]
      },
      "properties": {
        "time": "133420"
      }
    },
    {
      "type": "Feature",
      "id": 1522,
      "geometry": {
        "type": "Point",
        "coordinates": [
          40.458939,
          47.413338
        ]
      },
      "properties": {
        "time": "133421"
      }
    },
    {
      "type": "Feature",
      "id": 1523,
      "geometry": {
        "type": "Point",
        "coordinates": [
          40.459236,
          47.413498
        ]
      },
      "properties": {
        "time": "133422"
      }
    },
    {
      "type": "Feature",
      "id": 1524,
      "geometry": {
        "type": "Point",
        "coordinates": [
          40.459518,
          47.413658
        ]
      },
      "properties": {
        "time": "133423"
      }
    },
    {
      "type": "Feature",
      "id": 1525,
      "geometry": {
        "type": "Point",
        "coordinates": [
          40.459805,
          47.413826
        ]
      },
      "properties": {
        "time": "133424"
      }
    },
    {
      "type": "Feature",
      "id": 1526,
      "geometry": {
        "type": "Point",
        "coordinates": [
          40.460091,
          47.413994
        ]
      },
      "properties": {
        "time": "133425"
      }
    },
    {
      "type": "Feature",
      "id": 1527,
      "geometry": {
        "type": "Point",
        "coordinates": [
          40.460377,
          47.414146
        ]
      },
      "properties": {
        "time": "133426"
      }
    },
    {
      "type": "Feature",
      "id": 1528,
      "geometry": {
        "type": "Point",
        "coordinates": [
          40.460667,
          47.414303
        ]
      },
      "properties": {
        "time": "133427"
      }
    },
    {
      "type": "Feature",
      "id": 1529,
      "geometry": {
        "type": "Point",
        "coordinates": [
          40.460945,
          47.414463
        ]
      },
      "properties": {
        "time": "133428"
      }
    },
    {
      "type": "Feature",
      "id": 1530,
      "geometry": {
        "type": "Point",
        "coordinates": [
          40.461231,
          47.414619
        ]
      },
      "properties": {
        "time": "133429"
      }
    },
    {
      "type": "Feature",
      "id": 1531,
      "geometry": {
        "type": "Point",
        "coordinates": [
          40.461521,
          47.414772
        ]
      },
      "properties": {
        "time": "133430"
      }
    },
    {
      "type": "Feature",
      "id": 1532,
      "geometry": {
        "type": "Point",
        "coordinates": [
          40.461807,
          47.414928
        ]
      },
      "properties": {
        "time": "133431"
      }
    },
    {
      "type": "Feature",
      "id": 1533,
      "geometry": {
        "type": "Point",
        "coordinates": [
          40.462093,
          47.415085
        ]
      },
      "properties": {
        "time": "133432"
      }
    },
    {
      "type": "Feature",
      "id": 1534,
      "geometry": {
        "type": "Point",
        "coordinates": [
          40.462387,
          47.415241
        ]
      },
      "properties": {
        "time": "133433"
      }
    },
    {
      "type": "Feature",
      "id": 1535,
      "geometry": {
        "type": "Point",
        "coordinates": [
          40.462677,
          47.415401
        ]
      },
      "properties": {
        "time": "133434"
      }
    },
    {
      "type": "Feature",
      "id": 1536,
      "geometry": {
        "type": "Point",
        "coordinates": [
          40.462975,
          47.41555
        ]
      },
      "properties": {
        "time": "133435"
      }
    },
    {
      "type": "Feature",
      "id": 1537,
      "geometry": {
        "type": "Point",
        "coordinates": [
          40.463272,
          47.415699
        ]
      },
      "properties": {
        "time": "133436"
      }
    },
    {
      "type": "Feature",
      "id": 1538,
      "geometry": {
        "type": "Point",
        "coordinates": [
          40.463558,
          47.415852
        ]
      },
      "properties": {
        "time": "133437"
      }
    },
    {
      "type": "Feature",
      "id": 1539,
      "geometry": {
        "type": "Point",
        "coordinates": [
          40.463848,
          47.415997
        ]
      },
      "properties": {
        "time": "133438"
      }
    },
    {
      "type": "Feature",
      "id": 1540,
      "geometry": {
        "type": "Point",
        "coordinates": [
          40.464153,
          47.416134
        ]
      },
      "properties": {
        "time": "133439"
      }
    },
    {
      "type": "Feature",
      "id": 1541,
      "geometry": {
        "type": "Point",
        "coordinates": [
          40.464466,
          47.41626
        ]
      },
      "properties": {
        "time": "133440"
      }
    },
    {
      "type": "Feature",
      "id": 1542,
      "geometry": {
        "type": "Point",
        "coordinates": [
          40.464783,
          47.416386
        ]
      },
      "properties": {
        "time": "133441"
      }
    },
    {
      "type": "Feature",
      "id": 1543,
      "geometry": {
        "type": "Point",
        "coordinates": [
          40.465099,
          47.416515
        ]
      },
      "properties": {
        "time": "133442"
      }
    },
    {
      "type": "Feature",
      "id": 1544,
      "geometry": {
        "type": "Point",
        "coordinates": [
          40.46542,
          47.416653
        ]
      },
      "properties": {
        "time": "133443"
      }
    },
    {
      "type": "Feature",
      "id": 1545,
      "geometry": {
        "type": "Point",
        "coordinates": [
          40.46574,
          47.41679
        ]
      },
      "properties": {
        "time": "133444"
      }
    },
    {
      "type": "Feature",
      "id": 1546,
      "geometry": {
        "type": "Point",
        "coordinates": [
          40.466053,
          47.416935
        ]
      },
      "properties": {
        "time": "133445"
      }
    },
    {
      "type": "Feature",
      "id": 1547,
      "geometry": {
        "type": "Point",
        "coordinates": [
          40.466358,
          47.417088
        ]
      },
      "properties": {
        "time": "133446"
      }
    },
    {
      "type": "Feature",
      "id": 1548,
      "geometry": {
        "type": "Point",
        "coordinates": [
          40.466663,
          47.417244
        ]
      },
      "properties": {
        "time": "133447"
      }
    },
    {
      "type": "Feature",
      "id": 1549,
      "geometry": {
        "type": "Point",
        "coordinates": [
          40.466972,
          47.4174
        ]
      },
      "properties": {
        "time": "133448"
      }
    },
    {
      "type": "Feature",
      "id": 1550,
      "geometry": {
        "type": "Point",
        "coordinates": [
          40.46727,
          47.417568
        ]
      },
      "properties": {
        "time": "133449"
      }
    },
    {
      "type": "Feature",
      "id": 1551,
      "geometry": {
        "type": "Point",
        "coordinates": [
          40.467571,
          47.417728
        ]
      },
      "properties": {
        "time": "133450"
      }
    },
    {
      "type": "Feature",
      "id": 1552,
      "geometry": {
        "type": "Point",
        "coordinates": [
          40.467854,
          47.4179
        ]
      },
      "properties": {
        "time": "133451"
      }
    },
    {
      "type": "Feature",
      "id": 1553,
      "geometry": {
        "type": "Point",
        "coordinates": [
          40.468132,
          47.418072
        ]
      },
      "properties": {
        "time": "133452"
      }
    },
    {
      "type": "Feature",
      "id": 1554,
      "geometry": {
        "type": "Point",
        "coordinates": [
          40.468395,
          47.418251
        ]
      },
      "properties": {
        "time": "133453"
      }
    },
    {
      "type": "Feature",
      "id": 1555,
      "geometry": {
        "type": "Point",
        "coordinates": [
          40.468647,
          47.41843
        ]
      },
      "properties": {
        "time": "133454"
      }
    },
    {
      "type": "Feature",
      "id": 1556,
      "geometry": {
        "type": "Point",
        "coordinates": [
          40.468899,
          47.418613
        ]
      },
      "properties": {
        "time": "133455"
      }
    },
    {
      "type": "Feature",
      "id": 1557,
      "geometry": {
        "type": "Point",
        "coordinates": [
          40.469151,
          47.4188
        ]
      },
      "properties": {
        "time": "133456"
      }
    },
    {
      "type": "Feature",
      "id": 1558,
      "geometry": {
        "type": "Point",
        "coordinates": [
          40.469402,
          47.418995
        ]
      },
      "properties": {
        "time": "133457"
      }
    },
    {
      "type": "Feature",
      "id": 1559,
      "geometry": {
        "type": "Point",
        "coordinates": [
          40.469654,
          47.419189
        ]
      },
      "properties": {
        "time": "133458"
      }
    },
    {
      "type": "Feature",
      "id": 1560,
      "geometry": {
        "type": "Point",
        "coordinates": [
          40.469906,
          47.419388
        ]
      },
      "properties": {
        "time": "133459"
      }
    },
    {
      "type": "Feature",
      "id": 1561,
      "geometry": {
        "type": "Point",
        "coordinates": [
          40.470165,
          47.419582
        ]
      },
      "properties": {
        "time": "133460"
      }
    },
    {
      "type": "Feature",
      "id": 1562,
      "geometry": {
        "type": "Point",
        "coordinates": [
          40.470421,
          47.419777
        ]
      },
      "properties": {
        "time": "133461"
      }
    },
    {
      "type": "Feature",
      "id": 1563,
      "geometry": {
        "type": "Point",
        "coordinates": [
          40.470676,
          47.419971
        ]
      },
      "properties": {
        "time": "133462"
      }
    },
    {
      "type": "Feature",
      "id": 1564,
      "geometry": {
        "type": "Point",
        "coordinates": [
          40.47094,
          47.420162
        ]
      },
      "properties": {
        "time": "133463"
      }
    },
    {
      "type": "Feature",
      "id": 1565,
      "geometry": {
        "type": "Point",
        "coordinates": [
          40.471218,
          47.420349
        ]
      },
      "properties": {
        "time": "133464"
      }
    },
    {
      "type": "Feature",
      "id": 1566,
      "geometry": {
        "type": "Point",
        "coordinates": [
          40.4715,
          47.420525
        ]
      },
      "properties": {
        "time": "133465"
      }
    },
    {
      "type": "Feature",
      "id": 1567,
      "geometry": {
        "type": "Point",
        "coordinates": [
          40.471794,
          47.420696
        ]
      },
      "properties": {
        "time": "133466"
      }
    },
    {
      "type": "Feature",
      "id": 1568,
      "geometry": {
        "type": "Point",
        "coordinates": [
          40.472092,
          47.42086
        ]
      },
      "properties": {
        "time": "133467"
      }
    },
    {
      "type": "Feature",
      "id": 1569,
      "geometry": {
        "type": "Point",
        "coordinates": [
          40.472389,
          47.421017
        ]
      },
      "properties": {
        "time": "133468"
      }
    },
    {
      "type": "Feature",
      "id": 1570,
      "geometry": {
        "type": "Point",
        "coordinates": [
          40.472687,
          47.421173
        ]
      },
      "properties": {
        "time": "133469"
      }
    },
    {
      "type": "Feature",
      "id": 1571,
      "geometry": {
        "type": "Point",
        "coordinates": [
          40.47295,
          47.421352
        ]
      },
      "properties": {
        "time": "133470"
      }
    },
    {
      "type": "Feature",
      "id": 1572,
      "geometry": {
        "type": "Point",
        "coordinates": [
          40.47316,
          47.421551
        ]
      },
      "properties": {
        "time": "133471"
      }
    },
    {
      "type": "Feature",
      "id": 1573,
      "geometry": {
        "type": "Point",
        "coordinates": [
          40.473309,
          47.421764
        ]
      },
      "properties": {
        "time": "133472"
      }
    },
    {
      "type": "Feature",
      "id": 1574,
      "geometry": {
        "type": "Point",
        "coordinates": [
          40.473431,
          47.421982
        ]
      },
      "properties": {
        "time": "133473"
      }
    },
    {
      "type": "Feature",
      "id": 1575,
      "geometry": {
        "type": "Point",
        "coordinates": [
          40.47353,
          47.422199
        ]
      },
      "properties": {
        "time": "133474"
      }
    },
    {
      "type": "Feature",
      "id": 1576,
      "geometry": {
        "type": "Point",
        "coordinates": [
          40.473618,
          47.422447
        ]
      },
      "properties": {
        "time": "133475"
      }
    },
    {
      "type": "Feature",
      "id": 1577,
      "geometry": {
        "type": "Point",
        "coordinates": [
          40.473675,
          47.422676
        ]
      },
      "properties": {
        "time": "133476"
      }
    },
    {
      "type": "Feature",
      "id": 1578,
      "geometry": {
        "type": "Point",
        "coordinates": [
          40.473709,
          47.42289
        ]
      },
      "properties": {
        "time": "133477"
      }
    },
    {
      "type": "Feature",
      "id": 1579,
      "geometry": {
        "type": "Point",
        "coordinates": [
          40.473732,
          47.423122
        ]
      },
      "properties": {
        "time": "133478"
      }
    },
    {
      "type": "Feature",
      "id": 1580,
      "geometry": {
        "type": "Point",
        "coordinates": [
          40.473763,
          47.423382
        ]
      },
      "properties": {
        "time": "133479"
      }
    },
    {
      "type": "Feature",
      "id": 1581,
      "geometry": {
        "type": "Point",
        "coordinates": [
          40.47377,
          47.423588
        ]
      },
      "properties": {
        "time": "133480"
      }
    },
    {
      "type": "Feature",
      "id": 1582,
      "geometry": {
        "type": "Point",
        "coordinates": [
          40.473732,
          47.423851
        ]
      },
      "properties": {
        "time": "133481"
      }
    },
    {
      "type": "Feature",
      "id": 1583,
      "geometry": {
        "type": "Point",
        "coordinates": [
          40.473724,
          47.424095
        ]
      },
      "properties": {
        "time": "133482"
      }
    },
    {
      "type": "Feature",
      "id": 1584,
      "geometry": {
        "type": "Point",
        "coordinates": [
          40.473724,
          47.424335
        ]
      },
      "properties": {
        "time": "133483"
      }
    },
    {
      "type": "Feature",
      "id": 1585,
      "geometry": {
        "type": "Point",
        "coordinates": [
          40.473705,
          47.42458
        ]
      },
      "properties": {
        "time": "133484"
      }
    },
    {
      "type": "Feature",
      "id": 1586,
      "geometry": {
        "type": "Point",
        "coordinates": [
          40.473644,
          47.424828
        ]
      },
      "properties": {
        "time": "133485"
      }
    },
    {
      "type": "Feature",
      "id": 1587,
      "geometry": {
        "type": "Point",
        "coordinates": [
          40.473557,
          47.425049
        ]
      },
      "properties": {
        "time": "133486"
      }
    },
    {
      "type": "Feature",
      "id": 1588,
      "geometry": {
        "type": "Point",
        "coordinates": [
          40.473434,
          47.425251
        ]
      },
      "properties": {
        "time": "133487"
      }
    },
    {
      "type": "Feature",
      "id": 1589,
      "geometry": {
        "type": "Point",
        "coordinates": [
          40.473301,
          47.425468
        ]
      },
      "properties": {
        "time": "133488"
      }
    },
    {
      "type": "Feature",
      "id": 1590,
      "geometry": {
        "type": "Point",
        "coordinates": [
          40.473175,
          47.425678
        ]
      },
      "properties": {
        "time": "133489"
      }
    },
    {
      "type": "Feature",
      "id": 1591,
      "geometry": {
        "type": "Point",
        "coordinates": [
          40.473049,
          47.425892
        ]
      },
      "properties": {
        "time": "133490"
      }
    },
    {
      "type": "Feature",
      "id": 1592,
      "geometry": {
        "type": "Point",
        "coordinates": [
          40.472908,
          47.426098
        ]
      },
      "properties": {
        "time": "133491"
      }
    },
    {
      "type": "Feature",
      "id": 1593,
      "geometry": {
        "type": "Point",
        "coordinates": [
          40.472775,
          47.426311
        ]
      },
      "properties": {
        "time": "133492"
      }
    },
    {
      "type": "Feature",
      "id": 1594,
      "geometry": {
        "type": "Point",
        "coordinates": [
          40.472633,
          47.426517
        ]
      },
      "properties": {
        "time": "133493"
      }
    },
    {
      "type": "Feature",
      "id": 1595,
      "geometry": {
        "type": "Point",
        "coordinates": [
          40.472485,
          47.426727
        ]
      },
      "properties": {
        "time": "133494"
      }
    },
    {
      "type": "Feature",
      "id": 1596,
      "geometry": {
        "type": "Point",
        "coordinates": [
          40.472321,
          47.42696
        ]
      },
      "properties": {
        "time": "133495"
      }
    },
    {
      "type": "Feature",
      "id": 1597,
      "geometry": {
        "type": "Point",
        "coordinates": [
          40.472145,
          47.42717
        ]
      },
      "properties": {
        "time": "133496"
      }
    },
    {
      "type": "Feature",
      "id": 1598,
      "geometry": {
        "type": "Point",
        "coordinates": [
          40.471947,
          47.427372
        ]
      },
      "properties": {
        "time": "133497"
      }
    },
    {
      "type": "Feature",
      "id": 1599,
      "geometry": {
        "type": "Point",
        "coordinates": [
          40.47176,
          47.427574
        ]
      },
      "properties": {
        "time": "133498"
      }
    },
    {
      "type": "Feature",
      "id": 1600,
      "geometry": {
        "type": "Point",
        "coordinates": [
          40.471581,
          47.427761
        ]
      },
      "properties": {
        "time": "133499"
      }
    },
    {
      "type": "Feature",
      "id": 1601,
      "geometry": {
        "type": "Point",
        "coordinates": [
          40.471413,
          47.427952
        ]
      },
      "properties": {
        "time": "133500"
      }
    },
    {
      "type": "Feature",
      "id": 1602,
      "geometry": {
        "type": "Point",
        "coordinates": [
          40.471226,
          47.42815
        ]
      },
      "properties": {
        "time": "133501"
      }
    },
    {
      "type": "Feature",
      "id": 1603,
      "geometry": {
        "type": "Point",
        "coordinates": [
          40.471031,
          47.428341
        ]
      },
      "properties": {
        "time": "133502"
      }
    },
    {
      "type": "Feature",
      "id": 1604,
      "geometry": {
        "type": "Point",
        "coordinates": [
          40.470818,
          47.428528
        ]
      },
      "properties": {
        "time": "133503"
      }
    },
    {
      "type": "Feature",
      "id": 1605,
      "geometry": {
        "type": "Point",
        "coordinates": [
          40.470596,
          47.428711
        ]
      },
      "properties": {
        "time": "133504"
      }
    },
    {
      "type": "Feature",
      "id": 1606,
      "geometry": {
        "type": "Point",
        "coordinates": [
          40.470367,
          47.428886
        ]
      },
      "properties": {
        "time": "133505"
      }
    },
    {
      "type": "Feature",
      "id": 1607,
      "geometry": {
        "type": "Point",
        "coordinates": [
          40.470112,
          47.42905
        ]
      },
      "properties": {
        "time": "133506"
      }
    },
    {
      "type": "Feature",
      "id": 1608,
      "geometry": {
        "type": "Point",
        "coordinates": [
          40.469837,
          47.429214
        ]
      },
      "properties": {
        "time": "133507"
      }
    },
    {
      "type": "Feature",
      "id": 1609,
      "geometry": {
        "type": "Point",
        "coordinates": [
          40.469563,
          47.429379
        ]
      },
      "properties": {
        "time": "133508"
      }
    },
    {
      "type": "Feature",
      "id": 1610,
      "geometry": {
        "type": "Point",
        "coordinates": [
          40.469292,
          47.429527
        ]
      },
      "properties": {
        "time": "133509"
      }
    },
    {
      "type": "Feature",
      "id": 1611,
      "geometry": {
        "type": "Point",
        "coordinates": [
          40.469025,
          47.429676
        ]
      },
      "properties": {
        "time": "133510"
      }
    },
    {
      "type": "Feature",
      "id": 1612,
      "geometry": {
        "type": "Point",
        "coordinates": [
          40.468754,
          47.429821
        ]
      },
      "properties": {
        "time": "133511"
      }
    },
    {
      "type": "Feature",
      "id": 1613,
      "geometry": {
        "type": "Point",
        "coordinates": [
          40.468483,
          47.429966
        ]
      },
      "properties": {
        "time": "133512"
      }
    },
    {
      "type": "Feature",
      "id": 1614,
      "geometry": {
        "type": "Point",
        "coordinates": [
          40.468208,
          47.430107
        ]
      },
      "properties": {
        "time": "133513"
      }
    },
    {
      "type": "Feature",
      "id": 1615,
      "geometry": {
        "type": "Point",
        "coordinates": [
          40.46793,
          47.430256
        ]
      },
      "properties": {
        "time": "133514"
      }
    },
    {
      "type": "Feature",
      "id": 1616,
      "geometry": {
        "type": "Point",
        "coordinates": [
          40.467659,
          47.430393
        ]
      },
      "properties": {
        "time": "133515"
      }
    },
    {
      "type": "Feature",
      "id": 1617,
      "geometry": {
        "type": "Point",
        "coordinates": [
          40.467403,
          47.430519
        ]
      },
      "properties": {
        "time": "133516"
      }
    },
    {
      "type": "Feature",
      "id": 1618,
      "geometry": {
        "type": "Point",
        "coordinates": [
          40.467144,
          47.430649
        ]
      },
      "properties": {
        "time": "133517"
      }
    },
    {
      "type": "Feature",
      "id": 1619,
      "geometry": {
        "type": "Point",
        "coordinates": [
          40.466873,
          47.430786
        ]
      },
      "properties": {
        "time": "133518"
      }
    },
    {
      "type": "Feature",
      "id": 1620,
      "geometry": {
        "type": "Point",
        "coordinates": [
          40.466591,
          47.430923
        ]
      },
      "properties": {
        "time": "133519"
      }
    },
    {
      "type": "Feature",
      "id": 1621,
      "geometry": {
        "type": "Point",
        "coordinates": [
          40.466305,
          47.431068
        ]
      },
      "properties": {
        "time": "133520"
      }
    },
    {
      "type": "Feature",
      "id": 1622,
      "geometry": {
        "type": "Point",
        "coordinates": [
          40.466019,
          47.431213
        ]
      },
      "properties": {
        "time": "133521"
      }
    },
    {
      "type": "Feature",
      "id": 1623,
      "geometry": {
        "type": "Point",
        "coordinates": [
          40.465733,
          47.431366
        ]
      },
      "properties": {
        "time": "133522"
      }
    },
    {
      "type": "Feature",
      "id": 1624,
      "geometry": {
        "type": "Point",
        "coordinates": [
          40.465443,
          47.431519
        ]
      },
      "properties": {
        "time": "133523"
      }
    },
    {
      "type": "Feature",
      "id": 1625,
      "geometry": {
        "type": "Point",
        "coordinates": [
          40.46516,
          47.431671
        ]
      },
      "properties": {
        "time": "133524"
      }
    },
    {
      "type": "Feature",
      "id": 1626,
      "geometry": {
        "type": "Point",
        "coordinates": [
          40.46487,
          47.43182
        ]
      },
      "properties": {
        "time": "133525"
      }
    },
    {
      "type": "Feature",
      "id": 1627,
      "geometry": {
        "type": "Point",
        "coordinates": [
          40.464581,
          47.431969
        ]
      },
      "properties": {
        "time": "133526"
      }
    },
    {
      "type": "Feature",
      "id": 1628,
      "geometry": {
        "type": "Point",
        "coordinates": [
          40.464287,
          47.432114
        ]
      },
      "properties": {
        "time": "133527"
      }
    },
    {
      "type": "Feature",
      "id": 1629,
      "geometry": {
        "type": "Point",
        "coordinates": [
          40.463993,
          47.432255
        ]
      },
      "properties": {
        "time": "133528"
      }
    },
    {
      "type": "Feature",
      "id": 1630,
      "geometry": {
        "type": "Point",
        "coordinates": [
          40.463699,
          47.432396
        ]
      },
      "properties": {
        "time": "133529"
      }
    },
    {
      "type": "Feature",
      "id": 1631,
      "geometry": {
        "type": "Point",
        "coordinates": [
          40.463409,
          47.432537
        ]
      },
      "properties": {
        "time": "133530"
      }
    },
    {
      "type": "Feature",
      "id": 1632,
      "geometry": {
        "type": "Point",
        "coordinates": [
          40.46315,
          47.432663
        ]
      },
      "properties": {
        "time": "133531"
      }
    },
    {
      "type": "Feature",
      "id": 1633,
      "geometry": {
        "type": "Point",
        "coordinates": [
          40.462841,
          47.432816
        ]
      },
      "properties": {
        "time": "133532"
      }
    },
    {
      "type": "Feature",
      "id": 1634,
      "geometry": {
        "type": "Point",
        "coordinates": [
          40.462555,
          47.432957
        ]
      },
      "properties": {
        "time": "133533"
      }
    },
    {
      "type": "Feature",
      "id": 1635,
      "geometry": {
        "type": "Point",
        "coordinates": [
          40.462257,
          47.433105
        ]
      },
      "properties": {
        "time": "133534"
      }
    },
    {
      "type": "Feature",
      "id": 1636,
      "geometry": {
        "type": "Point",
        "coordinates": [
          40.46196,
          47.433258
        ]
      },
      "properties": {
        "time": "133535"
      }
    },
    {
      "type": "Feature",
      "id": 1637,
      "geometry": {
        "type": "Point",
        "coordinates": [
          40.46167,
          47.433414
        ]
      },
      "properties": {
        "time": "133536"
      }
    },
    {
      "type": "Feature",
      "id": 1638,
      "geometry": {
        "type": "Point",
        "coordinates": [
          40.461384,
          47.433563
        ]
      },
      "properties": {
        "time": "133537"
      }
    },
    {
      "type": "Feature",
      "id": 1639,
      "geometry": {
        "type": "Point",
        "coordinates": [
          40.461102,
          47.433704
        ]
      },
      "properties": {
        "time": "133538"
      }
    },
    {
      "type": "Feature",
      "id": 1640,
      "geometry": {
        "type": "Point",
        "coordinates": [
          40.460831,
          47.433846
        ]
      },
      "properties": {
        "time": "133539"
      }
    },
    {
      "type": "Feature",
      "id": 1641,
      "geometry": {
        "type": "Point",
        "coordinates": [
          40.460567,
          47.43399
        ]
      },
      "properties": {
        "time": "133540"
      }
    },
    {
      "type": "Feature",
      "id": 1642,
      "geometry": {
        "type": "Point",
        "coordinates": [
          40.460297,
          47.434135
        ]
      },
      "properties": {
        "time": "133541"
      }
    },
    {
      "type": "Feature",
      "id": 1643,
      "geometry": {
        "type": "Point",
        "coordinates": [
          40.459991,
          47.434303
        ]
      },
      "properties": {
        "time": "133542"
      }
    },
    {
      "type": "Feature",
      "id": 1644,
      "geometry": {
        "type": "Point",
        "coordinates": [
          40.459713,
          47.434448
        ]
      },
      "properties": {
        "time": "133543"
      }
    },
    {
      "type": "Feature",
      "id": 1645,
      "geometry": {
        "type": "Point",
        "coordinates": [
          40.459419,
          47.434601
        ]
      },
      "properties": {
        "time": "133544"
      }
    },
    {
      "type": "Feature",
      "id": 1646,
      "geometry": {
        "type": "Point",
        "coordinates": [
          40.459141,
          47.434761
        ]
      },
      "properties": {
        "time": "133545"
      }
    },
    {
      "type": "Feature",
      "id": 1647,
      "geometry": {
        "type": "Point",
        "coordinates": [
          40.45887,
          47.434914
        ]
      },
      "properties": {
        "time": "133546"
      }
    },
    {
      "type": "Feature",
      "id": 1648,
      "geometry": {
        "type": "Point",
        "coordinates": [
          40.458591,
          47.435078
        ]
      },
      "properties": {
        "time": "133547"
      }
    },
    {
      "type": "Feature",
      "id": 1649,
      "geometry": {
        "type": "Point",
        "coordinates": [
          40.458294,
          47.435246
        ]
      },
      "properties": {
        "time": "133548"
      }
    },
    {
      "type": "Feature",
      "id": 1650,
      "geometry": {
        "type": "Point",
        "coordinates": [
          40.458004,
          47.435429
        ]
      },
      "properties": {
        "time": "133549"
      }
    },
    {
      "type": "Feature",
      "id": 1651,
      "geometry": {
        "type": "Point",
        "coordinates": [
          40.457722,
          47.435577
        ]
      },
      "properties": {
        "time": "133550"
      }
    },
    {
      "type": "Feature",
      "id": 1652,
      "geometry": {
        "type": "Point",
        "coordinates": [
          40.457439,
          47.435719
        ]
      },
      "properties": {
        "time": "133551"
      }
    },
    {
      "type": "Feature",
      "id": 1653,
      "geometry": {
        "type": "Point",
        "coordinates": [
          40.457153,
          47.435856
        ]
      },
      "properties": {
        "time": "133552"
      }
    },
    {
      "type": "Feature",
      "id": 1654,
      "geometry": {
        "type": "Point",
        "coordinates": [
          40.456871,
          47.435989
        ]
      },
      "properties": {
        "time": "133553"
      }
    },
    {
      "type": "Feature",
      "id": 1655,
      "geometry": {
        "type": "Point",
        "coordinates": [
          40.456589,
          47.436127
        ]
      },
      "properties": {
        "time": "133554"
      }
    },
    {
      "type": "Feature",
      "id": 1656,
      "geometry": {
        "type": "Point",
        "coordinates": [
          40.456306,
          47.43626
        ]
      },
      "properties": {
        "time": "133555"
      }
    },
    {
      "type": "Feature",
      "id": 1657,
      "geometry": {
        "type": "Point",
        "coordinates": [
          40.45599,
          47.436405
        ]
      },
      "properties": {
        "time": "133556"
      }
    },
    {
      "type": "Feature",
      "id": 1658,
      "geometry": {
        "type": "Point",
        "coordinates": [
          40.455685,
          47.436581
        ]
      },
      "properties": {
        "time": "133557"
      }
    },
    {
      "type": "Feature",
      "id": 1659,
      "geometry": {
        "type": "Point",
        "coordinates": [
          40.455425,
          47.436733
        ]
      },
      "properties": {
        "time": "133558"
      }
    },
    {
      "type": "Feature",
      "id": 1660,
      "geometry": {
        "type": "Point",
        "coordinates": [
          40.45517,
          47.436886
        ]
      },
      "properties": {
        "time": "133559"
      }
    },
    {
      "type": "Feature",
      "id": 1661,
      "geometry": {
        "type": "Point",
        "coordinates": [
          40.45491,
          47.437038
        ]
      },
      "properties": {
        "time": "133560"
      }
    },
    {
      "type": "Feature",
      "id": 1662,
      "geometry": {
        "type": "Point",
        "coordinates": [
          40.454666,
          47.437199
        ]
      },
      "properties": {
        "time": "133561"
      }
    },
    {
      "type": "Feature",
      "id": 1663,
      "geometry": {
        "type": "Point",
        "coordinates": [
          40.454433,
          47.437363
        ]
      },
      "properties": {
        "time": "133562"
      }
    },
    {
      "type": "Feature",
      "id": 1664,
      "geometry": {
        "type": "Point",
        "coordinates": [
          40.454193,
          47.437519
        ]
      },
      "properties": {
        "time": "133563"
      }
    },
    {
      "type": "Feature",
      "id": 1665,
      "geometry": {
        "type": "Point",
        "coordinates": [
          40.453941,
          47.437653
        ]
      },
      "properties": {
        "time": "133564"
      }
    },
    {
      "type": "Feature",
      "id": 1666,
      "geometry": {
        "type": "Point",
        "coordinates": [
          40.453678,
          47.437786
        ]
      },
      "properties": {
        "time": "133565"
      }
    },
    {
      "type": "Feature",
      "id": 1667,
      "geometry": {
        "type": "Point",
        "coordinates": [
          40.453426,
          47.437916
        ]
      },
      "properties": {
        "time": "133566"
      }
    },
    {
      "type": "Feature",
      "id": 1668,
      "geometry": {
        "type": "Point",
        "coordinates": [
          40.453156,
          47.43808
        ]
      },
      "properties": {
        "time": "133567"
      }
    },
    {
      "type": "Feature",
      "id": 1669,
      "geometry": {
        "type": "Point",
        "coordinates": [
          40.452869,
          47.438259
        ]
      },
      "properties": {
        "time": "133568"
      }
    },
    {
      "type": "Feature",
      "id": 1670,
      "geometry": {
        "type": "Point",
        "coordinates": [
          40.452629,
          47.438416
        ]
      },
      "properties": {
        "time": "133569"
      }
    },
    {
      "type": "Feature",
      "id": 1671,
      "geometry": {
        "type": "Point",
        "coordinates": [
          40.452381,
          47.438549
        ]
      },
      "properties": {
        "time": "133570"
      }
    },
    {
      "type": "Feature",
      "id": 1672,
      "geometry": {
        "type": "Point",
        "coordinates": [
          40.452091,
          47.438705
        ]
      },
      "properties": {
        "time": "133571"
      }
    },
    {
      "type": "Feature",
      "id": 1673,
      "geometry": {
        "type": "Point",
        "coordinates": [
          40.451805,
          47.438881
        ]
      },
      "properties": {
        "time": "133572"
      }
    },
    {
      "type": "Feature",
      "id": 1674,
      "geometry": {
        "type": "Point",
        "coordinates": [
          40.451546,
          47.439053
        ]
      },
      "properties": {
        "time": "133573"
      }
    },
    {
      "type": "Feature",
      "id": 1675,
      "geometry": {
        "type": "Point",
        "coordinates": [
          40.451313,
          47.439228
        ]
      },
      "properties": {
        "time": "133574"
      }
    },
    {
      "type": "Feature",
      "id": 1676,
      "geometry": {
        "type": "Point",
        "coordinates": [
          40.451099,
          47.439407
        ]
      },
      "properties": {
        "time": "133575"
      }
    },
    {
      "type": "Feature",
      "id": 1677,
      "geometry": {
        "type": "Point",
        "coordinates": [
          40.450882,
          47.439583
        ]
      },
      "properties": {
        "time": "133576"
      }
    },
    {
      "type": "Feature",
      "id": 1678,
      "geometry": {
        "type": "Point",
        "coordinates": [
          40.450661,
          47.439751
        ]
      },
      "properties": {
        "time": "133577"
      }
    },
    {
      "type": "Feature",
      "id": 1679,
      "geometry": {
        "type": "Point",
        "coordinates": [
          40.450439,
          47.439919
        ]
      },
      "properties": {
        "time": "133578"
      }
    },
    {
      "type": "Feature",
      "id": 1680,
      "geometry": {
        "type": "Point",
        "coordinates": [
          40.450237,
          47.440102
        ]
      },
      "properties": {
        "time": "133579"
      }
    },
    {
      "type": "Feature",
      "id": 1681,
      "geometry": {
        "type": "Point",
        "coordinates": [
          40.450027,
          47.440292
        ]
      },
      "properties": {
        "time": "133580"
      }
    },
    {
      "type": "Feature",
      "id": 1682,
      "geometry": {
        "type": "Point",
        "coordinates": [
          40.449821,
          47.440487
        ]
      },
      "properties": {
        "time": "133581"
      }
    },
    {
      "type": "Feature",
      "id": 1683,
      "geometry": {
        "type": "Point",
        "coordinates": [
          40.449627,
          47.44067
        ]
      },
      "properties": {
        "time": "133582"
      }
    },
    {
      "type": "Feature",
      "id": 1684,
      "geometry": {
        "type": "Point",
        "coordinates": [
          40.449444,
          47.440853
        ]
      },
      "properties": {
        "time": "133583"
      }
    },
    {
      "type": "Feature",
      "id": 1685,
      "geometry": {
        "type": "Point",
        "coordinates": [
          40.449265,
          47.441036
        ]
      },
      "properties": {
        "time": "133584"
      }
    },
    {
      "type": "Feature",
      "id": 1686,
      "geometry": {
        "type": "Point",
        "coordinates": [
          40.449078,
          47.441219
        ]
      },
      "properties": {
        "time": "133585"
      }
    },
    {
      "type": "Feature",
      "id": 1687,
      "geometry": {
        "type": "Point",
        "coordinates": [
          40.448887,
          47.441399
        ]
      },
      "properties": {
        "time": "133586"
      }
    },
    {
      "type": "Feature",
      "id": 1688,
      "geometry": {
        "type": "Point",
        "coordinates": [
          40.448689,
          47.441586
        ]
      },
      "properties": {
        "time": "133587"
      }
    },
    {
      "type": "Feature",
      "id": 1689,
      "geometry": {
        "type": "Point",
        "coordinates": [
          40.448479,
          47.441776
        ]
      },
      "properties": {
        "time": "133588"
      }
    },
    {
      "type": "Feature",
      "id": 1690,
      "geometry": {
        "type": "Point",
        "coordinates": [
          40.448288,
          47.441963
        ]
      },
      "properties": {
        "time": "133589"
      }
    },
    {
      "type": "Feature",
      "id": 1691,
      "geometry": {
        "type": "Point",
        "coordinates": [
          40.448093,
          47.442146
        ]
      },
      "properties": {
        "time": "133590"
      }
    },
    {
      "type": "Feature",
      "id": 1692,
      "geometry": {
        "type": "Point",
        "coordinates": [
          40.447895,
          47.442322
        ]
      },
      "properties": {
        "time": "133591"
      }
    },
    {
      "type": "Feature",
      "id": 1693,
      "geometry": {
        "type": "Point",
        "coordinates": [
          40.447689,
          47.442501
        ]
      },
      "properties": {
        "time": "133592"
      }
    },
    {
      "type": "Feature",
      "id": 1694,
      "geometry": {
        "type": "Point",
        "coordinates": [
          40.447495,
          47.442669
        ]
      },
      "properties": {
        "time": "133593"
      }
    },
    {
      "type": "Feature",
      "id": 1695,
      "geometry": {
        "type": "Point",
        "coordinates": [
          40.447266,
          47.442875
        ]
      },
      "properties": {
        "time": "133594"
      }
    },
    {
      "type": "Feature",
      "id": 1696,
      "geometry": {
        "type": "Point",
        "coordinates": [
          40.447063,
          47.443058
        ]
      },
      "properties": {
        "time": "133595"
      }
    },
    {
      "type": "Feature",
      "id": 1697,
      "geometry": {
        "type": "Point",
        "coordinates": [
          40.446861,
          47.443233
        ]
      },
      "properties": {
        "time": "133596"
      }
    },
    {
      "type": "Feature",
      "id": 1698,
      "geometry": {
        "type": "Point",
        "coordinates": [
          40.446659,
          47.443417
        ]
      },
      "properties": {
        "time": "133597"
      }
    },
    {
      "type": "Feature",
      "id": 1699,
      "geometry": {
        "type": "Point",
        "coordinates": [
          40.446457,
          47.443611
        ]
      },
      "properties": {
        "time": "133598"
      }
    },
    {
      "type": "Feature",
      "id": 1700,
      "geometry": {
        "type": "Point",
        "coordinates": [
          40.446243,
          47.443798
        ]
      },
      "properties": {
        "time": "133599"
      }
    },
    {
      "type": "Feature",
      "id": 1701,
      "geometry": {
        "type": "Point",
        "coordinates": [
          40.44603,
          47.443989
        ]
      },
      "properties": {
        "time": "133600"
      }
    },
    {
      "type": "Feature",
      "id": 1702,
      "geometry": {
        "type": "Point",
        "coordinates": [
          40.445824,
          47.444187
        ]
      },
      "properties": {
        "time": "133601"
      }
    },
    {
      "type": "Feature",
      "id": 1703,
      "geometry": {
        "type": "Point",
        "coordinates": [
          40.445644,
          47.444389
        ]
      },
      "properties": {
        "time": "133602"
      }
    },
    {
      "type": "Feature",
      "id": 1704,
      "geometry": {
        "type": "Point",
        "coordinates": [
          40.44548,
          47.444599
        ]
      },
      "properties": {
        "time": "133603"
      }
    },
    {
      "type": "Feature",
      "id": 1705,
      "geometry": {
        "type": "Point",
        "coordinates": [
          40.445301,
          47.444794
        ]
      },
      "properties": {
        "time": "133604"
      }
    },
    {
      "type": "Feature",
      "id": 1706,
      "geometry": {
        "type": "Point",
        "coordinates": [
          40.44511,
          47.444984
        ]
      },
      "properties": {
        "time": "133605"
      }
    },
    {
      "type": "Feature",
      "id": 1707,
      "geometry": {
        "type": "Point",
        "coordinates": [
          40.444931,
          47.445179
        ]
      },
      "properties": {
        "time": "133606"
      }
    },
    {
      "type": "Feature",
      "id": 1708,
      "geometry": {
        "type": "Point",
        "coordinates": [
          40.444752,
          47.445374
        ]
      },
      "properties": {
        "time": "133607"
      }
    },
    {
      "type": "Feature",
      "id": 1709,
      "geometry": {
        "type": "Point",
        "coordinates": [
          40.44458,
          47.44556
        ]
      },
      "properties": {
        "time": "133608"
      }
    },
    {
      "type": "Feature",
      "id": 1710,
      "geometry": {
        "type": "Point",
        "coordinates": [
          40.444412,
          47.445755
        ]
      },
      "properties": {
        "time": "133609"
      }
    },
    {
      "type": "Feature",
      "id": 1711,
      "geometry": {
        "type": "Point",
        "coordinates": [
          40.444263,
          47.445942
        ]
      },
      "properties": {
        "time": "133610"
      }
    },
    {
      "type": "Feature",
      "id": 1712,
      "geometry": {
        "type": "Point",
        "coordinates": [
          40.444118,
          47.446133
        ]
      },
      "properties": {
        "time": "133611"
      }
    },
    {
      "type": "Feature",
      "id": 1713,
      "geometry": {
        "type": "Point",
        "coordinates": [
          40.443897,
          47.446331
        ]
      },
      "properties": {
        "time": "133612"
      }
    },
    {
      "type": "Feature",
      "id": 1714,
      "geometry": {
        "type": "Point",
        "coordinates": [
          40.443657,
          47.446529
        ]
      },
      "properties": {
        "time": "133613"
      }
    },
    {
      "type": "Feature",
      "id": 1715,
      "geometry": {
        "type": "Point",
        "coordinates": [
          40.443462,
          47.446728
        ]
      },
      "properties": {
        "time": "133614"
      }
    },
    {
      "type": "Feature",
      "id": 1716,
      "geometry": {
        "type": "Point",
        "coordinates": [
          40.443279,
          47.44693
        ]
      },
      "properties": {
        "time": "133615"
      }
    },
    {
      "type": "Feature",
      "id": 1717,
      "geometry": {
        "type": "Point",
        "coordinates": [
          40.443115,
          47.447136
        ]
      },
      "properties": {
        "time": "133616"
      }
    },
    {
      "type": "Feature",
      "id": 1718,
      "geometry": {
        "type": "Point",
        "coordinates": [
          40.442955,
          47.447338
        ]
      },
      "properties": {
        "time": "133617"
      }
    },
    {
      "type": "Feature",
      "id": 1719,
      "geometry": {
        "type": "Point",
        "coordinates": [
          40.44276,
          47.447536
        ]
      },
      "properties": {
        "time": "133618"
      }
    },
    {
      "type": "Feature",
      "id": 1720,
      "geometry": {
        "type": "Point",
        "coordinates": [
          40.442562,
          47.447735
        ]
      },
      "properties": {
        "time": "133619"
      }
    },
    {
      "type": "Feature",
      "id": 1721,
      "geometry": {
        "type": "Point",
        "coordinates": [
          40.442398,
          47.447929
        ]
      },
      "properties": {
        "time": "133620"
      }
    },
    {
      "type": "Feature",
      "id": 1722,
      "geometry": {
        "type": "Point",
        "coordinates": [
          40.44223,
          47.448112
        ]
      },
      "properties": {
        "time": "133621"
      }
    },
    {
      "type": "Feature",
      "id": 1723,
      "geometry": {
        "type": "Point",
        "coordinates": [
          40.442101,
          47.448299
        ]
      },
      "properties": {
        "time": "133622"
      }
    },
    {
      "type": "Feature",
      "id": 1724,
      "geometry": {
        "type": "Point",
        "coordinates": [
          40.44194,
          47.448494
        ]
      },
      "properties": {
        "time": "133623"
      }
    },
    {
      "type": "Feature",
      "id": 1725,
      "geometry": {
        "type": "Point",
        "coordinates": [
          40.441757,
          47.4487
        ]
      },
      "properties": {
        "time": "133624"
      }
    },
    {
      "type": "Feature",
      "id": 1726,
      "geometry": {
        "type": "Point",
        "coordinates": [
          40.44157,
          47.448898
        ]
      },
      "properties": {
        "time": "133625"
      }
    },
    {
      "type": "Feature",
      "id": 1727,
      "geometry": {
        "type": "Point",
        "coordinates": [
          40.44136,
          47.449085
        ]
      },
      "properties": {
        "time": "133626"
      }
    },
    {
      "type": "Feature",
      "id": 1728,
      "geometry": {
        "type": "Point",
        "coordinates": [
          40.44109,
          47.449272
        ]
      },
      "properties": {
        "time": "133627"
      }
    },
    {
      "type": "Feature",
      "id": 1729,
      "geometry": {
        "type": "Point",
        "coordinates": [
          40.440887,
          47.449478
        ]
      },
      "properties": {
        "time": "133628"
      }
    },
    {
      "type": "Feature",
      "id": 1730,
      "geometry": {
        "type": "Point",
        "coordinates": [
          40.440701,
          47.449696
        ]
      },
      "properties": {
        "time": "133629"
      }
    },
    {
      "type": "Feature",
      "id": 1731,
      "geometry": {
        "type": "Point",
        "coordinates": [
          40.440445,
          47.449921
        ]
      },
      "properties": {
        "time": "133630"
      }
    },
    {
      "type": "Feature",
      "id": 1732,
      "geometry": {
        "type": "Point",
        "coordinates": [
          40.440243,
          47.450134
        ]
      },
      "properties": {
        "time": "133631"
      }
    },
    {
      "type": "Feature",
      "id": 1733,
      "geometry": {
        "type": "Point",
        "coordinates": [
          40.440144,
          47.450336
        ]
      },
      "properties": {
        "time": "133632"
      }
    },
    {
      "type": "Feature",
      "id": 1734,
      "geometry": {
        "type": "Point",
        "coordinates": [
          40.440048,
          47.450554
        ]
      },
      "properties": {
        "time": "133633"
      }
    },
    {
      "type": "Feature",
      "id": 1735,
      "geometry": {
        "type": "Point",
        "coordinates": [
          40.439869,
          47.450783
        ]
      },
      "properties": {
        "time": "133634"
      }
    },
    {
      "type": "Feature",
      "id": 1736,
      "geometry": {
        "type": "Point",
        "coordinates": [
          40.439632,
          47.451054
        ]
      },
      "properties": {
        "time": "133635"
      }
    },
    {
      "type": "Feature",
      "id": 1737,
      "geometry": {
        "type": "Point",
        "coordinates": [
          40.439461,
          47.451283
        ]
      },
      "properties": {
        "time": "133636"
      }
    },
    {
      "type": "Feature",
      "id": 1738,
      "geometry": {
        "type": "Point",
        "coordinates": [
          40.439281,
          47.451511
        ]
      },
      "properties": {
        "time": "133637"
      }
    },
    {
      "type": "Feature",
      "id": 1739,
      "geometry": {
        "type": "Point",
        "coordinates": [
          40.439114,
          47.451736
        ]
      },
      "properties": {
        "time": "133638"
      }
    },
    {
      "type": "Feature",
      "id": 1740,
      "geometry": {
        "type": "Point",
        "coordinates": [
          40.438965,
          47.451965
        ]
      },
      "properties": {
        "time": "133639"
      }
    },
    {
      "type": "Feature",
      "id": 1741,
      "geometry": {
        "type": "Point",
        "coordinates": [
          40.438801,
          47.452187
        ]
      },
      "properties": {
        "time": "133640"
      }
    },
    {
      "type": "Feature",
      "id": 1742,
      "geometry": {
        "type": "Point",
        "coordinates": [
          40.438641,
          47.452408
        ]
      },
      "properties": {
        "time": "133641"
      }
    },
    {
      "type": "Feature",
      "id": 1743,
      "geometry": {
        "type": "Point",
        "coordinates": [
          40.438473,
          47.452648
        ]
      },
      "properties": {
        "time": "133642"
      }
    },
    {
      "type": "Feature",
      "id": 1744,
      "geometry": {
        "type": "Point",
        "coordinates": [
          40.438309,
          47.452888
        ]
      },
      "properties": {
        "time": "133643"
      }
    },
    {
      "type": "Feature",
      "id": 1745,
      "geometry": {
        "type": "Point",
        "coordinates": [
          40.438168,
          47.453125
        ]
      },
      "properties": {
        "time": "133644"
      }
    },
    {
      "type": "Feature",
      "id": 1746,
      "geometry": {
        "type": "Point",
        "coordinates": [
          40.438038,
          47.453354
        ]
      },
      "properties": {
        "time": "133645"
      }
    },
    {
      "type": "Feature",
      "id": 1747,
      "geometry": {
        "type": "Point",
        "coordinates": [
          40.43792,
          47.453587
        ]
      },
      "properties": {
        "time": "133646"
      }
    },
    {
      "type": "Feature",
      "id": 1748,
      "geometry": {
        "type": "Point",
        "coordinates": [
          40.43782,
          47.453819
        ]
      },
      "properties": {
        "time": "133647"
      }
    },
    {
      "type": "Feature",
      "id": 1749,
      "geometry": {
        "type": "Point",
        "coordinates": [
          40.437725,
          47.454052
        ]
      },
      "properties": {
        "time": "133648"
      }
    },
    {
      "type": "Feature",
      "id": 1750,
      "geometry": {
        "type": "Point",
        "coordinates": [
          40.43763,
          47.454296
        ]
      },
      "properties": {
        "time": "133649"
      }
    },
    {
      "type": "Feature",
      "id": 1751,
      "geometry": {
        "type": "Point",
        "coordinates": [
          40.43755,
          47.454533
        ]
      },
      "properties": {
        "time": "133650"
      }
    },
    {
      "type": "Feature",
      "id": 1752,
      "geometry": {
        "type": "Point",
        "coordinates": [
          40.437435,
          47.454765
        ]
      },
      "properties": {
        "time": "133651"
      }
    },
    {
      "type": "Feature",
      "id": 1753,
      "geometry": {
        "type": "Point",
        "coordinates": [
          40.437344,
          47.455002
        ]
      },
      "properties": {
        "time": "133652"
      }
    },
    {
      "type": "Feature",
      "id": 1754,
      "geometry": {
        "type": "Point",
        "coordinates": [
          40.437283,
          47.455254
        ]
      },
      "properties": {
        "time": "133653"
      }
    },
    {
      "type": "Feature",
      "id": 1755,
      "geometry": {
        "type": "Point",
        "coordinates": [
          40.43726,
          47.455494
        ]
      },
      "properties": {
        "time": "133654"
      }
    },
    {
      "type": "Feature",
      "id": 1756,
      "geometry": {
        "type": "Point",
        "coordinates": [
          40.437286,
          47.455761
        ]
      },
      "properties": {
        "time": "133655"
      }
    },
    {
      "type": "Feature",
      "id": 1757,
      "geometry": {
        "type": "Point",
        "coordinates": [
          40.437279,
          47.456013
        ]
      },
      "properties": {
        "time": "133656"
      }
    },
    {
      "type": "Feature",
      "id": 1758,
      "geometry": {
        "type": "Point",
        "coordinates": [
          40.437302,
          47.456264
        ]
      },
      "properties": {
        "time": "133657"
      }
    },
    {
      "type": "Feature",
      "id": 1759,
      "geometry": {
        "type": "Point",
        "coordinates": [
          40.437317,
          47.456516
        ]
      },
      "properties": {
        "time": "133658"
      }
    },
    {
      "type": "Feature",
      "id": 1760,
      "geometry": {
        "type": "Point",
        "coordinates": [
          40.437328,
          47.456757
        ]
      },
      "properties": {
        "time": "133659"
      }
    },
    {
      "type": "Feature",
      "id": 1761,
      "geometry": {
        "type": "Point",
        "coordinates": [
          40.437325,
          47.456993
        ]
      },
      "properties": {
        "time": "133660"
      }
    },
    {
      "type": "Feature",
      "id": 1762,
      "geometry": {
        "type": "Point",
        "coordinates": [
          40.437302,
          47.457222
        ]
      },
      "properties": {
        "time": "133661"
      }
    },
    {
      "type": "Feature",
      "id": 1763,
      "geometry": {
        "type": "Point",
        "coordinates": [
          40.437252,
          47.457458
        ]
      },
      "properties": {
        "time": "133662"
      }
    },
    {
      "type": "Feature",
      "id": 1764,
      "geometry": {
        "type": "Point",
        "coordinates": [
          40.437202,
          47.457684
        ]
      },
      "properties": {
        "time": "133663"
      }
    },
    {
      "type": "Feature",
      "id": 1765,
      "geometry": {
        "type": "Point",
        "coordinates": [
          40.437164,
          47.45792
        ]
      },
      "properties": {
        "time": "133664"
      }
    },
    {
      "type": "Feature",
      "id": 1766,
      "geometry": {
        "type": "Point",
        "coordinates": [
          40.437157,
          47.458157
        ]
      },
      "properties": {
        "time": "133665"
      }
    },
    {
      "type": "Feature",
      "id": 1767,
      "geometry": {
        "type": "Point",
        "coordinates": [
          40.437164,
          47.458408
        ]
      },
      "properties": {
        "time": "133666"
      }
    },
    {
      "type": "Feature",
      "id": 1768,
      "geometry": {
        "type": "Point",
        "coordinates": [
          40.437218,
          47.45866
        ]
      },
      "properties": {
        "time": "133667"
      }
    },
    {
      "type": "Feature",
      "id": 1769,
      "geometry": {
        "type": "Point",
        "coordinates": [
          40.437271,
          47.458904
        ]
      },
      "properties": {
        "time": "133668"
      }
    },
    {
      "type": "Feature",
      "id": 1770,
      "geometry": {
        "type": "Point",
        "coordinates": [
          40.437317,
          47.459141
        ]
      },
      "properties": {
        "time": "133669"
      }
    },
    {
      "type": "Feature",
      "id": 1771,
      "geometry": {
        "type": "Point",
        "coordinates": [
          40.437363,
          47.459377
        ]
      },
      "properties": {
        "time": "133670"
      }
    },
    {
      "type": "Feature",
      "id": 1772,
      "geometry": {
        "type": "Point",
        "coordinates": [
          40.437401,
          47.459614
        ]
      },
      "properties": {
        "time": "133671"
      }
    },
    {
      "type": "Feature",
      "id": 1773,
      "geometry": {
        "type": "Point",
        "coordinates": [
          40.437447,
          47.459846
        ]
      },
      "properties": {
        "time": "133672"
      }
    },
    {
      "type": "Feature",
      "id": 1774,
      "geometry": {
        "type": "Point",
        "coordinates": [
          40.437489,
          47.460087
        ]
      },
      "properties": {
        "time": "133673"
      }
    },
    {
      "type": "Feature",
      "id": 1775,
      "geometry": {
        "type": "Point",
        "coordinates": [
          40.437557,
          47.460323
        ]
      },
      "properties": {
        "time": "133674"
      }
    },
    {
      "type": "Feature",
      "id": 1776,
      "geometry": {
        "type": "Point",
        "coordinates": [
          40.437607,
          47.460548
        ]
      },
      "properties": {
        "time": "133675"
      }
    },
    {
      "type": "Feature",
      "id": 1777,
      "geometry": {
        "type": "Point",
        "coordinates": [
          40.437702,
          47.460781
        ]
      },
      "properties": {
        "time": "133676"
      }
    },
    {
      "type": "Feature",
      "id": 1778,
      "geometry": {
        "type": "Point",
        "coordinates": [
          40.437801,
          47.461014
        ]
      },
      "properties": {
        "time": "133677"
      }
    },
    {
      "type": "Feature",
      "id": 1779,
      "geometry": {
        "type": "Point",
        "coordinates": [
          40.437878,
          47.461254
        ]
      },
      "properties": {
        "time": "133678"
      }
    },
    {
      "type": "Feature",
      "id": 1780,
      "geometry": {
        "type": "Point",
        "coordinates": [
          40.438,
          47.461498
        ]
      },
      "properties": {
        "time": "133679"
      }
    },
    {
      "type": "Feature",
      "id": 1781,
      "geometry": {
        "type": "Point",
        "coordinates": [
          40.438129,
          47.461742
        ]
      },
      "properties": {
        "time": "133680"
      }
    },
    {
      "type": "Feature",
      "id": 1782,
      "geometry": {
        "type": "Point",
        "coordinates": [
          40.43832,
          47.461933
        ]
      },
      "properties": {
        "time": "133681"
      }
    },
    {
      "type": "Feature",
      "id": 1783,
      "geometry": {
        "type": "Point",
        "coordinates": [
          40.438538,
          47.46212
        ]
      },
      "properties": {
        "time": "133682"
      }
    },
    {
      "type": "Feature",
      "id": 1784,
      "geometry": {
        "type": "Point",
        "coordinates": [
          40.438774,
          47.462292
        ]
      },
      "properties": {
        "time": "133683"
      }
    },
    {
      "type": "Feature",
      "id": 1785,
      "geometry": {
        "type": "Point",
        "coordinates": [
          40.439026,
          47.462456
        ]
      },
      "properties": {
        "time": "133684"
      }
    },
    {
      "type": "Feature",
      "id": 1786,
      "geometry": {
        "type": "Point",
        "coordinates": [
          40.43927,
          47.46262
        ]
      },
      "properties": {
        "time": "133685"
      }
    },
    {
      "type": "Feature",
      "id": 1787,
      "geometry": {
        "type": "Point",
        "coordinates": [
          40.439499,
          47.462788
        ]
      },
      "properties": {
        "time": "133686"
      }
    },
    {
      "type": "Feature",
      "id": 1788,
      "geometry": {
        "type": "Point",
        "coordinates": [
          40.439716,
          47.462967
        ]
      },
      "properties": {
        "time": "133687"
      }
    },
    {
      "type": "Feature",
      "id": 1789,
      "geometry": {
        "type": "Point",
        "coordinates": [
          40.439934,
          47.463142
        ]
      },
      "properties": {
        "time": "133688"
      }
    },
    {
      "type": "Feature",
      "id": 1790,
      "geometry": {
        "type": "Point",
        "coordinates": [
          40.440121,
          47.463333
        ]
      },
      "properties": {
        "time": "133689"
      }
    },
    {
      "type": "Feature",
      "id": 1791,
      "geometry": {
        "type": "Point",
        "coordinates": [
          40.440331,
          47.463516
        ]
      },
      "properties": {
        "time": "133690"
      }
    },
    {
      "type": "Feature",
      "id": 1792,
      "geometry": {
        "type": "Point",
        "coordinates": [
          40.440582,
          47.463684
        ]
      },
      "properties": {
        "time": "133691"
      }
    },
    {
      "type": "Feature",
      "id": 1793,
      "geometry": {
        "type": "Point",
        "coordinates": [
          40.440845,
          47.463848
        ]
      },
      "properties": {
        "time": "133692"
      }
    },
    {
      "type": "Feature",
      "id": 1794,
      "geometry": {
        "type": "Point",
        "coordinates": [
          40.441124,
          47.464001
        ]
      },
      "properties": {
        "time": "133693"
      }
    },
    {
      "type": "Feature",
      "id": 1795,
      "geometry": {
        "type": "Point",
        "coordinates": [
          40.44141,
          47.464142
        ]
      },
      "properties": {
        "time": "133694"
      }
    },
    {
      "type": "Feature",
      "id": 1796,
      "geometry": {
        "type": "Point",
        "coordinates": [
          40.4417,
          47.464279
        ]
      },
      "properties": {
        "time": "133695"
      }
    },
    {
      "type": "Feature",
      "id": 1797,
      "geometry": {
        "type": "Point",
        "coordinates": [
          40.441971,
          47.464424
        ]
      },
      "properties": {
        "time": "133696"
      }
    },
    {
      "type": "Feature",
      "id": 1798,
      "geometry": {
        "type": "Point",
        "coordinates": [
          40.442268,
          47.464561
        ]
      },
      "properties": {
        "time": "133697"
      }
    },
    {
      "type": "Feature",
      "id": 1799,
      "geometry": {
        "type": "Point",
        "coordinates": [
          40.442558,
          47.464691
        ]
      },
      "properties": {
        "time": "133698"
      }
    },
    {
      "type": "Feature",
      "id": 1800,
      "geometry": {
        "type": "Point",
        "coordinates": [
          40.442856,
          47.464825
        ]
      },
      "properties": {
        "time": "133699"
      }
    },
    {
      "type": "Feature",
      "id": 1801,
      "geometry": {
        "type": "Point",
        "coordinates": [
          40.443188,
          47.464928
        ]
      },
      "properties": {
        "time": "133700"
      }
    },
    {
      "type": "Feature",
      "id": 1802,
      "geometry": {
        "type": "Point",
        "coordinates": [
          40.443497,
          47.465046
        ]
      },
      "properties": {
        "time": "133701"
      }
    },
    {
      "type": "Feature",
      "id": 1803,
      "geometry": {
        "type": "Point",
        "coordinates": [
          40.443802,
          47.465172
        ]
      },
      "properties": {
        "time": "133702"
      }
    },
    {
      "type": "Feature",
      "id": 1804,
      "geometry": {
        "type": "Point",
        "coordinates": [
          40.444126,
          47.465286
        ]
      },
      "properties": {
        "time": "133703"
      }
    },
    {
      "type": "Feature",
      "id": 1805,
      "geometry": {
        "type": "Point",
        "coordinates": [
          40.444454,
          47.465382
        ]
      },
      "properties": {
        "time": "133704"
      }
    },
    {
      "type": "Feature",
      "id": 1806,
      "geometry": {
        "type": "Point",
        "coordinates": [
          40.444771,
          47.465462
        ]
      },
      "properties": {
        "time": "133705"
      }
    },
    {
      "type": "Feature",
      "id": 1807,
      "geometry": {
        "type": "Point",
        "coordinates": [
          40.445087,
          47.465569
        ]
      },
      "properties": {
        "time": "133706"
      }
    },
    {
      "type": "Feature",
      "id": 1808,
      "geometry": {
        "type": "Point",
        "coordinates": [
          40.445427,
          47.465656
        ]
      },
      "properties": {
        "time": "133707"
      }
    },
    {
      "type": "Feature",
      "id": 1809,
      "geometry": {
        "type": "Point",
        "coordinates": [
          40.445766,
          47.465748
        ]
      },
      "properties": {
        "time": "133708"
      }
    },
    {
      "type": "Feature",
      "id": 1810,
      "geometry": {
        "type": "Point",
        "coordinates": [
          40.44611,
          47.465836
        ]
      },
      "properties": {
        "time": "133709"
      }
    },
    {
      "type": "Feature",
      "id": 1811,
      "geometry": {
        "type": "Point",
        "coordinates": [
          40.446449,
          47.465908
        ]
      },
      "properties": {
        "time": "133710"
      }
    },
    {
      "type": "Feature",
      "id": 1812,
      "geometry": {
        "type": "Point",
        "coordinates": [
          40.446777,
          47.465984
        ]
      },
      "properties": {
        "time": "133711"
      }
    },
    {
      "type": "Feature",
      "id": 1813,
      "geometry": {
        "type": "Point",
        "coordinates": [
          40.447124,
          47.466061
        ]
      },
      "properties": {
        "time": "133712"
      }
    },
    {
      "type": "Feature",
      "id": 1814,
      "geometry": {
        "type": "Point",
        "coordinates": [
          40.447487,
          47.466133
        ]
      },
      "properties": {
        "time": "133713"
      }
    },
    {
      "type": "Feature",
      "id": 1815,
      "geometry": {
        "type": "Point",
        "coordinates": [
          40.447842,
          47.466217
        ]
      },
      "properties": {
        "time": "133714"
      }
    },
    {
      "type": "Feature",
      "id": 1816,
      "geometry": {
        "type": "Point",
        "coordinates": [
          40.448189,
          47.466301
        ]
      },
      "properties": {
        "time": "133715"
      }
    },
    {
      "type": "Feature",
      "id": 1817,
      "geometry": {
        "type": "Point",
        "coordinates": [
          40.44854,
          47.466373
        ]
      },
      "properties": {
        "time": "133716"
      }
    },
    {
      "type": "Feature",
      "id": 1818,
      "geometry": {
        "type": "Point",
        "coordinates": [
          40.448891,
          47.466446
        ]
      },
      "properties": {
        "time": "133717"
      }
    },
    {
      "type": "Feature",
      "id": 1819,
      "geometry": {
        "type": "Point",
        "coordinates": [
          40.449257,
          47.466518
        ]
      },
      "properties": {
        "time": "133718"
      }
    },
    {
      "type": "Feature",
      "id": 1820,
      "geometry": {
        "type": "Point",
        "coordinates": [
          40.449631,
          47.466587
        ]
      },
      "properties": {
        "time": "133719"
      }
    },
    {
      "type": "Feature",
      "id": 1821,
      "geometry": {
        "type": "Point",
        "coordinates": [
          40.450001,
          47.466652
        ]
      },
      "properties": {
        "time": "133720"
      }
    },
    {
      "type": "Feature",
      "id": 1822,
      "geometry": {
        "type": "Point",
        "coordinates": [
          40.450363,
          47.466709
        ]
      },
      "properties": {
        "time": "133721"
      }
    },
    {
      "type": "Feature",
      "id": 1823,
      "geometry": {
        "type": "Point",
        "coordinates": [
          40.450718,
          47.466755
        ]
      },
      "properties": {
        "time": "133722"
      }
    },
    {
      "type": "Feature",
      "id": 1824,
      "geometry": {
        "type": "Point",
        "coordinates": [
          40.451077,
          47.466797
        ]
      },
      "properties": {
        "time": "133723"
      }
    },
    {
      "type": "Feature",
      "id": 1825,
      "geometry": {
        "type": "Point",
        "coordinates": [
          40.451447,
          47.466835
        ]
      },
      "properties": {
        "time": "133724"
      }
    },
    {
      "type": "Feature",
      "id": 1826,
      "geometry": {
        "type": "Point",
        "coordinates": [
          40.45182,
          47.466885
        ]
      },
      "properties": {
        "time": "133725"
      }
    },
    {
      "type": "Feature",
      "id": 1827,
      "geometry": {
        "type": "Point",
        "coordinates": [
          40.452187,
          47.466938
        ]
      },
      "properties": {
        "time": "133726"
      }
    },
    {
      "type": "Feature",
      "id": 1828,
      "geometry": {
        "type": "Point",
        "coordinates": [
          40.452545,
          47.467003
        ]
      },
      "properties": {
        "time": "133727"
      }
    },
    {
      "type": "Feature",
      "id": 1829,
      "geometry": {
        "type": "Point",
        "coordinates": [
          40.452915,
          47.467072
        ]
      },
      "properties": {
        "time": "133728"
      }
    },
    {
      "type": "Feature",
      "id": 1830,
      "geometry": {
        "type": "Point",
        "coordinates": [
          40.453285,
          47.467125
        ]
      },
      "properties": {
        "time": "133729"
      }
    },
    {
      "type": "Feature",
      "id": 1831,
      "geometry": {
        "type": "Point",
        "coordinates": [
          40.45364,
          47.467178
        ]
      },
      "properties": {
        "time": "133730"
      }
    },
    {
      "type": "Feature",
      "id": 1832,
      "geometry": {
        "type": "Point",
        "coordinates": [
          40.454014,
          47.467228
        ]
      },
      "properties": {
        "time": "133731"
      }
    },
    {
      "type": "Feature",
      "id": 1833,
      "geometry": {
        "type": "Point",
        "coordinates": [
          40.454388,
          47.467281
        ]
      },
      "properties": {
        "time": "133732"
      }
    },
    {
      "type": "Feature",
      "id": 1834,
      "geometry": {
        "type": "Point",
        "coordinates": [
          40.454754,
          47.467327
        ]
      },
      "properties": {
        "time": "133733"
      }
    },
    {
      "type": "Feature",
      "id": 1835,
      "geometry": {
        "type": "Point",
        "coordinates": [
          40.455124,
          47.467373
        ]
      },
      "properties": {
        "time": "133734"
      }
    },
    {
      "type": "Feature",
      "id": 1836,
      "geometry": {
        "type": "Point",
        "coordinates": [
          40.455486,
          47.467403
        ]
      },
      "properties": {
        "time": "133735"
      }
    },
    {
      "type": "Feature",
      "id": 1837,
      "geometry": {
        "type": "Point",
        "coordinates": [
          40.455841,
          47.467426
        ]
      },
      "properties": {
        "time": "133736"
      }
    },
    {
      "type": "Feature",
      "id": 1838,
      "geometry": {
        "type": "Point",
        "coordinates": [
          40.456177,
          47.467476
        ]
      },
      "properties": {
        "time": "133737"
      }
    },
    {
      "type": "Feature",
      "id": 1839,
      "geometry": {
        "type": "Point",
        "coordinates": [
          40.456532,
          47.467522
        ]
      },
      "properties": {
        "time": "133738"
      }
    },
    {
      "type": "Feature",
      "id": 1840,
      "geometry": {
        "type": "Point",
        "coordinates": [
          40.45689,
          47.467567
        ]
      },
      "properties": {
        "time": "133739"
      }
    },
    {
      "type": "Feature",
      "id": 1841,
      "geometry": {
        "type": "Point",
        "coordinates": [
          40.457245,
          47.467609
        ]
      },
      "properties": {
        "time": "133740"
      }
    },
    {
      "type": "Feature",
      "id": 1842,
      "geometry": {
        "type": "Point",
        "coordinates": [
          40.4576,
          47.467659
        ]
      },
      "properties": {
        "time": "133741"
      }
    },
    {
      "type": "Feature",
      "id": 1843,
      "geometry": {
        "type": "Point",
        "coordinates": [
          40.457954,
          47.467705
        ]
      },
      "properties": {
        "time": "133742"
      }
    },
    {
      "type": "Feature",
      "id": 1844,
      "geometry": {
        "type": "Point",
        "coordinates": [
          40.458313,
          47.467709
        ]
      },
      "properties": {
        "time": "133743"
      }
    },
    {
      "type": "Feature",
      "id": 1845,
      "geometry": {
        "type": "Point",
        "coordinates": [
          40.458668,
          47.467701
        ]
      },
      "properties": {
        "time": "133744"
      }
    },
    {
      "type": "Feature",
      "id": 1846,
      "geometry": {
        "type": "Point",
        "coordinates": [
          40.459023,
          47.467705
        ]
      },
      "properties": {
        "time": "133745"
      }
    },
    {
      "type": "Feature",
      "id": 1847,
      "geometry": {
        "type": "Point",
        "coordinates": [
          40.459389,
          47.467705
        ]
      },
      "properties": {
        "time": "133746"
      }
    },
    {
      "type": "Feature",
      "id": 1848,
      "geometry": {
        "type": "Point",
        "coordinates": [
          40.459743,
          47.467682
        ]
      },
      "properties": {
        "time": "133747"
      }
    },
    {
      "type": "Feature",
      "id": 1849,
      "geometry": {
        "type": "Point",
        "coordinates": [
          40.460094,
          47.467628
        ]
      },
      "properties": {
        "time": "133748"
      }
    },
    {
      "type": "Feature",
      "id": 1850,
      "geometry": {
        "type": "Point",
        "coordinates": [
          40.46043,
          47.467575
        ]
      },
      "properties": {
        "time": "133749"
      }
    },
    {
      "type": "Feature",
      "id": 1851,
      "geometry": {
        "type": "Point",
        "coordinates": [
          40.460747,
          47.467552
        ]
      },
      "properties": {
        "time": "133750"
      }
    },
    {
      "type": "Feature",
      "id": 1852,
      "geometry": {
        "type": "Point",
        "coordinates": [
          40.46109,
          47.467495
        ]
      },
      "properties": {
        "time": "133751"
      }
    },
    {
      "type": "Feature",
      "id": 1853,
      "geometry": {
        "type": "Point",
        "coordinates": [
          40.461418,
          47.467422
        ]
      },
      "properties": {
        "time": "133752"
      }
    },
    {
      "type": "Feature",
      "id": 1854,
      "geometry": {
        "type": "Point",
        "coordinates": [
          40.461712,
          47.467358
        ]
      },
      "properties": {
        "time": "133753"
      }
    },
    {
      "type": "Feature",
      "id": 1855,
      "geometry": {
        "type": "Point",
        "coordinates": [
          40.46204,
          47.467281
        ]
      },
      "properties": {
        "time": "133754"
      }
    },
    {
      "type": "Feature",
      "id": 1856,
      "geometry": {
        "type": "Point",
        "coordinates": [
          40.462372,
          47.467194
        ]
      },
      "properties": {
        "time": "133755"
      }
    },
    {
      "type": "Feature",
      "id": 1857,
      "geometry": {
        "type": "Point",
        "coordinates": [
          40.462708,
          47.467106
        ]
      },
      "properties": {
        "time": "133756"
      }
    },
    {
      "type": "Feature",
      "id": 1858,
      "geometry": {
        "type": "Point",
        "coordinates": [
          40.463043,
          47.467007
        ]
      },
      "properties": {
        "time": "133757"
      }
    },
    {
      "type": "Feature",
      "id": 1859,
      "geometry": {
        "type": "Point",
        "coordinates": [
          40.46336,
          47.466919
        ]
      },
      "properties": {
        "time": "133758"
      }
    },
    {
      "type": "Feature",
      "id": 1860,
      "geometry": {
        "type": "Point",
        "coordinates": [
          40.463676,
          47.46682
        ]
      },
      "properties": {
        "time": "133759"
      }
    },
    {
      "type": "Feature",
      "id": 1861,
      "geometry": {
        "type": "Point",
        "coordinates": [
          40.463982,
          47.466728
        ]
      },
      "properties": {
        "time": "133760"
      }
    },
    {
      "type": "Feature",
      "id": 1862,
      "geometry": {
        "type": "Point",
        "coordinates": [
          40.464294,
          47.46664
        ]
      },
      "properties": {
        "time": "133761"
      }
    },
    {
      "type": "Feature",
      "id": 1863,
      "geometry": {
        "type": "Point",
        "coordinates": [
          40.464615,
          47.466545
        ]
      },
      "properties": {
        "time": "133762"
      }
    },
    {
      "type": "Feature",
      "id": 1864,
      "geometry": {
        "type": "Point",
        "coordinates": [
          40.464931,
          47.466446
        ]
      },
      "properties": {
        "time": "133763"
      }
    },
    {
      "type": "Feature",
      "id": 1865,
      "geometry": {
        "type": "Point",
        "coordinates": [
          40.465244,
          47.466343
        ]
      },
      "properties": {
        "time": "133764"
      }
    },
    {
      "type": "Feature",
      "id": 1866,
      "geometry": {
        "type": "Point",
        "coordinates": [
          40.465542,
          47.466255
        ]
      },
      "properties": {
        "time": "133765"
      }
    },
    {
      "type": "Feature",
      "id": 1867,
      "geometry": {
        "type": "Point",
        "coordinates": [
          40.465847,
          47.466156
        ]
      },
      "properties": {
        "time": "133766"
      }
    },
    {
      "type": "Feature",
      "id": 1868,
      "geometry": {
        "type": "Point",
        "coordinates": [
          40.466164,
          47.466038
        ]
      },
      "properties": {
        "time": "133767"
      }
    },
    {
      "type": "Feature",
      "id": 1869,
      "geometry": {
        "type": "Point",
        "coordinates": [
          40.466442,
          47.465912
        ]
      },
      "properties": {
        "time": "133768"
      }
    },
    {
      "type": "Feature",
      "id": 1870,
      "geometry": {
        "type": "Point",
        "coordinates": [
          40.466736,
          47.46579
        ]
      },
      "properties": {
        "time": "133769"
      }
    },
    {
      "type": "Feature",
      "id": 1871,
      "geometry": {
        "type": "Point",
        "coordinates": [
          40.467033,
          47.465675
        ]
      },
      "properties": {
        "time": "133770"
      }
    },
    {
      "type": "Feature",
      "id": 1872,
      "geometry": {
        "type": "Point",
        "coordinates": [
          40.467346,
          47.465553
        ]
      },
      "properties": {
        "time": "133771"
      }
    },
    {
      "type": "Feature",
      "id": 1873,
      "geometry": {
        "type": "Point",
        "coordinates": [
          40.467651,
          47.465443
        ]
      },
      "properties": {
        "time": "133772"
      }
    },
    {
      "type": "Feature",
      "id": 1874,
      "geometry": {
        "type": "Point",
        "coordinates": [
          40.467934,
          47.465355
        ]
      },
      "properties": {
        "time": "133773"
      }
    },
    {
      "type": "Feature",
      "id": 1875,
      "geometry": {
        "type": "Point",
        "coordinates": [
          40.468288,
          47.465202
        ]
      },
      "properties": {
        "time": "133774"
      }
    },
    {
      "type": "Feature",
      "id": 1876,
      "geometry": {
        "type": "Point",
        "coordinates": [
          40.468571,
          47.465107
        ]
      },
      "properties": {
        "time": "133775"
      }
    },
    {
      "type": "Feature",
      "id": 1877,
      "geometry": {
        "type": "Point",
        "coordinates": [
          40.46888,
          47.464993
        ]
      },
      "properties": {
        "time": "133776"
      }
    },
    {
      "type": "Feature",
      "id": 1878,
      "geometry": {
        "type": "Point",
        "coordinates": [
          40.469204,
          47.464886
        ]
      },
      "properties": {
        "time": "133777"
      }
    },
    {
      "type": "Feature",
      "id": 1879,
      "geometry": {
        "type": "Point",
        "coordinates": [
          40.469524,
          47.464787
        ]
      },
      "properties": {
        "time": "133778"
      }
    },
    {
      "type": "Feature",
      "id": 1880,
      "geometry": {
        "type": "Point",
        "coordinates": [
          40.469837,
          47.464695
        ]
      },
      "properties": {
        "time": "133779"
      }
    },
    {
      "type": "Feature",
      "id": 1881,
      "geometry": {
        "type": "Point",
        "coordinates": [
          40.470154,
          47.464619
        ]
      },
      "properties": {
        "time": "133780"
      }
    },
    {
      "type": "Feature",
      "id": 1882,
      "geometry": {
        "type": "Point",
        "coordinates": [
          40.470459,
          47.464535
        ]
      },
      "properties": {
        "time": "133781"
      }
    },
    {
      "type": "Feature",
      "id": 1883,
      "geometry": {
        "type": "Point",
        "coordinates": [
          40.470741,
          47.464478
        ]
      },
      "properties": {
        "time": "133782"
      }
    },
    {
      "type": "Feature",
      "id": 1884,
      "geometry": {
        "type": "Point",
        "coordinates": [
          40.471088,
          47.464382
        ]
      },
      "properties": {
        "time": "133783"
      }
    },
    {
      "type": "Feature",
      "id": 1885,
      "geometry": {
        "type": "Point",
        "coordinates": [
          40.47142,
          47.464272
        ]
      },
      "properties": {
        "time": "133784"
      }
    },
    {
      "type": "Feature",
      "id": 1886,
      "geometry": {
        "type": "Point",
        "coordinates": [
          40.471748,
          47.464184
        ]
      },
      "properties": {
        "time": "133785"
      }
    },
    {
      "type": "Feature",
      "id": 1887,
      "geometry": {
        "type": "Point",
        "coordinates": [
          40.472073,
          47.464104
        ]
      },
      "properties": {
        "time": "133786"
      }
    },
    {
      "type": "Feature",
      "id": 1888,
      "geometry": {
        "type": "Point",
        "coordinates": [
          40.472385,
          47.464043
        ]
      },
      "properties": {
        "time": "133787"
      }
    },
    {
      "type": "Feature",
      "id": 1889,
      "geometry": {
        "type": "Point",
        "coordinates": [
          40.472706,
          47.463978
        ]
      },
      "properties": {
        "time": "133788"
      }
    },
    {
      "type": "Feature",
      "id": 1890,
      "geometry": {
        "type": "Point",
        "coordinates": [
          40.47303,
          47.463898
        ]
      },
      "properties": {
        "time": "133789"
      }
    },
    {
      "type": "Feature",
      "id": 1891,
      "geometry": {
        "type": "Point",
        "coordinates": [
          40.473354,
          47.463802
        ]
      },
      "properties": {
        "time": "133790"
      }
    },
    {
      "type": "Feature",
      "id": 1892,
      "geometry": {
        "type": "Point",
        "coordinates": [
          40.473675,
          47.463711
        ]
      },
      "properties": {
        "time": "133791"
      }
    },
    {
      "type": "Feature",
      "id": 1893,
      "geometry": {
        "type": "Point",
        "coordinates": [
          40.473984,
          47.463615
        ]
      },
      "properties": {
        "time": "133792"
      }
    },
    {
      "type": "Feature",
      "id": 1894,
      "geometry": {
        "type": "Point",
        "coordinates": [
          40.474293,
          47.463539
        ]
      },
      "properties": {
        "time": "133793"
      }
    },
    {
      "type": "Feature",
      "id": 1895,
      "geometry": {
        "type": "Point",
        "coordinates": [
          40.474609,
          47.463432
        ]
      },
      "properties": {
        "time": "133794"
      }
    },
    {
      "type": "Feature",
      "id": 1896,
      "geometry": {
        "type": "Point",
        "coordinates": [
          40.474911,
          47.463333
        ]
      },
      "properties": {
        "time": "133795"
      }
    },
    {
      "type": "Feature",
      "id": 1897,
      "geometry": {
        "type": "Point",
        "coordinates": [
          40.475239,
          47.4632
        ]
      },
      "properties": {
        "time": "133796"
      }
    },
    {
      "type": "Feature",
      "id": 1898,
      "geometry": {
        "type": "Point",
        "coordinates": [
          40.475559,
          47.463093
        ]
      },
      "properties": {
        "time": "133797"
      }
    },
    {
      "type": "Feature",
      "id": 1899,
      "geometry": {
        "type": "Point",
        "coordinates": [
          40.475876,
          47.463009
        ]
      },
      "properties": {
        "time": "133798"
      }
    },
    {
      "type": "Feature",
      "id": 1900,
      "geometry": {
        "type": "Point",
        "coordinates": [
          40.476185,
          47.46294
        ]
      },
      "properties": {
        "time": "133799"
      }
    },
    {
      "type": "Feature",
      "id": 1901,
      "geometry": {
        "type": "Point",
        "coordinates": [
          40.476494,
          47.462852
        ]
      },
      "properties": {
        "time": "133800"
      }
    },
    {
      "type": "Feature",
      "id": 1902,
      "geometry": {
        "type": "Point",
        "coordinates": [
          40.476814,
          47.462753
        ]
      },
      "properties": {
        "time": "133801"
      }
    },
    {
      "type": "Feature",
      "id": 1903,
      "geometry": {
        "type": "Point",
        "coordinates": [
          40.477161,
          47.462662
        ]
      },
      "properties": {
        "time": "133802"
      }
    },
    {
      "type": "Feature",
      "id": 1904,
      "geometry": {
        "type": "Point",
        "coordinates": [
          40.477478,
          47.462563
        ]
      },
      "properties": {
        "time": "133803"
      }
    },
    {
      "type": "Feature",
      "id": 1905,
      "geometry": {
        "type": "Point",
        "coordinates": [
          40.477806,
          47.462456
        ]
      },
      "properties": {
        "time": "133804"
      }
    },
    {
      "type": "Feature",
      "id": 1906,
      "geometry": {
        "type": "Point",
        "coordinates": [
          40.478138,
          47.462357
        ]
      },
      "properties": {
        "time": "133805"
      }
    },
    {
      "type": "Feature",
      "id": 1907,
      "geometry": {
        "type": "Point",
        "coordinates": [
          40.478493,
          47.462254
        ]
      },
      "properties": {
        "time": "133806"
      }
    },
    {
      "type": "Feature",
      "id": 1908,
      "geometry": {
        "type": "Point",
        "coordinates": [
          40.47884,
          47.462173
        ]
      },
      "properties": {
        "time": "133807"
      }
    },
    {
      "type": "Feature",
      "id": 1909,
      "geometry": {
        "type": "Point",
        "coordinates": [
          40.479176,
          47.462116
        ]
      },
      "properties": {
        "time": "133808"
      }
    },
    {
      "type": "Feature",
      "id": 1910,
      "geometry": {
        "type": "Point",
        "coordinates": [
          40.479504,
          47.46207
        ]
      },
      "properties": {
        "time": "133809"
      }
    },
    {
      "type": "Feature",
      "id": 1911,
      "geometry": {
        "type": "Point",
        "coordinates": [
          40.479824,
          47.462044
        ]
      },
      "properties": {
        "time": "133810"
      }
    },
    {
      "type": "Feature",
      "id": 1912,
      "geometry": {
        "type": "Point",
        "coordinates": [
          40.480137,
          47.462006
        ]
      },
      "properties": {
        "time": "133811"
      }
    },
    {
      "type": "Feature",
      "id": 1913,
      "geometry": {
        "type": "Point",
        "coordinates": [
          40.480473,
          47.461956
        ]
      },
      "properties": {
        "time": "133812"
      }
    },
    {
      "type": "Feature",
      "id": 1914,
      "geometry": {
        "type": "Point",
        "coordinates": [
          40.480816,
          47.46191
        ]
      },
      "properties": {
        "time": "133813"
      }
    },
    {
      "type": "Feature",
      "id": 1915,
      "geometry": {
        "type": "Point",
        "coordinates": [
          40.481159,
          47.461861
        ]
      },
      "properties": {
        "time": "133814"
      }
    },
    {
      "type": "Feature",
      "id": 1916,
      "geometry": {
        "type": "Point",
        "coordinates": [
          40.481503,
          47.461811
        ]
      },
      "properties": {
        "time": "133815"
      }
    },
    {
      "type": "Feature",
      "id": 1917,
      "geometry": {
        "type": "Point",
        "coordinates": [
          40.481846,
          47.46175
        ]
      },
      "properties": {
        "time": "133816"
      }
    },
    {
      "type": "Feature",
      "id": 1918,
      "geometry": {
        "type": "Point",
        "coordinates": [
          40.482189,
          47.461697
        ]
      },
      "properties": {
        "time": "133817"
      }
    },
    {
      "type": "Feature",
      "id": 1919,
      "geometry": {
        "type": "Point",
        "coordinates": [
          40.482525,
          47.461636
        ]
      },
      "properties": {
        "time": "133818"
      }
    },
    {
      "type": "Feature",
      "id": 1920,
      "geometry": {
        "type": "Point",
        "coordinates": [
          40.482853,
          47.461578
        ]
      },
      "properties": {
        "time": "133819"
      }
    },
    {
      "type": "Feature",
      "id": 1921,
      "geometry": {
        "type": "Point",
        "coordinates": [
          40.483208,
          47.461514
        ]
      },
      "properties": {
        "time": "133820"
      }
    },
    {
      "type": "Feature",
      "id": 1922,
      "geometry": {
        "type": "Point",
        "coordinates": [
          40.48357,
          47.461433
        ]
      },
      "properties": {
        "time": "133821"
      }
    },
    {
      "type": "Feature",
      "id": 1923,
      "geometry": {
        "type": "Point",
        "coordinates": [
          40.48394,
          47.461384
        ]
      },
      "properties": {
        "time": "133822"
      }
    },
    {
      "type": "Feature",
      "id": 1924,
      "geometry": {
        "type": "Point",
        "coordinates": [
          40.484295,
          47.461327
        ]
      },
      "properties": {
        "time": "133823"
      }
    },
    {
      "type": "Feature",
      "id": 1925,
      "geometry": {
        "type": "Point",
        "coordinates": [
          40.484638,
          47.461266
        ]
      },
      "properties": {
        "time": "133824"
      }
    },
    {
      "type": "Feature",
      "id": 1926,
      "geometry": {
        "type": "Point",
        "coordinates": [
          40.48497,
          47.461197
        ]
      },
      "properties": {
        "time": "133825"
      }
    },
    {
      "type": "Feature",
      "id": 1927,
      "geometry": {
        "type": "Point",
        "coordinates": [
          40.485306,
          47.461128
        ]
      },
      "properties": {
        "time": "133826"
      }
    },
    {
      "type": "Feature",
      "id": 1928,
      "geometry": {
        "type": "Point",
        "coordinates": [
          40.485638,
          47.46106
        ]
      },
      "properties": {
        "time": "133827"
      }
    },
    {
      "type": "Feature",
      "id": 1929,
      "geometry": {
        "type": "Point",
        "coordinates": [
          40.48597,
          47.460987
        ]
      },
      "properties": {
        "time": "133828"
      }
    },
    {
      "type": "Feature",
      "id": 1930,
      "geometry": {
        "type": "Point",
        "coordinates": [
          40.486298,
          47.460915
        ]
      },
      "properties": {
        "time": "133829"
      }
    },
    {
      "type": "Feature",
      "id": 1931,
      "geometry": {
        "type": "Point",
        "coordinates": [
          40.486641,
          47.460846
        ]
      },
      "properties": {
        "time": "133830"
      }
    },
    {
      "type": "Feature",
      "id": 1932,
      "geometry": {
        "type": "Point",
        "coordinates": [
          40.486992,
          47.460762
        ]
      },
      "properties": {
        "time": "133831"
      }
    },
    {
      "type": "Feature",
      "id": 1933,
      "geometry": {
        "type": "Point",
        "coordinates": [
          40.487324,
          47.460682
        ]
      },
      "properties": {
        "time": "133832"
      }
    },
    {
      "type": "Feature",
      "id": 1934,
      "geometry": {
        "type": "Point",
        "coordinates": [
          40.487652,
          47.460609
        ]
      },
      "properties": {
        "time": "133833"
      }
    },
    {
      "type": "Feature",
      "id": 1935,
      "geometry": {
        "type": "Point",
        "coordinates": [
          40.487991,
          47.460541
        ]
      },
      "properties": {
        "time": "133834"
      }
    },
    {
      "type": "Feature",
      "id": 1936,
      "geometry": {
        "type": "Point",
        "coordinates": [
          40.488327,
          47.460487
        ]
      },
      "properties": {
        "time": "133835"
      }
    },
    {
      "type": "Feature",
      "id": 1937,
      "geometry": {
        "type": "Point",
        "coordinates": [
          40.488674,
          47.460442
        ]
      },
      "properties": {
        "time": "133836"
      }
    },
    {
      "type": "Feature",
      "id": 1938,
      "geometry": {
        "type": "Point",
        "coordinates": [
          40.489021,
          47.460396
        ]
      },
      "properties": {
        "time": "133837"
      }
    },
    {
      "type": "Feature",
      "id": 1939,
      "geometry": {
        "type": "Point",
        "coordinates": [
          40.489361,
          47.460342
        ]
      },
      "properties": {
        "time": "133838"
      }
    },
    {
      "type": "Feature",
      "id": 1940,
      "geometry": {
        "type": "Point",
        "coordinates": [
          40.489708,
          47.460312
        ]
      },
      "properties": {
        "time": "133839"
      }
    },
    {
      "type": "Feature",
      "id": 1941,
      "geometry": {
        "type": "Point",
        "coordinates": [
          40.490055,
          47.460312
        ]
      },
      "properties": {
        "time": "133840"
      }
    },
    {
      "type": "Feature",
      "id": 1942,
      "geometry": {
        "type": "Point",
        "coordinates": [
          40.490398,
          47.46032
        ]
      },
      "properties": {
        "time": "133841"
      }
    },
    {
      "type": "Feature",
      "id": 1943,
      "geometry": {
        "type": "Point",
        "coordinates": [
          40.490738,
          47.460335
        ]
      },
      "properties": {
        "time": "133842"
      }
    },
    {
      "type": "Feature",
      "id": 1944,
      "geometry": {
        "type": "Point",
        "coordinates": [
          40.491077,
          47.46035
        ]
      },
      "properties": {
        "time": "133843"
      }
    },
    {
      "type": "Feature",
      "id": 1945,
      "geometry": {
        "type": "Point",
        "coordinates": [
          40.49144,
          47.460361
        ]
      },
      "properties": {
        "time": "133844"
      }
    },
    {
      "type": "Feature",
      "id": 1946,
      "geometry": {
        "type": "Point",
        "coordinates": [
          40.491795,
          47.460388
        ]
      },
      "properties": {
        "time": "133845"
      }
    },
    {
      "type": "Feature",
      "id": 1947,
      "geometry": {
        "type": "Point",
        "coordinates": [
          40.492146,
          47.460411
        ]
      },
      "properties": {
        "time": "133846"
      }
    },
    {
      "type": "Feature",
      "id": 1948,
      "geometry": {
        "type": "Point",
        "coordinates": [
          40.492485,
          47.46043
        ]
      },
      "properties": {
        "time": "133847"
      }
    },
    {
      "type": "Feature",
      "id": 1949,
      "geometry": {
        "type": "Point",
        "coordinates": [
          40.492828,
          47.460438
        ]
      },
      "properties": {
        "time": "133848"
      }
    },
    {
      "type": "Feature",
      "id": 1950,
      "geometry": {
        "type": "Point",
        "coordinates": [
          40.493176,
          47.460438
        ]
      },
      "properties": {
        "time": "133849"
      }
    },
    {
      "type": "Feature",
      "id": 1951,
      "geometry": {
        "type": "Point",
        "coordinates": [
          40.493515,
          47.460453
        ]
      },
      "properties": {
        "time": "133850"
      }
    },
    {
      "type": "Feature",
      "id": 1952,
      "geometry": {
        "type": "Point",
        "coordinates": [
          40.493855,
          47.460472
        ]
      },
      "properties": {
        "time": "133851"
      }
    },
    {
      "type": "Feature",
      "id": 1953,
      "geometry": {
        "type": "Point",
        "coordinates": [
          40.49419,
          47.460503
        ]
      },
      "properties": {
        "time": "133852"
      }
    },
    {
      "type": "Feature",
      "id": 1954,
      "geometry": {
        "type": "Point",
        "coordinates": [
          40.494541,
          47.460533
        ]
      },
      "properties": {
        "time": "133853"
      }
    },
    {
      "type": "Feature",
      "id": 1955,
      "geometry": {
        "type": "Point",
        "coordinates": [
          40.494892,
          47.46056
        ]
      },
      "properties": {
        "time": "133854"
      }
    },
    {
      "type": "Feature",
      "id": 1956,
      "geometry": {
        "type": "Point",
        "coordinates": [
          40.495247,
          47.460602
        ]
      },
      "properties": {
        "time": "133855"
      }
    },
    {
      "type": "Feature",
      "id": 1957,
      "geometry": {
        "type": "Point",
        "coordinates": [
          40.495602,
          47.460583
        ]
      },
      "properties": {
        "time": "133856"
      }
    },
    {
      "type": "Feature",
      "id": 1958,
      "geometry": {
        "type": "Point",
        "coordinates": [
          40.495964,
          47.460575
        ]
      },
      "properties": {
        "time": "133857"
      }
    },
    {
      "type": "Feature",
      "id": 1959,
      "geometry": {
        "type": "Point",
        "coordinates": [
          40.496315,
          47.460594
        ]
      },
      "properties": {
        "time": "133858"
      }
    },
    {
      "type": "Feature",
      "id": 1960,
      "geometry": {
        "type": "Point",
        "coordinates": [
          40.496655,
          47.460621
        ]
      },
      "properties": {
        "time": "133859"
      }
    },
    {
      "type": "Feature",
      "id": 1961,
      "geometry": {
        "type": "Point",
        "coordinates": [
          40.49699,
          47.460648
        ]
      },
      "properties": {
        "time": "133860"
      }
    },
    {
      "type": "Feature",
      "id": 1962,
      "geometry": {
        "type": "Point",
        "coordinates": [
          40.497326,
          47.460678
        ]
      },
      "properties": {
        "time": "133861"
      }
    },
    {
      "type": "Feature",
      "id": 1963,
      "geometry": {
        "type": "Point",
        "coordinates": [
          40.497665,
          47.460697
        ]
      },
      "properties": {
        "time": "133862"
      }
    },
    {
      "type": "Feature",
      "id": 1964,
      "geometry": {
        "type": "Point",
        "coordinates": [
          40.498013,
          47.460712
        ]
      },
      "properties": {
        "time": "133863"
      }
    },
    {
      "type": "Feature",
      "id": 1965,
      "geometry": {
        "type": "Point",
        "coordinates": [
          40.498363,
          47.460709
        ]
      },
      "properties": {
        "time": "133864"
      }
    },
    {
      "type": "Feature",
      "id": 1966,
      "geometry": {
        "type": "Point",
        "coordinates": [
          40.498722,
          47.460709
        ]
      },
      "properties": {
        "time": "133865"
      }
    },
    {
      "type": "Feature",
      "id": 1967,
      "geometry": {
        "type": "Point",
        "coordinates": [
          40.499077,
          47.460716
        ]
      },
      "properties": {
        "time": "133866"
      }
    },
    {
      "type": "Feature",
      "id": 1968,
      "geometry": {
        "type": "Point",
        "coordinates": [
          40.499424,
          47.46072
        ]
      },
      "properties": {
        "time": "133867"
      }
    },
    {
      "type": "Feature",
      "id": 1969,
      "geometry": {
        "type": "Point",
        "coordinates": [
          40.499783,
          47.460724
        ]
      },
      "properties": {
        "time": "133868"
      }
    },
    {
      "type": "Feature",
      "id": 1970,
      "geometry": {
        "type": "Point",
        "coordinates": [
          40.500134,
          47.460724
        ]
      },
      "properties": {
        "time": "133869"
      }
    },
    {
      "type": "Feature",
      "id": 1971,
      "geometry": {
        "type": "Point",
        "coordinates": [
          40.500488,
          47.460728
        ]
      },
      "properties": {
        "time": "133870"
      }
    },
    {
      "type": "Feature",
      "id": 1972,
      "geometry": {
        "type": "Point",
        "coordinates": [
          40.500839,
          47.460732
        ]
      },
      "properties": {
        "time": "133871"
      }
    },
    {
      "type": "Feature",
      "id": 1973,
      "geometry": {
        "type": "Point",
        "coordinates": [
          40.501198,
          47.460735
        ]
      },
      "properties": {
        "time": "133872"
      }
    },
    {
      "type": "Feature",
      "id": 1974,
      "geometry": {
        "type": "Point",
        "coordinates": [
          40.501564,
          47.46072
        ]
      },
      "properties": {
        "time": "133873"
      }
    },
    {
      "type": "Feature",
      "id": 1975,
      "geometry": {
        "type": "Point",
        "coordinates": [
          40.501919,
          47.460712
        ]
      },
      "properties": {
        "time": "133874"
      }
    },
    {
      "type": "Feature",
      "id": 1976,
      "geometry": {
        "type": "Point",
        "coordinates": [
          40.502281,
          47.460705
        ]
      },
      "properties": {
        "time": "133875"
      }
    },
    {
      "type": "Feature",
      "id": 1977,
      "geometry": {
        "type": "Point",
        "coordinates": [
          40.502632,
          47.460701
        ]
      },
      "properties": {
        "time": "133876"
      }
    },
    {
      "type": "Feature",
      "id": 1978,
      "geometry": {
        "type": "Point",
        "coordinates": [
          40.502979,
          47.460712
        ]
      },
      "properties": {
        "time": "133877"
      }
    },
    {
      "type": "Feature",
      "id": 1979,
      "geometry": {
        "type": "Point",
        "coordinates": [
          40.503338,
          47.460709
        ]
      },
      "properties": {
        "time": "133878"
      }
    },
    {
      "type": "Feature",
      "id": 1980,
      "geometry": {
        "type": "Point",
        "coordinates": [
          40.503658,
          47.460754
        ]
      },
      "properties": {
        "time": "133879"
      }
    },
    {
      "type": "Feature",
      "id": 1981,
      "geometry": {
        "type": "Point",
        "coordinates": [
          40.504021,
          47.460747
        ]
      },
      "properties": {
        "time": "133880"
      }
    },
    {
      "type": "Feature",
      "id": 1982,
      "geometry": {
        "type": "Point",
        "coordinates": [
          40.504379,
          47.460754
        ]
      },
      "properties": {
        "time": "133881"
      }
    },
    {
      "type": "Feature",
      "id": 1983,
      "geometry": {
        "type": "Point",
        "coordinates": [
          40.504726,
          47.460781
        ]
      },
      "properties": {
        "time": "133882"
      }
    },
    {
      "type": "Feature",
      "id": 1984,
      "geometry": {
        "type": "Point",
        "coordinates": [
          40.505074,
          47.460812
        ]
      },
      "properties": {
        "time": "133883"
      }
    },
    {
      "type": "Feature",
      "id": 1985,
      "geometry": {
        "type": "Point",
        "coordinates": [
          40.505424,
          47.460846
        ]
      },
      "properties": {
        "time": "133884"
      }
    },
    {
      "type": "Feature",
      "id": 1986,
      "geometry": {
        "type": "Point",
        "coordinates": [
          40.505775,
          47.46088
        ]
      },
      "properties": {
        "time": "133885"
      }
    },
    {
      "type": "Feature",
      "id": 1987,
      "geometry": {
        "type": "Point",
        "coordinates": [
          40.506123,
          47.460907
        ]
      },
      "properties": {
        "time": "133886"
      }
    },
    {
      "type": "Feature",
      "id": 1988,
      "geometry": {
        "type": "Point",
        "coordinates": [
          40.506477,
          47.46093
        ]
      },
      "properties": {
        "time": "133887"
      }
    },
    {
      "type": "Feature",
      "id": 1989,
      "geometry": {
        "type": "Point",
        "coordinates": [
          40.506824,
          47.460949
        ]
      },
      "properties": {
        "time": "133888"
      }
    },
    {
      "type": "Feature",
      "id": 1990,
      "geometry": {
        "type": "Point",
        "coordinates": [
          40.50716,
          47.460972
        ]
      },
      "properties": {
        "time": "133889"
      }
    },
    {
      "type": "Feature",
      "id": 1991,
      "geometry": {
        "type": "Point",
        "coordinates": [
          40.507504,
          47.460995
        ]
      },
      "properties": {
        "time": "133890"
      }
    },
    {
      "type": "Feature",
      "id": 1992,
      "geometry": {
        "type": "Point",
        "coordinates": [
          40.507839,
          47.461025
        ]
      },
      "properties": {
        "time": "133891"
      }
    },
    {
      "type": "Feature",
      "id": 1993,
      "geometry": {
        "type": "Point",
        "coordinates": [
          40.508171,
          47.461052
        ]
      },
      "properties": {
        "time": "133892"
      }
    },
    {
      "type": "Feature",
      "id": 1994,
      "geometry": {
        "type": "Point",
        "coordinates": [
          40.508499,
          47.461067
        ]
      },
      "properties": {
        "time": "133893"
      }
    },
    {
      "type": "Feature",
      "id": 1995,
      "geometry": {
        "type": "Point",
        "coordinates": [
          40.50882,
          47.461082
        ]
      },
      "properties": {
        "time": "133894"
      }
    },
    {
      "type": "Feature",
      "id": 1996,
      "geometry": {
        "type": "Point",
        "coordinates": [
          40.50914,
          47.461082
        ]
      },
      "properties": {
        "time": "133895"
      }
    },
    {
      "type": "Feature",
      "id": 1997,
      "geometry": {
        "type": "Point",
        "coordinates": [
          40.509422,
          47.461086
        ]
      },
      "properties": {
        "time": "133896"
      }
    },
    {
      "type": "Feature",
      "id": 1998,
      "geometry": {
        "type": "Point",
        "coordinates": [
          40.509735,
          47.461052
        ]
      },
      "properties": {
        "time": "133897"
      }
    },
    {
      "type": "Feature",
      "id": 1999,
      "geometry": {
        "type": "Point",
        "coordinates": [
          40.510063,
          47.461029
        ]
      },
      "properties": {
        "time": "133898"
      }
    },
    {
      "type": "Feature",
      "id": 2000,
      "geometry": {
        "type": "Point",
        "coordinates": [
          40.510376,
          47.461021
        ]
      },
      "properties": {
        "time": "133899"
      }
    },
    {
      "type": "Feature",
      "id": 2001,
      "geometry": {
        "type": "Point",
        "coordinates": [
          40.510689,
          47.461029
        ]
      },
      "properties": {
        "time": "133900"
      }
    },
    {
      "type": "Feature",
      "id": 2002,
      "geometry": {
        "type": "Point",
        "coordinates": [
          40.510986,
          47.461063
        ]
      },
      "properties": {
        "time": "133901"
      }
    },
    {
      "type": "Feature",
      "id": 2003,
      "geometry": {
        "type": "Point",
        "coordinates": [
          40.51128,
          47.461094
        ]
      },
      "properties": {
        "time": "133902"
      }
    },
    {
      "type": "Feature",
      "id": 2004,
      "geometry": {
        "type": "Point",
        "coordinates": [
          40.51157,
          47.461128
        ]
      },
      "properties": {
        "time": "133903"
      }
    },
    {
      "type": "Feature",
      "id": 2005,
      "geometry": {
        "type": "Point",
        "coordinates": [
          40.511879,
          47.461151
        ]
      },
      "properties": {
        "time": "133904"
      }
    },
    {
      "type": "Feature",
      "id": 2006,
      "geometry": {
        "type": "Point",
        "coordinates": [
          40.512165,
          47.461193
        ]
      },
      "properties": {
        "time": "133905"
      }
    },
    {
      "type": "Feature",
      "id": 2007,
      "geometry": {
        "type": "Point",
        "coordinates": [
          40.512432,
          47.461254
        ]
      },
      "properties": {
        "time": "133906"
      }
    },
    {
      "type": "Feature",
      "id": 2008,
      "geometry": {
        "type": "Point",
        "coordinates": [
          40.51268,
          47.461334
        ]
      },
      "properties": {
        "time": "133907"
      }
    },
    {
      "type": "Feature",
      "id": 2009,
      "geometry": {
        "type": "Point",
        "coordinates": [
          40.512924,
          47.461418
        ]
      },
      "properties": {
        "time": "133908"
      }
    },
    {
      "type": "Feature",
      "id": 2010,
      "geometry": {
        "type": "Point",
        "coordinates": [
          40.513195,
          47.461479
        ]
      },
      "properties": {
        "time": "133909"
      }
    },
    {
      "type": "Feature",
      "id": 2011,
      "geometry": {
        "type": "Point",
        "coordinates": [
          40.513466,
          47.461525
        ]
      },
      "properties": {
        "time": "133910"
      }
    },
    {
      "type": "Feature",
      "id": 2012,
      "geometry": {
        "type": "Point",
        "coordinates": [
          40.513737,
          47.461597
        ]
      },
      "properties": {
        "time": "133911"
      }
    },
    {
      "type": "Feature",
      "id": 2013,
      "geometry": {
        "type": "Point",
        "coordinates": [
          40.513992,
          47.461689
        ]
      },
      "properties": {
        "time": "133912"
      }
    },
    {
      "type": "Feature",
      "id": 2014,
      "geometry": {
        "type": "Point",
        "coordinates": [
          40.514229,
          47.461773
        ]
      },
      "properties": {
        "time": "133913"
      }
    },
    {
      "type": "Feature",
      "id": 2015,
      "geometry": {
        "type": "Point",
        "coordinates": [
          40.514435,
          47.461891
        ]
      },
      "properties": {
        "time": "133914"
      }
    },
    {
      "type": "Feature",
      "id": 2016,
      "geometry": {
        "type": "Point",
        "coordinates": [
          40.51466,
          47.462006
        ]
      },
      "properties": {
        "time": "133915"
      }
    },
    {
      "type": "Feature",
      "id": 2017,
      "geometry": {
        "type": "Point",
        "coordinates": [
          40.514885,
          47.462128
        ]
      },
      "properties": {
        "time": "133916"
      }
    },
    {
      "type": "Feature",
      "id": 2018,
      "geometry": {
        "type": "Point",
        "coordinates": [
          40.51511,
          47.462246
        ]
      },
      "properties": {
        "time": "133917"
      }
    },
    {
      "type": "Feature",
      "id": 2019,
      "geometry": {
        "type": "Point",
        "coordinates": [
          40.515327,
          47.462368
        ]
      },
      "properties": {
        "time": "133918"
      }
    },
    {
      "type": "Feature",
      "id": 2020,
      "geometry": {
        "type": "Point",
        "coordinates": [
          40.515545,
          47.462486
        ]
      },
      "properties": {
        "time": "133919"
      }
    },
    {
      "type": "Feature",
      "id": 2021,
      "geometry": {
        "type": "Point",
        "coordinates": [
          40.515781,
          47.462601
        ]
      },
      "properties": {
        "time": "133920"
      }
    },
    {
      "type": "Feature",
      "id": 2022,
      "geometry": {
        "type": "Point",
        "coordinates": [
          40.516022,
          47.462711
        ]
      },
      "properties": {
        "time": "133921"
      }
    },
    {
      "type": "Feature",
      "id": 2023,
      "geometry": {
        "type": "Point",
        "coordinates": [
          40.516266,
          47.462818
        ]
      },
      "properties": {
        "time": "133922"
      }
    },
    {
      "type": "Feature",
      "id": 2024,
      "geometry": {
        "type": "Point",
        "coordinates": [
          40.51651,
          47.462925
        ]
      },
      "properties": {
        "time": "133923"
      }
    },
    {
      "type": "Feature",
      "id": 2025,
      "geometry": {
        "type": "Point",
        "coordinates": [
          40.516747,
          47.463043
        ]
      },
      "properties": {
        "time": "133924"
      }
    },
    {
      "type": "Feature",
      "id": 2026,
      "geometry": {
        "type": "Point",
        "coordinates": [
          40.516987,
          47.463161
        ]
      },
      "properties": {
        "time": "133925"
      }
    },
    {
      "type": "Feature",
      "id": 2027,
      "geometry": {
        "type": "Point",
        "coordinates": [
          40.517231,
          47.46328
        ]
      },
      "properties": {
        "time": "133926"
      }
    },
    {
      "type": "Feature",
      "id": 2028,
      "geometry": {
        "type": "Point",
        "coordinates": [
          40.517479,
          47.463402
        ]
      },
      "properties": {
        "time": "133927"
      }
    },
    {
      "type": "Feature",
      "id": 2029,
      "geometry": {
        "type": "Point",
        "coordinates": [
          40.517735,
          47.463528
        ]
      },
      "properties": {
        "time": "133928"
      }
    },
    {
      "type": "Feature",
      "id": 2030,
      "geometry": {
        "type": "Point",
        "coordinates": [
          40.51799,
          47.46365
        ]
      },
      "properties": {
        "time": "133929"
      }
    },
    {
      "type": "Feature",
      "id": 2031,
      "geometry": {
        "type": "Point",
        "coordinates": [
          40.518253,
          47.463772
        ]
      },
      "properties": {
        "time": "133930"
      }
    },
    {
      "type": "Feature",
      "id": 2032,
      "geometry": {
        "type": "Point",
        "coordinates": [
          40.518517,
          47.463902
        ]
      },
      "properties": {
        "time": "133931"
      }
    },
    {
      "type": "Feature",
      "id": 2033,
      "geometry": {
        "type": "Point",
        "coordinates": [
          40.518791,
          47.46402
        ]
      },
      "properties": {
        "time": "133932"
      }
    },
    {
      "type": "Feature",
      "id": 2034,
      "geometry": {
        "type": "Point",
        "coordinates": [
          40.519062,
          47.464149
        ]
      },
      "properties": {
        "time": "133933"
      }
    },
    {
      "type": "Feature",
      "id": 2035,
      "geometry": {
        "type": "Point",
        "coordinates": [
          40.519341,
          47.464283
        ]
      },
      "properties": {
        "time": "133934"
      }
    },
    {
      "type": "Feature",
      "id": 2036,
      "geometry": {
        "type": "Point",
        "coordinates": [
          40.519615,
          47.464424
        ]
      },
      "properties": {
        "time": "133935"
      }
    },
    {
      "type": "Feature",
      "id": 2037,
      "geometry": {
        "type": "Point",
        "coordinates": [
          40.51989,
          47.464565
        ]
      },
      "properties": {
        "time": "133936"
      }
    },
    {
      "type": "Feature",
      "id": 2038,
      "geometry": {
        "type": "Point",
        "coordinates": [
          40.520168,
          47.464703
        ]
      },
      "properties": {
        "time": "133937"
      }
    },
    {
      "type": "Feature",
      "id": 2039,
      "geometry": {
        "type": "Point",
        "coordinates": [
          40.520458,
          47.464828
        ]
      },
      "properties": {
        "time": "133938"
      }
    },
    {
      "type": "Feature",
      "id": 2040,
      "geometry": {
        "type": "Point",
        "coordinates": [
          40.520752,
          47.464951
        ]
      },
      "properties": {
        "time": "133939"
      }
    },
    {
      "type": "Feature",
      "id": 2041,
      "geometry": {
        "type": "Point",
        "coordinates": [
          40.521042,
          47.465076
        ]
      },
      "properties": {
        "time": "133940"
      }
    },
    {
      "type": "Feature",
      "id": 2042,
      "geometry": {
        "type": "Point",
        "coordinates": [
          40.521328,
          47.465218
        ]
      },
      "properties": {
        "time": "133941"
      }
    },
    {
      "type": "Feature",
      "id": 2043,
      "geometry": {
        "type": "Point",
        "coordinates": [
          40.521606,
          47.465366
        ]
      },
      "properties": {
        "time": "133942"
      }
    },
    {
      "type": "Feature",
      "id": 2044,
      "geometry": {
        "type": "Point",
        "coordinates": [
          40.521877,
          47.465515
        ]
      },
      "properties": {
        "time": "133943"
      }
    },
    {
      "type": "Feature",
      "id": 2045,
      "geometry": {
        "type": "Point",
        "coordinates": [
          40.522129,
          47.465675
        ]
      },
      "properties": {
        "time": "133944"
      }
    },
    {
      "type": "Feature",
      "id": 2046,
      "geometry": {
        "type": "Point",
        "coordinates": [
          40.522369,
          47.465843
        ]
      },
      "properties": {
        "time": "133945"
      }
    },
    {
      "type": "Feature",
      "id": 2047,
      "geometry": {
        "type": "Point",
        "coordinates": [
          40.522621,
          47.466003
        ]
      },
      "properties": {
        "time": "133946"
      }
    },
    {
      "type": "Feature",
      "id": 2048,
      "geometry": {
        "type": "Point",
        "coordinates": [
          40.522865,
          47.466167
        ]
      },
      "properties": {
        "time": "133947"
      }
    },
    {
      "type": "Feature",
      "id": 2049,
      "geometry": {
        "type": "Point",
        "coordinates": [
          40.523087,
          47.466343
        ]
      },
      "properties": {
        "time": "133948"
      }
    },
    {
      "type": "Feature",
      "id": 2050,
      "geometry": {
        "type": "Point",
        "coordinates": [
          40.523258,
          47.46653
        ]
      },
      "properties": {
        "time": "133949"
      }
    },
    {
      "type": "Feature",
      "id": 2051,
      "geometry": {
        "type": "Point",
        "coordinates": [
          40.52343,
          47.466728
        ]
      },
      "properties": {
        "time": "133950"
      }
    },
    {
      "type": "Feature",
      "id": 2052,
      "geometry": {
        "type": "Point",
        "coordinates": [
          40.523586,
          47.46693
        ]
      },
      "properties": {
        "time": "133951"
      }
    },
    {
      "type": "Feature",
      "id": 2053,
      "geometry": {
        "type": "Point",
        "coordinates": [
          40.523735,
          47.467136
        ]
      },
      "properties": {
        "time": "133952"
      }
    },
    {
      "type": "Feature",
      "id": 2054,
      "geometry": {
        "type": "Point",
        "coordinates": [
          40.523876,
          47.467339
        ]
      },
      "properties": {
        "time": "133953"
      }
    },
    {
      "type": "Feature",
      "id": 2055,
      "geometry": {
        "type": "Point",
        "coordinates": [
          40.524033,
          47.467541
        ]
      },
      "properties": {
        "time": "133954"
      }
    },
    {
      "type": "Feature",
      "id": 2056,
      "geometry": {
        "type": "Point",
        "coordinates": [
          40.524197,
          47.467777
        ]
      },
      "properties": {
        "time": "133955"
      }
    },
    {
      "type": "Feature",
      "id": 2057,
      "geometry": {
        "type": "Point",
        "coordinates": [
          40.524319,
          47.467991
        ]
      },
      "properties": {
        "time": "133956"
      }
    },
    {
      "type": "Feature",
      "id": 2058,
      "geometry": {
        "type": "Point",
        "coordinates": [
          40.524445,
          47.468208
        ]
      },
      "properties": {
        "time": "133957"
      }
    },
    {
      "type": "Feature",
      "id": 2059,
      "geometry": {
        "type": "Point",
        "coordinates": [
          40.524551,
          47.468437
        ]
      },
      "properties": {
        "time": "133958"
      }
    },
    {
      "type": "Feature",
      "id": 2060,
      "geometry": {
        "type": "Point",
        "coordinates": [
          40.524662,
          47.468666
        ]
      },
      "properties": {
        "time": "133959"
      }
    },
    {
      "type": "Feature",
      "id": 2061,
      "geometry": {
        "type": "Point",
        "coordinates": [
          40.524769,
          47.468887
        ]
      },
      "properties": {
        "time": "133960"
      }
    },
    {
      "type": "Feature",
      "id": 2062,
      "geometry": {
        "type": "Point",
        "coordinates": [
          40.524872,
          47.469097
        ]
      },
      "properties": {
        "time": "133961"
      }
    },
    {
      "type": "Feature",
      "id": 2063,
      "geometry": {
        "type": "Point",
        "coordinates": [
          40.524979,
          47.469315
        ]
      },
      "properties": {
        "time": "133962"
      }
    },
    {
      "type": "Feature",
      "id": 2064,
      "geometry": {
        "type": "Point",
        "coordinates": [
          40.525082,
          47.469536
        ]
      },
      "properties": {
        "time": "133963"
      }
    },
    {
      "type": "Feature",
      "id": 2065,
      "geometry": {
        "type": "Point",
        "coordinates": [
          40.525181,
          47.469753
        ]
      },
      "properties": {
        "time": "133964"
      }
    },
    {
      "type": "Feature",
      "id": 2066,
      "geometry": {
        "type": "Point",
        "coordinates": [
          40.525295,
          47.469975
        ]
      },
      "properties": {
        "time": "133965"
      }
    },
    {
      "type": "Feature",
      "id": 2067,
      "geometry": {
        "type": "Point",
        "coordinates": [
          40.525414,
          47.470184
        ]
      },
      "properties": {
        "time": "133966"
      }
    },
    {
      "type": "Feature",
      "id": 2068,
      "geometry": {
        "type": "Point",
        "coordinates": [
          40.525494,
          47.470398
        ]
      },
      "properties": {
        "time": "133967"
      }
    },
    {
      "type": "Feature",
      "id": 2069,
      "geometry": {
        "type": "Point",
        "coordinates": [
          40.525604,
          47.470627
        ]
      },
      "properties": {
        "time": "133968"
      }
    },
    {
      "type": "Feature",
      "id": 2070,
      "geometry": {
        "type": "Point",
        "coordinates": [
          40.525742,
          47.470852
        ]
      },
      "properties": {
        "time": "133969"
      }
    },
    {
      "type": "Feature",
      "id": 2071,
      "geometry": {
        "type": "Point",
        "coordinates": [
          40.525871,
          47.471073
        ]
      },
      "properties": {
        "time": "133970"
      }
    },
    {
      "type": "Feature",
      "id": 2072,
      "geometry": {
        "type": "Point",
        "coordinates": [
          40.525997,
          47.471298
        ]
      },
      "properties": {
        "time": "133971"
      }
    },
    {
      "type": "Feature",
      "id": 2073,
      "geometry": {
        "type": "Point",
        "coordinates": [
          40.526127,
          47.471535
        ]
      },
      "properties": {
        "time": "133972"
      }
    },
    {
      "type": "Feature",
      "id": 2074,
      "geometry": {
        "type": "Point",
        "coordinates": [
          40.526264,
          47.471767
        ]
      },
      "properties": {
        "time": "133973"
      }
    },
    {
      "type": "Feature",
      "id": 2075,
      "geometry": {
        "type": "Point",
        "coordinates": [
          40.52639,
          47.471992
        ]
      },
      "properties": {
        "time": "133974"
      }
    },
    {
      "type": "Feature",
      "id": 2076,
      "geometry": {
        "type": "Point",
        "coordinates": [
          40.526531,
          47.472221
        ]
      },
      "properties": {
        "time": "133975"
      }
    },
    {
      "type": "Feature",
      "id": 2077,
      "geometry": {
        "type": "Point",
        "coordinates": [
          40.526669,
          47.472446
        ]
      },
      "properties": {
        "time": "133976"
      }
    },
    {
      "type": "Feature",
      "id": 2078,
      "geometry": {
        "type": "Point",
        "coordinates": [
          40.52681,
          47.472668
        ]
      },
      "properties": {
        "time": "133977"
      }
    },
    {
      "type": "Feature",
      "id": 2079,
      "geometry": {
        "type": "Point",
        "coordinates": [
          40.526932,
          47.472866
        ]
      },
      "properties": {
        "time": "133978"
      }
    },
    {
      "type": "Feature",
      "id": 2080,
      "geometry": {
        "type": "Point",
        "coordinates": [
          40.52705,
          47.473072
        ]
      },
      "properties": {
        "time": "133979"
      }
    },
    {
      "type": "Feature",
      "id": 2081,
      "geometry": {
        "type": "Point",
        "coordinates": [
          40.52718,
          47.473282
        ]
      },
      "properties": {
        "time": "133980"
      }
    },
    {
      "type": "Feature",
      "id": 2082,
      "geometry": {
        "type": "Point",
        "coordinates": [
          40.527298,
          47.473503
        ]
      },
      "properties": {
        "time": "133981"
      }
    },
    {
      "type": "Feature",
      "id": 2083,
      "geometry": {
        "type": "Point",
        "coordinates": [
          40.527412,
          47.473732
        ]
      },
      "properties": {
        "time": "133982"
      }
    },
    {
      "type": "Feature",
      "id": 2084,
      "geometry": {
        "type": "Point",
        "coordinates": [
          40.527454,
          47.473965
        ]
      },
      "properties": {
        "time": "133983"
      }
    },
    {
      "type": "Feature",
      "id": 2085,
      "geometry": {
        "type": "Point",
        "coordinates": [
          40.527519,
          47.474194
        ]
      },
      "properties": {
        "time": "133984"
      }
    },
    {
      "type": "Feature",
      "id": 2086,
      "geometry": {
        "type": "Point",
        "coordinates": [
          40.527649,
          47.474419
        ]
      },
      "properties": {
        "time": "133985"
      }
    },
    {
      "type": "Feature",
      "id": 2087,
      "geometry": {
        "type": "Point",
        "coordinates": [
          40.527775,
          47.474644
        ]
      },
      "properties": {
        "time": "133986"
      }
    },
    {
      "type": "Feature",
      "id": 2088,
      "geometry": {
        "type": "Point",
        "coordinates": [
          40.527924,
          47.474869
        ]
      },
      "properties": {
        "time": "133987"
      }
    },
    {
      "type": "Feature",
      "id": 2089,
      "geometry": {
        "type": "Point",
        "coordinates": [
          40.528046,
          47.475094
        ]
      },
      "properties": {
        "time": "133988"
      }
    },
    {
      "type": "Feature",
      "id": 2090,
      "geometry": {
        "type": "Point",
        "coordinates": [
          40.528172,
          47.475327
        ]
      },
      "properties": {
        "time": "133989"
      }
    },
    {
      "type": "Feature",
      "id": 2091,
      "geometry": {
        "type": "Point",
        "coordinates": [
          40.528286,
          47.475555
        ]
      },
      "properties": {
        "time": "133990"
      }
    },
    {
      "type": "Feature",
      "id": 2092,
      "geometry": {
        "type": "Point",
        "coordinates": [
          40.528393,
          47.47578
        ]
      },
      "properties": {
        "time": "133991"
      }
    },
    {
      "type": "Feature",
      "id": 2093,
      "geometry": {
        "type": "Point",
        "coordinates": [
          40.528526,
          47.476036
        ]
      },
      "properties": {
        "time": "133992"
      }
    },
    {
      "type": "Feature",
      "id": 2094,
      "geometry": {
        "type": "Point",
        "coordinates": [
          40.528648,
          47.476257
        ]
      },
      "properties": {
        "time": "133993"
      }
    },
    {
      "type": "Feature",
      "id": 2095,
      "geometry": {
        "type": "Point",
        "coordinates": [
          40.528774,
          47.476448
        ]
      },
      "properties": {
        "time": "133994"
      }
    },
    {
      "type": "Feature",
      "id": 2096,
      "geometry": {
        "type": "Point",
        "coordinates": [
          40.528908,
          47.476673
        ]
      },
      "properties": {
        "time": "133995"
      }
    },
    {
      "type": "Feature",
      "id": 2097,
      "geometry": {
        "type": "Point",
        "coordinates": [
          40.529034,
          47.476898
        ]
      },
      "properties": {
        "time": "133996"
      }
    },
    {
      "type": "Feature",
      "id": 2098,
      "geometry": {
        "type": "Point",
        "coordinates": [
          40.529152,
          47.477116
        ]
      },
      "properties": {
        "time": "133997"
      }
    },
    {
      "type": "Feature",
      "id": 2099,
      "geometry": {
        "type": "Point",
        "coordinates": [
          40.529282,
          47.477337
        ]
      },
      "properties": {
        "time": "133998"
      }
    },
    {
      "type": "Feature",
      "id": 2100,
      "geometry": {
        "type": "Point",
        "coordinates": [
          40.529434,
          47.477581
        ]
      },
      "properties": {
        "time": "133999"
      }
    },
    {
      "type": "Feature",
      "id": 0,
      "geometry": {
        "type": "LineString",
        "coordinates": [
          [
            40.328178,
            47.312737
          ],
          [
            40.328499,
            47.31279
          ],
          [
            40.328823,
            47.31284
          ],
          [
            40.32914,
            47.31287
          ],
          [
            40.329453,
            47.312901
          ],
          [
            40.329765,
            47.312939
          ],
          [
            40.330082,
            47.312977
          ],
          [
            40.330402,
            47.31303
          ],
          [
            40.330727,
            47.313065
          ],
          [
            40.331043,
            47.313145
          ],
          [
            40.331348,
            47.313251
          ],
          [
            40.331661,
            47.313332
          ],
          [
            40.331974,
            47.313408
          ],
          [
            40.332306,
            47.313431
          ],
          [
            40.332607,
            47.313488
          ],
          [
            40.332916,
            47.313557
          ],
          [
            40.333237,
            47.313618
          ],
          [
            40.333557,
            47.313656
          ],
          [
            40.333881,
            47.31374
          ],
          [
            40.334206,
            47.313808
          ],
          [
            40.334522,
            47.313869
          ],
          [
            40.334835,
            47.313931
          ],
          [
            40.335152,
            47.313988
          ],
          [
            40.335461,
            47.314045
          ],
          [
            40.335781,
            47.314121
          ],
          [
            40.336113,
            47.314137
          ],
          [
            40.336452,
            47.314178
          ],
          [
            40.336777,
            47.314243
          ],
          [
            40.337109,
            47.314331
          ],
          [
            40.337444,
            47.314396
          ],
          [
            40.372528,
            47.390495
          ],
          [
            40.369934,
            47.386745
          ],
          [
            40.367603,
            47.382923
          ],
          [
            40.365555,
            47.379051
          ],
          [
            40.363743,
            47.375061
          ],
          [
            40.362232,
            47.371052
          ],
          [
            40.360958,
            47.367008
          ],
          [
            40.360023,
            47.362919
          ],
          [
            40.359375,
            47.358776
          ],
          [
            40.359005,
            47.354649
          ],
          [
            40.35894,
            47.350525
          ],
          [
            40.359146,
            47.34639
          ],
          [
            40.359634,
            47.34227
          ],
          [
            40.360397,
            47.338165
          ],
          [
            40.361446,
            47.334091
          ],
          [
            40.362778,
            47.330051
          ],
          [
            40.364388,
            47.326065
          ],
          [
            40.366261,
            47.322124
          ],
          [
            40.368408,
            47.318249
          ],
          [
            40.370831,
            47.314445
          ],
          [
            40.373489,
            47.31073
          ],
          [
            40.376419,
            47.307102
          ],
          [
            40.379593,
            47.303574
          ],
          [
            40.383026,
            47.300125
          ],
          [
            40.386684,
            47.296795
          ],
          [
            40.390553,
            47.293606
          ],
          [
            40.394627,
            47.29055
          ],
          [
            40.398914,
            47.287621
          ],
          [
            40.403408,
            47.284828
          ],
          [
            40.408073,
            47.282181
          ],
          [
            40.412918,
            47.27969
          ],
          [
            40.417934,
            47.277363
          ],
          [
            40.4231,
            47.275192
          ],
          [
            40.42841,
            47.273193
          ],
          [
            40.433853,
            47.271362
          ],
          [
            40.439419,
            47.269707
          ],
          [
            40.445099,
            47.268238
          ],
          [
            40.450874,
            47.266949
          ],
          [
            40.456726,
            47.265842
          ],
          [
            40.462654,
            47.264915
          ],
          [
            40.468636,
            47.264183
          ],
          [
            40.474667,
            47.263638
          ],
          [
            40.480724,
            47.263294
          ],
          [
            40.486805,
            47.263134
          ],
          [
            40.492882,
            47.263176
          ],
          [
            40.498951,
            47.263412
          ],
          [
            40.504986,
            47.263844
          ],
          [
            40.510998,
            47.264469
          ],
          [
            40.516964,
            47.265278
          ],
          [
            40.52285,
            47.266273
          ],
          [
            40.528675,
            47.267464
          ],
          [
            40.534393,
            47.268826
          ],
          [
            40.54002,
            47.27037
          ],
          [
            40.545555,
            47.272114
          ],
          [
            40.550972,
            47.273945
          ],
          [
            40.556225,
            47.276009
          ],
          [
            40.56131,
            47.278244
          ],
          [
            40.566254,
            47.28064
          ],
          [
            40.571033,
            47.283211
          ],
          [
            40.575657,
            47.285912
          ],
          [
            40.580074,
            47.288746
          ],
          [
            40.584312,
            47.291756
          ],
          [
            40.588306,
            47.294903
          ],
          [
            40.592064,
            47.298161
          ],
          [
            40.595623,
            47.30151
          ],
          [
            40.598915,
            47.304996
          ],
          [
            40.601963,
            47.308578
          ],
          [
            40.604763,
            47.312267
          ],
          [
            40.607307,
            47.31604
          ],
          [
            40.609627,
            47.319847
          ],
          [
            40.611664,
            47.32373
          ],
          [
            40.613434,
            47.327652
          ],
          [
            40.614925,
            47.331612
          ],
          [
            40.616138,
            47.335678
          ],
          [
            40.61705,
            47.339798
          ],
          [
            40.617699,
            47.34391
          ],
          [
            40.61805,
            47.348038
          ],
          [
            40.618126,
            47.352165
          ],
          [
            40.617912,
            47.356293
          ],
          [
            40.617424,
            47.36039
          ],
          [
            40.616653,
            47.36451
          ],
          [
            40.61557,
            47.368584
          ],
          [
            40.614262,
            47.372623
          ],
          [
            40.612675,
            47.376595
          ],
          [
            40.610725,
            47.380558
          ],
          [
            40.608513,
            47.384438
          ],
          [
            40.606079,
            47.388226
          ],
          [
            40.603344,
            47.391941
          ],
          [
            40.600368,
            47.39555
          ],
          [
            40.597137,
            47.399029
          ],
          [
            40.403088,
            47.370644
          ],
          [
            40.403503,
            47.370686
          ],
          [
            40.403912,
            47.370731
          ],
          [
            40.404312,
            47.370773
          ],
          [
            40.404713,
            47.370819
          ],
          [
            40.405125,
            47.370853
          ],
          [
            40.405514,
            47.370903
          ],
          [
            40.405903,
            47.370945
          ],
          [
            40.406322,
            47.370968
          ],
          [
            40.406734,
            47.370979
          ],
          [
            40.407162,
            47.370983
          ],
          [
            40.407581,
            47.370991
          ],
          [
            40.408005,
            47.370998
          ],
          [
            40.408424,
            47.371014
          ],
          [
            40.408844,
            47.371014
          ],
          [
            40.409252,
            47.371037
          ],
          [
            40.409687,
            47.371067
          ],
          [
            40.410118,
            47.371109
          ],
          [
            40.410519,
            47.37117
          ],
          [
            40.410892,
            47.371227
          ],
          [
            40.411259,
            47.371269
          ],
          [
            40.411633,
            47.371311
          ],
          [
            40.412045,
            47.371353
          ],
          [
            40.41246,
            47.371414
          ],
          [
            40.412903,
            47.371494
          ],
          [
            40.413338,
            47.371567
          ],
          [
            40.413773,
            47.371647
          ],
          [
            40.414188,
            47.371727
          ],
          [
            40.414616,
            47.371788
          ],
          [
            40.415047,
            47.371803
          ],
          [
            40.415443,
            47.371784
          ],
          [
            40.41584,
            47.371761
          ],
          [
            40.416225,
            47.371723
          ],
          [
            40.416595,
            47.371674
          ],
          [
            40.416973,
            47.371597
          ],
          [
            40.417343,
            47.371513
          ],
          [
            40.417713,
            47.371407
          ],
          [
            40.418091,
            47.371315
          ],
          [
            40.418468,
            47.371246
          ],
          [
            40.418865,
            47.371216
          ],
          [
            40.419258,
            47.371185
          ],
          [
            40.419651,
            47.371178
          ],
          [
            40.420052,
            47.371185
          ],
          [
            40.420448,
            47.371197
          ],
          [
            40.420841,
            47.371227
          ],
          [
            40.421227,
            47.371292
          ],
          [
            40.421589,
            47.371376
          ],
          [
            40.421959,
            47.37146
          ],
          [
            40.422325,
            47.371552
          ],
          [
            40.422688,
            47.371632
          ],
          [
            40.42305,
            47.371731
          ],
          [
            40.423416,
            47.371822
          ],
          [
            40.423782,
            47.371922
          ],
          [
            40.424141,
            47.372009
          ],
          [
            40.424522,
            47.372097
          ],
          [
            40.424889,
            47.372208
          ],
          [
            40.425259,
            47.372311
          ],
          [
            40.425625,
            47.37241
          ],
          [
            40.42598,
            47.372517
          ],
          [
            40.42635,
            47.372631
          ],
          [
            40.426731,
            47.372734
          ],
          [
            40.427105,
            47.372841
          ],
          [
            40.427467,
            47.372955
          ],
          [
            40.427807,
            47.373089
          ],
          [
            40.428131,
            47.373238
          ],
          [
            40.428459,
            47.37339
          ],
          [
            40.428772,
            47.373558
          ],
          [
            40.429077,
            47.373741
          ],
          [
            40.429386,
            47.373947
          ],
          [
            40.429661,
            47.374153
          ],
          [
            40.429928,
            47.374367
          ],
          [
            40.430172,
            47.37458
          ],
          [
            40.430424,
            47.37479
          ],
          [
            40.43066,
            47.375011
          ],
          [
            40.430893,
            47.375221
          ],
          [
            40.431129,
            47.375412
          ],
          [
            40.431351,
            47.37561
          ],
          [
            40.43158,
            47.375832
          ],
          [
            40.431808,
            47.376057
          ],
          [
            40.432037,
            47.376266
          ],
          [
            40.432278,
            47.37648
          ],
          [
            40.432522,
            47.376705
          ],
          [
            40.432743,
            47.376957
          ],
          [
            40.432964,
            47.377178
          ],
          [
            40.433167,
            47.377407
          ],
          [
            40.433338,
            47.377647
          ],
          [
            40.433464,
            47.377899
          ],
          [
            40.433582,
            47.378151
          ],
          [
            40.433666,
            47.378407
          ],
          [
            40.433735,
            47.378658
          ],
          [
            40.433807,
            47.378902
          ],
          [
            40.43388,
            47.379158
          ],
          [
            40.433949,
            47.37941
          ],
          [
            40.434002,
            47.379658
          ],
          [
            40.434059,
            47.379902
          ],
          [
            40.434105,
            47.38015
          ],
          [
            40.434139,
            47.380394
          ],
          [
            40.434162,
            47.38065
          ],
          [
            40.43417,
            47.380909
          ],
          [
            40.434196,
            47.381157
          ],
          [
            40.434185,
            47.381401
          ],
          [
            40.434166,
            47.381649
          ],
          [
            40.434143,
            47.381897
          ],
          [
            40.434116,
            47.382145
          ],
          [
            40.434074,
            47.382393
          ],
          [
            40.434032,
            47.382641
          ],
          [
            40.433994,
            47.382893
          ],
          [
            40.433968,
            47.383144
          ],
          [
            40.433937,
            47.3834
          ],
          [
            40.433907,
            47.383652
          ],
          [
            40.43388,
            47.383888
          ],
          [
            40.433876,
            47.384129
          ],
          [
            40.433868,
            47.38438
          ],
          [
            40.433842,
            47.384644
          ],
          [
            40.433826,
            47.384888
          ],
          [
            40.4338,
            47.385113
          ],
          [
            40.433769,
            47.385365
          ],
          [
            40.433735,
            47.385632
          ],
          [
            40.433693,
            47.385895
          ],
          [
            40.433632,
            47.386173
          ],
          [
            40.433578,
            47.38644
          ],
          [
            40.433521,
            47.386726
          ],
          [
            40.433483,
            47.387005
          ],
          [
            40.433456,
            47.387268
          ],
          [
            40.433418,
            47.387531
          ],
          [
            40.433395,
            47.387794
          ],
          [
            40.433384,
            47.38805
          ],
          [
            40.433357,
            47.388302
          ],
          [
            40.433327,
            47.388561
          ],
          [
            40.433304,
            47.388824
          ],
          [
            40.433289,
            47.389091
          ],
          [
            40.433285,
            47.389359
          ],
          [
            40.433243,
            47.389622
          ],
          [
            40.433186,
            47.389874
          ],
          [
            40.433121,
            47.39011
          ],
          [
            40.433048,
            47.390354
          ],
          [
            40.432976,
            47.390602
          ],
          [
            40.432888,
            47.390854
          ],
          [
            40.4328,
            47.391098
          ],
          [
            40.432728,
            47.391342
          ],
          [
            40.432636,
            47.391579
          ],
          [
            40.432541,
            47.391815
          ],
          [
            40.432434,
            47.392048
          ],
          [
            40.43235,
            47.392277
          ],
          [
            40.432274,
            47.392513
          ],
          [
            40.432201,
            47.392754
          ],
          [
            40.432167,
            47.393005
          ],
          [
            40.432121,
            47.39333
          ],
          [
            40.432072,
            47.393597
          ],
          [
            40.432026,
            47.393856
          ],
          [
            40.431999,
            47.394112
          ],
          [
            40.431965,
            47.394337
          ],
          [
            40.431934,
            47.394592
          ],
          [
            40.431908,
            47.394844
          ],
          [
            40.431911,
            47.395107
          ],
          [
            40.431953,
            47.395351
          ],
          [
            40.432018,
            47.395592
          ],
          [
            40.432083,
            47.39584
          ],
          [
            40.432156,
            47.396088
          ],
          [
            40.432228,
            47.396343
          ],
          [
            40.432293,
            47.396599
          ],
          [
            40.432377,
            47.396854
          ],
          [
            40.432457,
            47.39711
          ],
          [
            40.432541,
            47.397358
          ],
          [
            40.432625,
            47.39761
          ],
          [
            40.43272,
            47.397865
          ],
          [
            40.432831,
            47.398102
          ],
          [
            40.432949,
            47.398342
          ],
          [
            40.433105,
            47.398575
          ],
          [
            40.4333,
            47.398792
          ],
          [
            40.433514,
            47.399002
          ],
          [
            40.43375,
            47.399197
          ],
          [
            40.433979,
            47.399399
          ],
          [
            40.434204,
            47.399601
          ],
          [
            40.434433,
            47.399803
          ],
          [
            40.434666,
            47.400002
          ],
          [
            40.434925,
            47.400185
          ],
          [
            40.435207,
            47.400349
          ],
          [
            40.435505,
            47.400501
          ],
          [
            40.435799,
            47.40065
          ],
          [
            40.4361,
            47.400806
          ],
          [
            40.43639,
            47.400936
          ],
          [
            40.436699,
            47.401062
          ],
          [
            40.437016,
            47.40118
          ],
          [
            40.437328,
            47.401299
          ],
          [
            40.437649,
            47.401424
          ],
          [
            40.437962,
            47.40155
          ],
          [
            40.438271,
            47.401672
          ],
          [
            40.43858,
            47.401794
          ],
          [
            40.438904,
            47.401909
          ],
          [
            40.439236,
            47.40202
          ],
          [
            40.439564,
            47.402142
          ],
          [
            40.439907,
            47.402294
          ],
          [
            40.440231,
            47.402439
          ],
          [
            40.440552,
            47.402569
          ],
          [
            40.440845,
            47.402687
          ],
          [
            40.441105,
            47.402813
          ],
          [
            40.441422,
            47.402943
          ],
          [
            40.44175,
            47.403069
          ],
          [
            40.442066,
            47.403202
          ],
          [
            40.442375,
            47.403336
          ],
          [
            40.442684,
            47.403477
          ],
          [
            40.442993,
            47.403606
          ],
          [
            40.443295,
            47.403751
          ],
          [
            40.4436,
            47.403946
          ],
          [
            40.443893,
            47.40411
          ],
          [
            40.444206,
            47.404247
          ],
          [
            40.444519,
            47.404388
          ],
          [
            40.444809,
            47.404541
          ],
          [
            40.44508,
            47.404716
          ],
          [
            40.445335,
            47.404892
          ],
          [
            40.445587,
            47.405071
          ],
          [
            40.445839,
            47.405247
          ],
          [
            40.446091,
            47.405418
          ],
          [
            40.446342,
            47.405586
          ],
          [
            40.44659,
            47.405769
          ],
          [
            40.446846,
            47.405949
          ],
          [
            40.447105,
            47.406128
          ],
          [
            40.447353,
            47.406315
          ],
          [
            40.447601,
            47.406502
          ],
          [
            40.447853,
            47.406693
          ],
          [
            40.448112,
            47.406872
          ],
          [
            40.448368,
            47.407047
          ],
          [
            40.448639,
            47.407211
          ],
          [
            40.448883,
            47.407387
          ],
          [
            40.449142,
            47.407562
          ],
          [
            40.449406,
            47.407734
          ],
          [
            40.449661,
            47.407906
          ],
          [
            40.449913,
            47.408085
          ],
          [
            40.450157,
            47.408264
          ],
          [
            40.45039,
            47.408443
          ],
          [
            40.450642,
            47.408619
          ],
          [
            40.450916,
            47.408791
          ],
          [
            40.451191,
            47.408958
          ],
          [
            40.451477,
            47.409115
          ],
          [
            40.451752,
            47.409275
          ],
          [
            40.452015,
            47.409424
          ],
          [
            40.452274,
            47.40958
          ],
          [
            40.452534,
            47.409718
          ],
          [
            40.452812,
            47.409866
          ],
          [
            40.453087,
            47.410011
          ],
          [
            40.453358,
            47.410156
          ],
          [
            40.453644,
            47.410294
          ],
          [
            40.453938,
            47.410439
          ],
          [
            40.454216,
            47.410587
          ],
          [
            40.454494,
            47.410732
          ],
          [
            40.454762,
            47.410896
          ],
          [
            40.455009,
            47.411068
          ],
          [
            40.455318,
            47.411217
          ],
          [
            40.455608,
            47.411373
          ],
          [
            40.455898,
            47.411533
          ],
          [
            40.456181,
            47.41169
          ],
          [
            40.456459,
            47.411846
          ],
          [
            40.456741,
            47.412006
          ],
          [
            40.45702,
            47.412167
          ],
          [
            40.457279,
            47.412338
          ],
          [
            40.457539,
            47.412518
          ],
          [
            40.457802,
            47.412685
          ],
          [
            40.458076,
            47.412849
          ],
          [
            40.458355,
            47.413013
          ],
          [
            40.458656,
            47.413181
          ],
          [
            40.458939,
            47.413338
          ],
          [
            40.459236,
            47.413498
          ],
          [
            40.459518,
            47.413658
          ],
          [
            40.459805,
            47.413826
          ],
          [
            40.460091,
            47.413994
          ],
          [
            40.460377,
            47.414146
          ],
          [
            40.460667,
            47.414303
          ],
          [
            40.460945,
            47.414463
          ],
          [
            40.461231,
            47.414619
          ],
          [
            40.461521,
            47.414772
          ],
          [
            40.461807,
            47.414928
          ],
          [
            40.462093,
            47.415085
          ],
          [
            40.462387,
            47.415241
          ],
          [
            40.462677,
            47.415401
          ],
          [
            40.462975,
            47.41555
          ],
          [
            40.463272,
            47.415699
          ],
          [
            40.463558,
            47.415852
          ],
          [
            40.463848,
            47.415997
          ],
          [
            40.464153,
            47.416134
          ],
          [
            40.464466,
            47.41626
          ],
          [
            40.464783,
            47.416386
          ],
          [
            40.465099,
            47.416515
          ],
          [
            40.46542,
            47.416653
          ],
          [
            40.46574,
            47.41679
          ],
          [
            40.466053,
            47.416935
          ],
          [
            40.466358,
            47.417088
          ],
          [
            40.466663,
            47.417244
          ],
          [
            40.466972,
            47.4174
          ],
          [
            40.46727,
            47.417568
          ],
          [
            40.467571,
            47.417728
          ],
          [
            40.467854,
            47.4179
          ],
          [
            40.468132,
            47.418072
          ],
          [
            40.468395,
            47.418251
          ],
          [
            40.468647,
            47.41843
          ],
          [
            40.468899,
            47.418613
          ],
          [
            40.469151,
            47.4188
          ],
          [
            40.469402,
            47.418995
          ],
          [
            40.469654,
            47.419189
          ],
          [
            40.469906,
            47.419388
          ],
          [
            40.470165,
            47.419582
          ],
          [
            40.470421,
            47.419777
          ],
          [
            40.470676,
            47.419971
          ],
          [
            40.47094,
            47.420162
          ],
          [
            40.471218,
            47.420349
          ],
          [
            40.4715,
            47.420525
          ],
          [
            40.471794,
            47.420696
          ],
          [
            40.472092,
            47.42086
          ],
          [
            40.472389,
            47.421017
          ],
          [
            40.472687,
            47.421173
          ],
          [
            40.47295,
            47.421352
          ],
          [
            40.47316,
            47.421551
          ],
          [
            40.473309,
            47.421764
          ],
          [
            40.473431,
            47.421982
          ],
          [
            40.47353,
            47.422199
          ],
          [
            40.473618,
            47.422447
          ],
          [
            40.473675,
            47.422676
          ],
          [
            40.473709,
            47.42289
          ],
          [
            40.473732,
            47.423122
          ],
          [
            40.473763,
            47.423382
          ],
          [
            40.47377,
            47.423588
          ],
          [
            40.473732,
            47.423851
          ],
          [
            40.473724,
            47.424095
          ],
          [
            40.473724,
            47.424335
          ],
          [
            40.473705,
            47.42458
          ],
          [
            40.473644,
            47.424828
          ],
          [
            40.473557,
            47.425049
          ],
          [
            40.473434,
            47.425251
          ],
          [
            40.473301,
            47.425468
          ],
          [
            40.473175,
            47.425678
          ],
          [
            40.473049,
            47.425892
          ],
          [
            40.472908,
            47.426098
          ],
          [
            40.472775,
            47.426311
          ],
          [
            40.472633,
            47.426517
          ],
          [
            40.472485,
            47.426727
          ],
          [
            40.472321,
            47.42696
          ],
          [
            40.472145,
            47.42717
          ],
          [
            40.471947,
            47.427372
          ],
          [
            40.47176,
            47.427574
          ],
          [
            40.471581,
            47.427761
          ],
          [
            40.471413,
            47.427952
          ],
          [
            40.471226,
            47.42815
          ],
          [
            40.471031,
            47.428341
          ],
          [
            40.470818,
            47.428528
          ],
          [
            40.470596,
            47.428711
          ],
          [
            40.470367,
            47.428886
          ],
          [
            40.470112,
            47.42905
          ],
          [
            40.469837,
            47.429214
          ],
          [
            40.469563,
            47.429379
          ],
          [
            40.469292,
            47.429527
          ],
          [
            40.469025,
            47.429676
          ],
          [
            40.468754,
            47.429821
          ],
          [
            40.468483,
            47.429966
          ],
          [
            40.468208,
            47.430107
          ],
          [
            40.46793,
            47.430256
          ],
          [
            40.467659,
            47.430393
          ],
          [
            40.467403,
            47.430519
          ],
          [
            40.467144,
            47.430649
          ],
          [
            40.466873,
            47.430786
          ],
          [
            40.466591,
            47.430923
          ],
          [
            40.466305,
            47.431068
          ],
          [
            40.466019,
            47.431213
          ],
          [
            40.465733,
            47.431366
          ],
          [
            40.465443,
            47.431519
          ],
          [
            40.46516,
            47.431671
          ],
          [
            40.46487,
            47.43182
          ],
          [
            40.464581,
            47.431969
          ],
          [
            40.464287,
            47.432114
          ],
          [
            40.463993,
            47.432255
          ],
          [
            40.463699,
            47.432396
          ],
          [
            40.463409,
            47.432537
          ],
          [
            40.46315,
            47.432663
          ],
          [
            40.462841,
            47.432816
          ],
          [
            40.462555,
            47.432957
          ],
          [
            40.462257,
            47.433105
          ],
          [
            40.46196,
            47.433258
          ],
          [
            40.46167,
            47.433414
          ],
          [
            40.461384,
            47.433563
          ],
          [
            40.461102,
            47.433704
          ],
          [
            40.460831,
            47.433846
          ],
          [
            40.460567,
            47.43399
          ],
          [
            40.460297,
            47.434135
          ],
          [
            40.459991,
            47.434303
          ],
          [
            40.459713,
            47.434448
          ],
          [
            40.459419,
            47.434601
          ],
          [
            40.459141,
            47.434761
          ],
          [
            40.45887,
            47.434914
          ],
          [
            40.458591,
            47.435078
          ],
          [
            40.458294,
            47.435246
          ],
          [
            40.458004,
            47.435429
          ],
          [
            40.457722,
            47.435577
          ],
          [
            40.457439,
            47.435719
          ],
          [
            40.457153,
            47.435856
          ],
          [
            40.456871,
            47.435989
          ],
          [
            40.456589,
            47.436127
          ],
          [
            40.456306,
            47.43626
          ],
          [
            40.45599,
            47.436405
          ],
          [
            40.455685,
            47.436581
          ],
          [
            40.455425,
            47.436733
          ],
          [
            40.45517,
            47.436886
          ],
          [
            40.45491,
            47.437038
          ],
          [
            40.454666,
            47.437199
          ],
          [
            40.454433,
            47.437363
          ],
          [
            40.454193,
            47.437519
          ],
          [
            40.453941,
            47.437653
          ],
          [
            40.453678,
            47.437786
          ],
          [
            40.453426,
            47.437916
          ],
          [
            40.453156,
            47.43808
          ],
          [
            40.452869,
            47.438259
          ],
          [
            40.452629,
            47.438416
          ],
          [
            40.452381,
            47.438549
          ],
          [
            40.452091,
            47.438705
          ],
          [
            40.451805,
            47.438881
          ],
          [
            40.451546,
            47.439053
          ],
          [
            40.451313,
            47.439228
          ],
          [
            40.451099,
            47.439407
          ],
          [
            40.450882,
            47.439583
          ],
          [
            40.450661,
            47.439751
          ],
          [
            40.450439,
            47.439919
          ],
          [
            40.450237,
            47.440102
          ],
          [
            40.450027,
            47.440292
          ],
          [
            40.449821,
            47.440487
          ],
          [
            40.449627,
            47.44067
          ],
          [
            40.449444,
            47.440853
          ],
          [
            40.449265,
            47.441036
          ],
          [
            40.449078,
            47.441219
          ],
          [
            40.448887,
            47.441399
          ],
          [
            40.448689,
            47.441586
          ],
          [
            40.448479,
            47.441776
          ],
          [
            40.448288,
            47.441963
          ],
          [
            40.448093,
            47.442146
          ],
          [
            40.447895,
            47.442322
          ],
          [
            40.447689,
            47.442501
          ],
          [
            40.447495,
            47.442669
          ],
          [
            40.447266,
            47.442875
          ],
          [
            40.447063,
            47.443058
          ],
          [
            40.446861,
            47.443233
          ],
          [
            40.446659,
            47.443417
          ],
          [
            40.446457,
            47.443611
          ],
          [
            40.446243,
            47.443798
          ],
          [
            40.44603,
            47.443989
          ],
          [
            40.445824,
            47.444187
          ],
          [
            40.445644,
            47.444389
          ],
          [
            40.44548,
            47.444599
          ],
          [
            40.445301,
            47.444794
          ],
          [
            40.44511,
            47.444984
          ],
          [
            40.444931,
            47.445179
          ],
          [
            40.444752,
            47.445374
          ],
          [
            40.44458,
            47.44556
          ],
          [
            40.444412,
            47.445755
          ],
          [
            40.444263,
            47.445942
          ],
          [
            40.444118,
            47.446133
          ],
          [
            40.443897,
            47.446331
          ],
          [
            40.443657,
            47.446529
          ],
          [
            40.443462,
            47.446728
          ],
          [
            40.443279,
            47.44693
          ],
          [
            40.443115,
            47.447136
          ],
          [
            40.442955,
            47.447338
          ],
          [
            40.44276,
            47.447536
          ],
          [
            40.442562,
            47.447735
          ],
          [
            40.442398,
            47.447929
          ],
          [
            40.44223,
            47.448112
          ],
          [
            40.442101,
            47.448299
          ],
          [
            40.44194,
            47.448494
          ],
          [
            40.441757,
            47.4487
          ],
          [
            40.44157,
            47.448898
          ],
          [
            40.44136,
            47.449085
          ],
          [
            40.44109,
            47.449272
          ],
          [
            40.440887,
            47.449478
          ],
          [
            40.440701,
            47.449696
          ],
          [
            40.440445,
            47.449921
          ],
          [
            40.440243,
            47.450134
          ],
          [
            40.440144,
            47.450336
          ],
          [
            40.440048,
            47.450554
          ],
          [
            40.439869,
            47.450783
          ],
          [
            40.439632,
            47.451054
          ],
          [
            40.439461,
            47.451283
          ],
          [
            40.439281,
            47.451511
          ],
          [
            40.439114,
            47.451736
          ],
          [
            40.438965,
            47.451965
          ],
          [
            40.438801,
            47.452187
          ],
          [
            40.438641,
            47.452408
          ],
          [
            40.438473,
            47.452648
          ],
          [
            40.438309,
            47.452888
          ],
          [
            40.438168,
            47.453125
          ],
          [
            40.438038,
            47.453354
          ],
          [
            40.43792,
            47.453587
          ],
          [
            40.43782,
            47.453819
          ],
          [
            40.437725,
            47.454052
          ],
          [
            40.43763,
            47.454296
          ],
          [
            40.43755,
            47.454533
          ],
          [
            40.437435,
            47.454765
          ],
          [
            40.437344,
            47.455002
          ],
          [
            40.437283,
            47.455254
          ],
          [
            40.43726,
            47.455494
          ],
          [
            40.437286,
            47.455761
          ],
          [
            40.437279,
            47.456013
          ],
          [
            40.437302,
            47.456264
          ],
          [
            40.437317,
            47.456516
          ],
          [
            40.437328,
            47.456757
          ],
          [
            40.437325,
            47.456993
          ],
          [
            40.437302,
            47.457222
          ],
          [
            40.437252,
            47.457458
          ],
          [
            40.437202,
            47.457684
          ],
          [
            40.437164,
            47.45792
          ],
          [
            40.437157,
            47.458157
          ],
          [
            40.437164,
            47.458408
          ],
          [
            40.437218,
            47.45866
          ],
          [
            40.437271,
            47.458904
          ],
          [
            40.437317,
            47.459141
          ],
          [
            40.437363,
            47.459377
          ],
          [
            40.437401,
            47.459614
          ],
          [
            40.437447,
            47.459846
          ],
          [
            40.437489,
            47.460087
          ],
          [
            40.437557,
            47.460323
          ],
          [
            40.437607,
            47.460548
          ],
          [
            40.437702,
            47.460781
          ],
          [
            40.437801,
            47.461014
          ],
          [
            40.437878,
            47.461254
          ],
          [
            40.438,
            47.461498
          ],
          [
            40.438129,
            47.461742
          ],
          [
            40.43832,
            47.461933
          ],
          [
            40.438538,
            47.46212
          ],
          [
            40.438774,
            47.462292
          ],
          [
            40.439026,
            47.462456
          ],
          [
            40.43927,
            47.46262
          ],
          [
            40.439499,
            47.462788
          ],
          [
            40.439716,
            47.462967
          ],
          [
            40.439934,
            47.463142
          ],
          [
            40.440121,
            47.463333
          ],
          [
            40.440331,
            47.463516
          ],
          [
            40.440582,
            47.463684
          ],
          [
            40.440845,
            47.463848
          ],
          [
            40.441124,
            47.464001
          ],
          [
            40.44141,
            47.464142
          ],
          [
            40.4417,
            47.464279
          ],
          [
            40.441971,
            47.464424
          ],
          [
            40.442268,
            47.464561
          ],
          [
            40.442558,
            47.464691
          ],
          [
            40.442856,
            47.464825
          ],
          [
            40.443188,
            47.464928
          ],
          [
            40.443497,
            47.465046
          ],
          [
            40.443802,
            47.465172
          ],
          [
            40.444126,
            47.465286
          ],
          [
            40.444454,
            47.465382
          ],
          [
            40.444771,
            47.465462
          ],
          [
            40.445087,
            47.465569
          ],
          [
            40.445427,
            47.465656
          ],
          [
            40.445766,
            47.465748
          ],
          [
            40.44611,
            47.465836
          ],
          [
            40.446449,
            47.465908
          ],
          [
            40.446777,
            47.465984
          ],
          [
            40.447124,
            47.466061
          ],
          [
            40.447487,
            47.466133
          ],
          [
            40.447842,
            47.466217
          ],
          [
            40.448189,
            47.466301
          ],
          [
            40.44854,
            47.466373
          ],
          [
            40.448891,
            47.466446
          ],
          [
            40.449257,
            47.466518
          ],
          [
            40.449631,
            47.466587
          ],
          [
            40.450001,
            47.466652
          ],
          [
            40.450363,
            47.466709
          ],
          [
            40.450718,
            47.466755
          ],
          [
            40.451077,
            47.466797
          ],
          [
            40.451447,
            47.466835
          ],
          [
            40.45182,
            47.466885
          ],
          [
            40.452187,
            47.466938
          ],
          [
            40.452545,
            47.467003
          ],
          [
            40.452915,
            47.467072
          ],
          [
            40.453285,
            47.467125
          ],
          [
            40.45364,
            47.467178
          ],
          [
            40.454014,
            47.467228
          ],
          [
            40.454388,
            47.467281
          ],
          [
            40.454754,
            47.467327
          ],
          [
            40.455124,
            47.467373
          ],
          [
            40.455486,
            47.467403
          ],
          [
            40.455841,
            47.467426
          ],
          [
            40.456177,
            47.467476
          ],
          [
            40.456532,
            47.467522
          ],
          [
            40.45689,
            47.467567
          ],
          [
            40.457245,
            47.467609
          ],
          [
            40.4576,
            47.467659
          ],
          [
            40.457954,
            47.467705
          ],
          [
            40.458313,
            47.467709
          ],
          [
            40.458668,
            47.467701
          ],
          [
            40.459023,
            47.467705
          ],
          [
            40.459389,
            47.467705
          ],
          [
            40.459743,
            47.467682
          ],
          [
            40.460094,
            47.467628
          ],
          [
            40.46043,
            47.467575
          ],
          [
            40.460747,
            47.467552
          ],
          [
            40.46109,
            47.467495
          ],
          [
            40.461418,
            47.467422
          ],
          [
            40.461712,
            47.467358
          ],
          [
            40.46204,
            47.467281
          ],
          [
            40.462372,
            47.467194
          ],
          [
            40.462708,
            47.467106
          ],
          [
            40.463043,
            47.467007
          ],
          [
            40.46336,
            47.466919
          ],
          [
            40.463676,
            47.46682
          ],
          [
            40.463982,
            47.466728
          ],
          [
            40.464294,
            47.46664
          ],
          [
            40.464615,
            47.466545
          ],
          [
            40.464931,
            47.466446
          ],
          [
            40.465244,
            47.466343
          ],
          [
            40.465542,
            47.466255
          ],
          [
            40.465847,
            47.466156
          ],
          [
            40.466164,
            47.466038
          ],
          [
            40.466442,
            47.465912
          ],
          [
            40.466736,
            47.46579
          ],
          [
            40.467033,
            47.465675
          ],
          [
            40.467346,
            47.465553
          ],
          [
            40.467651,
            47.465443
          ],
          [
            40.467934,
            47.465355
          ],
          [
            40.468288,
            47.465202
          ],
          [
            40.468571,
            47.465107
          ],
          [
            40.46888,
            47.464993
          ],
          [
            40.469204,
            47.464886
          ],
          [
            40.469524,
            47.464787
          ],
          [
            40.469837,
            47.464695
          ],
          [
            40.470154,
            47.464619
          ],
          [
            40.470459,
            47.464535
          ],
          [
            40.470741,
            47.464478
          ],
          [
            40.471088,
            47.464382
          ],
          [
            40.47142,
            47.464272
          ],
          [
            40.471748,
            47.464184
          ],
          [
            40.472073,
            47.464104
          ],
          [
            40.472385,
            47.464043
          ],
          [
            40.472706,
            47.463978
          ],
          [
            40.47303,
            47.463898
          ],
          [
            40.473354,
            47.463802
          ],
          [
            40.473675,
            47.463711
          ],
          [
            40.473984,
            47.463615
          ],
          [
            40.474293,
            47.463539
          ],
          [
            40.474609,
            47.463432
          ],
          [
            40.474911,
            47.463333
          ],
          [
            40.475239,
            47.4632
          ],
          [
            40.475559,
            47.463093
          ],
          [
            40.475876,
            47.463009
          ],
          [
            40.476185,
            47.46294
          ],
          [
            40.476494,
            47.462852
          ],
          [
            40.476814,
            47.462753
          ],
          [
            40.477161,
            47.462662
          ],
          [
            40.477478,
            47.462563
          ],
          [
            40.477806,
            47.462456
          ],
          [
            40.478138,
            47.462357
          ],
          [
            40.478493,
            47.462254
          ],
          [
            40.47884,
            47.462173
          ],
          [
            40.479176,
            47.462116
          ],
          [
            40.479504,
            47.46207
          ],
          [
            40.479824,
            47.462044
          ],
          [
            40.480137,
            47.462006
          ],
          [
            40.480473,
            47.461956
          ],
          [
            40.480816,
            47.46191
          ],
          [
            40.481159,
            47.461861
          ],
          [
            40.481503,
            47.461811
          ],
          [
            40.481846,
            47.46175
          ],
          [
            40.482189,
            47.461697
          ],
          [
            40.482525,
            47.461636
          ],
          [
            40.482853,
            47.461578
          ],
          [
            40.483208,
            47.461514
          ],
          [
            40.48357,
            47.461433
          ],
          [
            40.48394,
            47.461384
          ],
          [
            40.484295,
            47.461327
          ],
          [
            40.484638,
            47.461266
          ],
          [
            40.48497,
            47.461197
          ],
          [
            40.485306,
            47.461128
          ],
          [
            40.485638,
            47.46106
          ],
          [
            40.48597,
            47.460987
          ],
          [
            40.486298,
            47.460915
          ],
          [
            40.486641,
            47.460846
          ],
          [
            40.486992,
            47.460762
          ],
          [
            40.487324,
            47.460682
          ],
          [
            40.487652,
            47.460609
          ],
          [
            40.487991,
            47.460541
          ],
          [
            40.488327,
            47.460487
          ],
          [
            40.488674,
            47.460442
          ],
          [
            40.489021,
            47.460396
          ],
          [
            40.489361,
            47.460342
          ],
          [
            40.489708,
            47.460312
          ],
          [
            40.490055,
            47.460312
          ],
          [
            40.490398,
            47.46032
          ],
          [
            40.490738,
            47.460335
          ],
          [
            40.491077,
            47.46035
          ],
          [
            40.49144,
            47.460361
          ],
          [
            40.491795,
            47.460388
          ],
          [
            40.492146,
            47.460411
          ],
          [
            40.492485,
            47.46043
          ],
          [
            40.492828,
            47.460438
          ],
          [
            40.493176,
            47.460438
          ],
          [
            40.493515,
            47.460453
          ],
          [
            40.493855,
            47.460472
          ],
          [
            40.49419,
            47.460503
          ],
          [
            40.494541,
            47.460533
          ],
          [
            40.494892,
            47.46056
          ],
          [
            40.495247,
            47.460602
          ],
          [
            40.495602,
            47.460583
          ],
          [
            40.495964,
            47.460575
          ],
          [
            40.496315,
            47.460594
          ],
          [
            40.496655,
            47.460621
          ],
          [
            40.49699,
            47.460648
          ],
          [
            40.497326,
            47.460678
          ],
          [
            40.497665,
            47.460697
          ],
          [
            40.498013,
            47.460712
          ],
          [
            40.498363,
            47.460709
          ],
          [
            40.498722,
            47.460709
          ],
          [
            40.499077,
            47.460716
          ],
          [
            40.499424,
            47.46072
          ],
          [
            40.499783,
            47.460724
          ],
          [
            40.500134,
            47.460724
          ],
          [
            40.500488,
            47.460728
          ],
          [
            40.500839,
            47.460732
          ],
          [
            40.501198,
            47.460735
          ],
          [
            40.501564,
            47.46072
          ],
          [
            40.501919,
            47.460712
          ],
          [
            40.502281,
            47.460705
          ],
          [
            40.502632,
            47.460701
          ],
          [
            40.502979,
            47.460712
          ],
          [
            40.503338,
            47.460709
          ],
          [
            40.503658,
            47.460754
          ],
          [
            40.504021,
            47.460747
          ],
          [
            40.504379,
            47.460754
          ],
          [
            40.504726,
            47.460781
          ],
          [
            40.505074,
            47.460812
          ],
          [
            40.505424,
            47.460846
          ],
          [
            40.505775,
            47.46088
          ],
          [
            40.506123,
            47.460907
          ],
          [
            40.506477,
            47.46093
          ],
          [
            40.506824,
            47.460949
          ],
          [
            40.50716,
            47.460972
          ],
          [
            40.507504,
            47.460995
          ],
          [
            40.507839,
            47.461025
          ],
          [
            40.508171,
            47.461052
          ],
          [
            40.508499,
            47.461067
          ],
          [
            40.50882,
            47.461082
          ],
          [
            40.50914,
            47.461082
          ],
          [
            40.509422,
            47.461086
          ],
          [
            40.509735,
            47.461052
          ],
          [
            40.510063,
            47.461029
          ],
          [
            40.510376,
            47.461021
          ],
          [
            40.510689,
            47.461029
          ],
          [
            40.510986,
            47.461063
          ],
          [
            40.51128,
            47.461094
          ],
          [
            40.51157,
            47.461128
          ],
          [
            40.511879,
            47.461151
          ],
          [
            40.512165,
            47.461193
          ],
          [
            40.512432,
            47.461254
          ],
          [
            40.51268,
            47.461334
          ],
          [
            40.512924,
            47.461418
          ],
          [
            40.513195,
            47.461479
          ],
          [
            40.513466,
            47.461525
          ],
          [
            40.513737,
            47.461597
          ],
          [
            40.513992,
            47.461689
          ],
          [
            40.514229,
            47.461773
          ],
          [
            40.514435,
            47.461891
          ],
          [
            40.51466,
            47.462006
          ],
          [
            40.514885,
            47.462128
          ],
          [
            40.51511,
            47.462246
          ],
          [
            40.515327,
            47.462368
          ],
          [
            40.515545,
            47.462486
          ],
          [
            40.515781,
            47.462601
          ],
          [
            40.516022,
            47.462711
          ],
          [
            40.516266,
            47.462818
          ],
          [
            40.51651,
            47.462925
          ],
          [
            40.516747,
            47.463043
          ],
          [
            40.516987,
            47.463161
          ],
          [
            40.517231,
            47.46328
          ],
          [
            40.517479,
            47.463402
          ],
          [
            40.517735,
            47.463528
          ],
          [
            40.51799,
            47.46365
          ],
          [
            40.518253,
            47.463772
          ],
          [
            40.518517,
            47.463902
          ],
          [
            40.518791,
            47.46402
          ],
          [
            40.519062,
            47.464149
          ],
          [
            40.519341,
            47.464283
          ],
          [
            40.519615,
            47.464424
          ],
          [
            40.51989,
            47.464565
          ],
          [
            40.520168,
            47.464703
          ],
          [
            40.520458,
            47.464828
          ],
          [
            40.520752,
            47.464951
          ],
          [
            40.521042,
            47.465076
          ],
          [
            40.521328,
            47.465218
          ],
          [
            40.521606,
            47.465366
          ],
          [
            40.521877,
            47.465515
          ],
          [
            40.522129,
            47.465675
          ],
          [
            40.522369,
            47.465843
          ],
          [
            40.522621,
            47.466003
          ],
          [
            40.522865,
            47.466167
          ],
          [
            40.523087,
            47.466343
          ],
          [
            40.523258,
            47.46653
          ],
          [
            40.52343,
            47.466728
          ],
          [
            40.523586,
            47.46693
          ],
          [
            40.523735,
            47.467136
          ],
          [
            40.523876,
            47.467339
          ],
          [
            40.524033,
            47.467541
          ],
          [
            40.524197,
            47.467777
          ],
          [
            40.524319,
            47.467991
          ],
          [
            40.524445,
            47.468208
          ],
          [
            40.524551,
            47.468437
          ],
          [
            40.524662,
            47.468666
          ],
          [
            40.524769,
            47.468887
          ],
          [
            40.524872,
            47.469097
          ],
          [
            40.524979,
            47.469315
          ],
          [
            40.525082,
            47.469536
          ],
          [
            40.525181,
            47.469753
          ],
          [
            40.525295,
            47.469975
          ],
          [
            40.525414,
            47.470184
          ],
          [
            40.525494,
            47.470398
          ],
          [
            40.525604,
            47.470627
          ],
          [
            40.525742,
            47.470852
          ],
          [
            40.525871,
            47.471073
          ],
          [
            40.525997,
            47.471298
          ],
          [
            40.526127,
            47.471535
          ],
          [
            40.526264,
            47.471767
          ],
          [
            40.52639,
            47.471992
          ],
          [
            40.526531,
            47.472221
          ],
          [
            40.526669,
            47.472446
          ],
          [
            40.52681,
            47.472668
          ],
          [
            40.526932,
            47.472866
          ],
          [
            40.52705,
            47.473072
          ],
          [
            40.52718,
            47.473282
          ],
          [
            40.527298,
            47.473503
          ],
          [
            40.527412,
            47.473732
          ],
          [
            40.527454,
            47.473965
          ],
          [
            40.527519,
            47.474194
          ],
          [
            40.527649,
            47.474419
          ],
          [
            40.527775,
            47.474644
          ],
          [
            40.527924,
            47.474869
          ],
          [
            40.528046,
            47.475094
          ],
          [
            40.528172,
            47.475327
          ],
          [
            40.528286,
            47.475555
          ],
          [
            40.528393,
            47.47578
          ],
          [
            40.528526,
            47.476036
          ],
          [
            40.528648,
            47.476257
          ],
          [
            40.528774,
            47.476448
          ],
          [
            40.528908,
            47.476673
          ],
          [
            40.529034,
            47.476898
          ],
          [
            40.529152,
            47.477116
          ],
          [
            40.529282,
            47.477337
          ],
          [
            40.529434,
            47.477581
          ]
        ]
      },
      "properties": {}
    }
  ]
}