{
  "type": "FeatureCollection",
  "features": [
    {
      "type": "Feature",
      "id": 1,
      "geometry": {
        "type": "Point",
        "coordinates": [
          42.376019,
          47.681076
        ]
      },
      "properties": {
        "time": "142507"
      }
    },
    {
      "type": "Feature",
      "id": 2,
      "geometry": {
        "type": "Point",
        "coordinates": [
          42.376507,
          47.681168
        ]
      },
      "properties": {
        "time": "142508"
      }
    },
    {
      "type": "Feature",
      "id": 3,
      "geometry": {
        "type": "Point",
        "coordinates": [
          42.377014,
          47.681248
        ]
      },
      "properties": {
        "time": "142509"
      }
    },
    {
      "type": "Feature",
      "id": 4,
      "geometry": {
        "type": "Point",
        "coordinates": [
          42.377567,
          47.68132
        ]
      },
      "properties": {
        "time": "142510"
      }
    },
    {
      "type": "Feature",
      "id": 5,
      "geometry": {
        "type": "Point",
        "coordinates": [
          42.378109,
          47.681404
        ]
      },
      "properties": {
        "time": "142511"
      }
    },
    {
      "type": "Feature",
      "id": 6,
      "geometry": {
        "type": "Point",
        "coordinates": [
          42.378555,
          47.681503
        ]
      },
      "properties": {
        "time": "142512"
      }
    },
    {
      "type": "Feature",
      "id": 7,
      "geometry": {
        "type": "Point",
        "coordinates": [
          42.379021,
          47.681595
        ]
      },
      "properties": {
        "time": "142513"
      }
    },
    {
      "type": "Feature",
      "id": 8,
      "geometry": {
        "type": "Point",
        "coordinates": [
          42.379471,
          47.68169
        ]
      },
      "properties": {
        "time": "142514"
      }
    },
    {
      "type": "Feature",
      "id": 9,
      "geometry": {
        "type": "Point",
        "coordinates": [
          42.379929,
          47.681808
        ]
      },
      "properties": {
        "time": "142515"
      }
    },
    {
      "type": "Feature",
      "id": 10,
      "geometry": {
        "type": "Point",
        "coordinates": [
          42.380428,
          47.681934
        ]
      },
      "properties": {
        "time": "142516"
      }
    },
    {
      "type": "Feature",
      "id": 11,
      "geometry": {
        "type": "Point",
        "coordinates": [
          42.380966,
          47.68206
        ]
      },
      "properties": {
        "time": "142517"
      }
    },
    {
      "type": "Feature",
      "id": 12,
      "geometry": {
        "type": "Point",
        "coordinates": [
          42.381557,
          47.682152
        ]
      },
      "properties": {
        "time": "142518"
      }
    },
    {
      "type": "Feature",
      "id": 13,
      "geometry": {
        "type": "Point",
        "coordinates": [
          42.381973,
          47.68227
        ]
      },
      "properties": {
        "time": "142519"
      }
    },
    {
      "type": "Feature",
      "id": 14,
      "geometry": {
        "type": "Point",
        "coordinates": [
          42.382347,
          47.682419
        ]
      },
      "properties": {
        "time": "142520"
      }
    },
    {
      "type": "Feature",
      "id": 15,
      "geometry": {
        "type": "Point",
        "coordinates": [
          42.382687,
          47.682571
        ]
      },
      "properties": {
        "time": "142521"
      }
    },
    {
      "type": "Feature",
      "id": 16,
      "geometry": {
        "type": "Point",
        "coordinates": [
          42.383148,
          47.682705
        ]
      },
      "properties": {
        "time": "142522"
      }
    },
    {
      "type": "Feature",
      "id": 17,
      "geometry": {
        "type": "Point",
        "coordinates": [
          42.383572,
          47.682835
        ]
      },
      "properties": {
        "time": "142523"
      }
    },
    {
      "type": "Feature",
      "id": 18,
      "geometry": {
        "type": "Point",
        "coordinates": [
          42.383957,
          47.68298
        ]
      },
      "properties": {
        "time": "142524"
      }
    },
    {
      "type": "Feature",
      "id": 19,
      "geometry": {
        "type": "Point",
        "coordinates": [
          42.384377,
          47.683086
        ]
      },
      "properties": {
        "time": "142525"
      }
    },
    {
      "type": "Feature",
      "id": 20,
      "geometry": {
        "type": "Point",
        "coordinates": [
          42.384827,
          47.683178
        ]
      },
      "properties": {
        "time": "142526"
      }
    },
    {
      "type": "Feature",
      "id": 21,
      "geometry": {
        "type": "Point",
        "coordinates": [
          42.385303,
          47.683296
        ]
      },
      "properties": {
        "time": "142527"
      }
    },
    {
      "type": "Feature",
      "id": 22,
      "geometry": {
        "type": "Point",
        "coordinates": [
          42.385811,
          47.683422
        ]
      },
      "properties": {
        "time": "142528"
      }
    },
    {
      "type": "Feature",
      "id": 23,
      "geometry": {
        "type": "Point",
        "coordinates": [
          42.386269,
          47.68354
        ]
      },
      "properties": {
        "time": "142529"
      }
    },
    {
      "type": "Feature",
      "id": 24,
      "geometry": {
        "type": "Point",
        "coordinates": [
          42.386692,
          47.683655
        ]
      },
      "properties": {
        "time": "142530"
      }
    },
    {
      "type": "Feature",
      "id": 25,
      "geometry": {
        "type": "Point",
        "coordinates": [
          42.387142,
          47.683777
        ]
      },
      "properties": {
        "time": "142531"
      }
    },
    {
      "type": "Feature",
      "id": 26,
      "geometry": {
        "type": "Point",
        "coordinates": [
          42.387604,
          47.683907
        ]
      },
      "properties": {
        "time": "142532"
      }
    },
    {
      "type": "Feature",
      "id": 27,
      "geometry": {
        "type": "Point",
        "coordinates": [
          42.388031,
          47.68404
        ]
      },
      "properties": {
        "time": "142533"
      }
    },
    {
      "type": "Feature",
      "id": 28,
      "geometry": {
        "type": "Point",
        "coordinates": [
          42.388466,
          47.684174
        ]
      },
      "properties": {
        "time": "142534"
      }
    },
    {
      "type": "Feature",
      "id": 29,
      "geometry": {
        "type": "Point",
        "coordinates": [
          42.38892,
          47.684292
        ]
      },
      "properties": {
        "time": "142535"
      }
    },
    {
      "type": "Feature",
      "id": 30,
      "geometry": {
        "type": "Point",
        "coordinates": [
          42.389389,
          47.684422
        ]
      },
      "properties": {
        "time": "142536"
      }
    },
    {
      "type": "Feature",
      "id": 31,
      "geometry": {
        "type": "Point",
        "coordinates": [
          42.389854,
          47.684555
        ]
      },
      "properties": {
        "time": "142537"
      }
    },
    {
      "type": "Feature",
      "id": 32,
      "geometry": {
        "type": "Point",
        "coordinates": [
          42.390324,
          47.684685
        ]
      },
      "properties": {
        "time": "142538"
      }
    },
    {
      "type": "Feature",
      "id": 33,
      "geometry": {
        "type": "Point",
        "coordinates": [
          42.390785,
          47.684807
        ]
      },
      "properties": {
        "time": "142539"
      }
    },
    {
      "type": "Feature",
      "id": 34,
      "geometry": {
        "type": "Point",
        "coordinates": [
          42.391251,
          47.684929
        ]
      },
      "properties": {
        "time": "142540"
      }
    },
    {
      "type": "Feature",
      "id": 35,
      "geometry": {
        "type": "Point",
        "coordinates": [
          42.391708,
          47.685036
        ]
      },
      "properties": {
        "time": "142541"
      }
    },
    {
      "type": "Feature",
      "id": 36,
      "geometry": {
        "type": "Point",
        "coordinates": [
          42.392162,
          47.685143
        ]
      },
      "properties": {
        "time": "142542"
      }
    },
    {
      "type": "Feature",
      "id": 37,
      "geometry": {
        "type": "Point",
        "coordinates": [
          42.392612,
          47.685253
        ]
      },
      "properties": {
        "time": "142543"
      }
    },
    {
      "type": "Feature",
      "id": 38,
      "geometry": {
        "type": "Point",
        "coordinates": [
          42.393074,
          47.685375
        ]
      },
      "properties": {
        "time": "142544"
      }
    },
    {
      "type": "Feature",
      "id": 39,
      "geometry": {
        "type": "Point",
        "coordinates": [
          42.393536,
          47.685501
        ]
      },
      "properties": {
        "time": "142545"
      }
    },
    {
      "type": "Feature",
      "id": 40,
      "geometry": {
        "type": "Point",
        "coordinates": [
          42.394001,
          47.685623
        ]
      },
      "properties": {
        "time": "142546"
      }
    },
    {
      "type": "Feature",
      "id": 41,
      "geometry": {
        "type": "Point",
        "coordinates": [
          42.394466,
          47.685745
        ]
      },
      "properties": {
        "time": "142547"
      }
    },
    {
      "type": "Feature",
      "id": 42,
      "geometry": {
        "type": "Point",
        "coordinates": [
          42.394928,
          47.685871
        ]
      },
      "properties": {
        "time": "142548"
      }
    },
    {
      "type": "Feature",
      "id": 43,
      "geometry": {
        "type": "Point",
        "coordinates": [
          42.395393,
          47.685993
        ]
      },
      "properties": {
        "time": "142549"
      }
    },
    {
      "type": "Feature",
      "id": 44,
      "geometry": {
        "type": "Point",
        "coordinates": [
          42.395847,
          47.686111
        ]
      },
      "properties": {
        "time": "142550"
      }
    },
    {
      "type": "Feature",
      "id": 45,
      "geometry": {
        "type": "Point",
        "coordinates": [
          42.396305,
          47.686234
        ]
      },
      "properties": {
        "time": "142551"
      }
    },
    {
      "type": "Feature",
      "id": 46,
      "geometry": {
        "type": "Point",
        "coordinates": [
          42.396774,
          47.686363
        ]
      },
      "properties": {
        "time": "142552"
      }
    },
    {
      "type": "Feature",
      "id": 47,
      "geometry": {
        "type": "Point",
        "coordinates": [
          42.397221,
          47.686508
        ]
      },
      "properties": {
        "time": "142553"
      }
    },
    {
      "type": "Feature",
      "id": 48,
      "geometry": {
        "type": "Point",
        "coordinates": [
          42.397663,
          47.686649
        ]
      },
      "properties": {
        "time": "142554"
      }
    },
    {
      "type": "Feature",
      "id": 49,
      "geometry": {
        "type": "Point",
        "coordinates": [
          42.398121,
          47.686752
        ]
      },
      "properties": {
        "time": "142555"
      }
    },
    {
      "type": "Feature",
      "id": 50,
      "geometry": {
        "type": "Point",
        "coordinates": [
          42.398598,
          47.686882
        ]
      },
      "properties": {
        "time": "142556"
      }
    },
    {
      "type": "Feature",
      "id": 51,
      "geometry": {
        "type": "Point",
        "coordinates": [
          42.399063,
          47.686989
        ]
      },
      "properties": {
        "time": "142557"
      }
    },
    {
      "type": "Feature",
      "id": 52,
      "geometry": {
        "type": "Point",
        "coordinates": [
          42.399517,
          47.687084
        ]
      },
      "properties": {
        "time": "142558"
      }
    },
    {
      "type": "Feature",
      "id": 53,
      "geometry": {
        "type": "Point",
        "coordinates": [
          42.399967,
          47.687183
        ]
      },
      "properties": {
        "time": "142559"
      }
    },
    {
      "type": "Feature",
      "id": 54,
      "geometry": {
        "type": "Point",
        "coordinates": [
          42.400425,
          47.687286
        ]
      },
      "properties": {
        "time": "142560"
      }
    },
    {
      "type": "Feature",
      "id": 55,
      "geometry": {
        "type": "Point",
        "coordinates": [
          42.400898,
          47.687401
        ]
      },
      "properties": {
        "time": "142561"
      }
    },
    {
      "type": "Feature",
      "id": 56,
      "geometry": {
        "type": "Point",
        "coordinates": [
          42.401356,
          47.687519
        ]
      },
      "properties": {
        "time": "142562"
      }
    },
    {
      "type": "Feature",
      "id": 57,
      "geometry": {
        "type": "Point",
        "coordinates": [
          42.401814,
          47.68763
        ]
      },
      "properties": {
        "time": "142563"
      }
    },
    {
      "type": "Feature",
      "id": 58,
      "geometry": {
        "type": "Point",
        "coordinates": [
          42.402267,
          47.687737
        ]
      },
      "properties": {
        "time": "142564"
      }
    },
    {
      "type": "Feature",
      "id": 59,
      "geometry": {
        "type": "Point",
        "coordinates": [
          42.402721,
          47.687843
        ]
      },
      "properties": {
        "time": "142565"
      }
    },
    {
      "type": "Feature",
      "id": 60,
      "geometry": {
        "type": "Point",
        "coordinates": [
          42.403183,
          47.68795
        ]
      },
      "properties": {
        "time": "142566"
      }
    },
    {
      "type": "Feature",
      "id": 61,
      "geometry": {
        "type": "Point",
        "coordinates": [
          42.403656,
          47.688053
        ]
      },
      "properties": {
        "time": "142567"
      }
    },
    {
      "type": "Feature",
      "id": 62,
      "geometry": {
        "type": "Point",
        "coordinates": [
          42.404125,
          47.688152
        ]
      },
      "properties": {
        "time": "142568"
      }
    },
    {
      "type": "Feature",
      "id": 63,
      "geometry": {
        "type": "Point",
        "coordinates": [
          42.404602,
          47.688251
        ]
      },
      "properties": {
        "time": "142569"
      }
    },
    {
      "type": "Feature",
      "id": 64,
      "geometry": {
        "type": "Point",
        "coordinates": [
          42.405075,
          47.688332
        ]
      },
      "properties": {
        "time": "142570"
      }
    },
    {
      "type": "Feature",
      "id": 65,
      "geometry": {
        "type": "Point",
        "coordinates": [
          42.405548,
          47.688416
        ]
      },
      "properties": {
        "time": "142571"
      }
    },
    {
      "type": "Feature",
      "id": 66,
      "geometry": {
        "type": "Point",
        "coordinates": [
          42.406033,
          47.688496
        ]
      },
      "properties": {
        "time": "142572"
      }
    },
    {
      "type": "Feature",
      "id": 67,
      "geometry": {
        "type": "Point",
        "coordinates": [
          42.406525,
          47.688541
        ]
      },
      "properties": {
        "time": "142573"
      }
    },
    {
      "type": "Feature",
      "id": 68,
      "geometry": {
        "type": "Point",
        "coordinates": [
          42.407009,
          47.688576
        ]
      },
      "properties": {
        "time": "142574"
      }
    },
    {
      "type": "Feature",
      "id": 69,
      "geometry": {
        "type": "Point",
        "coordinates": [
          42.407471,
          47.688663
        ]
      },
      "properties": {
        "time": "142575"
      }
    },
    {
      "type": "Feature",
      "id": 70,
      "geometry": {
        "type": "Point",
        "coordinates": [
          42.407928,
          47.688778
        ]
      },
      "properties": {
        "time": "142576"
      }
    },
    {
      "type": "Feature",
      "id": 71,
      "geometry": {
        "type": "Point",
        "coordinates": [
          42.40839,
          47.688869
        ]
      },
      "properties": {
        "time": "142577"
      }
    },
    {
      "type": "Feature",
      "id": 72,
      "geometry": {
        "type": "Point",
        "coordinates": [
          42.408867,
          47.688915
        ]
      },
      "properties": {
        "time": "142578"
      }
    },
    {
      "type": "Feature",
      "id": 73,
      "geometry": {
        "type": "Point",
        "coordinates": [
          42.40934,
          47.68898
        ]
      },
      "properties": {
        "time": "142579"
      }
    },
    {
      "type": "Feature",
      "id": 74,
      "geometry": {
        "type": "Point",
        "coordinates": [
          42.409813,
          47.689049
        ]
      },
      "properties": {
        "time": "142580"
      }
    },
    {
      "type": "Feature",
      "id": 75,
      "geometry": {
        "type": "Point",
        "coordinates": [
          42.410282,
          47.689129
        ]
      },
      "properties": {
        "time": "142581"
      }
    },
    {
      "type": "Feature",
      "id": 76,
      "geometry": {
        "type": "Point",
        "coordinates": [
          42.410744,
          47.689198
        ]
      },
      "properties": {
        "time": "142582"
      }
    },
    {
      "type": "Feature",
      "id": 77,
      "geometry": {
        "type": "Point",
        "coordinates": [
          42.411209,
          47.689266
        ]
      },
      "properties": {
        "time": "142583"
      }
    },
    {
      "type": "Feature",
      "id": 78,
      "geometry": {
        "type": "Point",
        "coordinates": [
          42.411674,
          47.689346
        ]
      },
      "properties": {
        "time": "142584"
      }
    },
    {
      "type": "Feature",
      "id": 79,
      "geometry": {
        "type": "Point",
        "coordinates": [
          42.412132,
          47.68943
        ]
      },
      "properties": {
        "time": "142585"
      }
    },
    {
      "type": "Feature",
      "id": 80,
      "geometry": {
        "type": "Point",
        "coordinates": [
          42.412594,
          47.689514
        ]
      },
      "properties": {
        "time": "142586"
      }
    },
    {
      "type": "Feature",
      "id": 81,
      "geometry": {
        "type": "Point",
        "coordinates": [
          42.413067,
          47.68961
        ]
      },
      "properties": {
        "time": "142587"
      }
    },
    {
      "type": "Feature",
      "id": 82,
      "geometry": {
        "type": "Point",
        "coordinates": [
          42.413528,
          47.689716
        ]
      },
      "properties": {
        "time": "142588"
      }
    },
    {
      "type": "Feature",
      "id": 83,
      "geometry": {
        "type": "Point",
        "coordinates": [
          42.41399,
          47.689831
        ]
      },
      "properties": {
        "time": "142589"
      }
    },
    {
      "type": "Feature",
      "id": 84,
      "geometry": {
        "type": "Point",
        "coordinates": [
          42.414448,
          47.689957
        ]
      },
      "properties": {
        "time": "142590"
      }
    },
    {
      "type": "Feature",
      "id": 85,
      "geometry": {
        "type": "Point",
        "coordinates": [
          42.414906,
          47.690083
        ]
      },
      "properties": {
        "time": "142591"
      }
    },
    {
      "type": "Feature",
      "id": 86,
      "geometry": {
        "type": "Point",
        "coordinates": [
          42.415356,
          47.690205
        ]
      },
      "properties": {
        "time": "142592"
      }
    },
    {
      "type": "Feature",
      "id": 87,
      "geometry": {
        "type": "Point",
        "coordinates": [
          42.415806,
          47.690327
        ]
      },
      "properties": {
        "time": "142593"
      }
    },
    {
      "type": "Feature",
      "id": 88,
      "geometry": {
        "type": "Point",
        "coordinates": [
          42.416248,
          47.690441
        ]
      },
      "properties": {
        "time": "142594"
      }
    },
    {
      "type": "Feature",
      "id": 89,
      "geometry": {
        "type": "Point",
        "coordinates": [
          42.416687,
          47.690567
        ]
      },
      "properties": {
        "time": "142595"
      }
    },
    {
      "type": "Feature",
      "id": 90,
      "geometry": {
        "type": "Point",
        "coordinates": [
          42.41713,
          47.690693
        ]
      },
      "properties": {
        "time": "142596"
      }
    },
    {
      "type": "Feature",
      "id": 91,
      "geometry": {
        "type": "Point",
        "coordinates": [
          42.417564,
          47.690823
        ]
      },
      "properties": {
        "time": "142597"
      }
    },
    {
      "type": "Feature",
      "id": 92,
      "geometry": {
        "type": "Point",
        "coordinates": [
          42.418011,
          47.690952
        ]
      },
      "properties": {
        "time": "142598"
      }
    },
    {
      "type": "Feature",
      "id": 93,
      "geometry": {
        "type": "Point",
        "coordinates": [
          42.418484,
          47.691078
        ]
      },
      "properties": {
        "time": "142599"
      }
    },
    {
      "type": "Feature",
      "id": 94,
      "geometry": {
        "type": "Point",
        "coordinates": [
          42.418941,
          47.691196
        ]
      },
      "properties": {
        "time": "142600"
      }
    },
    {
      "type": "Feature",
      "id": 95,
      "geometry": {
        "type": "Point",
        "coordinates": [
          42.419403,
          47.691315
        ]
      },
      "properties": {
        "time": "142601"
      }
    },
    {
      "type": "Feature",
      "id": 96,
      "geometry": {
        "type": "Point",
        "coordinates": [
          42.419865,
          47.691429
        ]
      },
      "properties": {
        "time": "142602"
      }
    },
    {
      "type": "Feature",
      "id": 97,
      "geometry": {
        "type": "Point",
        "coordinates": [
          42.42033,
          47.691544
        ]
      },
      "properties": {
        "time": "142603"
      }
    },
    {
      "type": "Feature",
      "id": 98,
      "geometry": {
        "type": "Point",
        "coordinates": [
          42.420795,
          47.691662
        ]
      },
      "properties": {
        "time": "142604"
      }
    },
    {
      "type": "Feature",
      "id": 99,
      "geometry": {
        "type": "Point",
        "coordinates": [
          42.421261,
          47.691788
        ]
      },
      "properties": {
        "time": "142605"
      }
    },
    {
      "type": "Feature",
      "id": 100,
      "geometry": {
        "type": "Point",
        "coordinates": [
          42.42173,
          47.69191
        ]
      },
      "properties": {
        "time": "142606"
      }
    },
    {
      "type": "Feature",
      "id": 101,
      "geometry": {
        "type": "Point",
        "coordinates": [
          42.422211,
          47.692028
        ]
      },
      "properties": {
        "time": "142607"
      }
    },
    {
      "type": "Feature",
      "id": 102,
      "geometry": {
        "type": "Point",
        "coordinates": [
          42.42268,
          47.692142
        ]
      },
      "properties": {
        "time": "142608"
      }
    },
    {
      "type": "Feature",
      "id": 103,
      "geometry": {
        "type": "Point",
        "coordinates": [
          42.423153,
          47.692257
        ]
      },
      "properties": {
        "time": "142609"
      }
    },
    {
      "type": "Feature",
      "id": 104,
      "geometry": {
        "type": "Point",
        "coordinates": [
          42.423618,
          47.692379
        ]
      },
      "properties": {
        "time": "142610"
      }
    },
    {
      "type": "Feature",
      "id": 105,
      "geometry": {
        "type": "Point",
        "coordinates": [
          42.424088,
          47.692497
        ]
      },
      "properties": {
        "time": "142611"
      }
    },
    {
      "type": "Feature",
      "id": 106,
      "geometry": {
        "type": "Point",
        "coordinates": [
          42.424545,
          47.692631
        ]
      },
      "properties": {
        "time": "142612"
      }
    },
    {
      "type": "Feature",
      "id": 107,
      "geometry": {
        "type": "Point",
        "coordinates": [
          42.425014,
          47.692757
        ]
      },
      "properties": {
        "time": "142613"
      }
    },
    {
      "type": "Feature",
      "id": 108,
      "geometry": {
        "type": "Point",
        "coordinates": [
          42.425476,
          47.692886
        ]
      },
      "properties": {
        "time": "142614"
      }
    },
    {
      "type": "Feature",
      "id": 109,
      "geometry": {
        "type": "Point",
        "coordinates": [
          42.425938,
          47.69302
        ]
      },
      "properties": {
        "time": "142615"
      }
    },
    {
      "type": "Feature",
      "id": 110,
      "geometry": {
        "type": "Point",
        "coordinates": [
          42.426392,
          47.693165
        ]
      },
      "properties": {
        "time": "142616"
      }
    },
    {
      "type": "Feature",
      "id": 111,
      "geometry": {
        "type": "Point",
        "coordinates": [
          42.426849,
          47.693287
        ]
      },
      "properties": {
        "time": "142617"
      }
    },
    {
      "type": "Feature",
      "id": 112,
      "geometry": {
        "type": "Point",
        "coordinates": [
          42.427303,
          47.693413
        ]
      },
      "properties": {
        "time": "142618"
      }
    },
    {
      "type": "Feature",
      "id": 113,
      "geometry": {
        "type": "Point",
        "coordinates": [
          42.427757,
          47.693539
        ]
      },
      "properties": {
        "time": "142619"
      }
    },
    {
      "type": "Feature",
      "id": 114,
      "geometry": {
        "type": "Point",
        "coordinates": [
          42.428211,
          47.693668
        ]
      },
      "properties": {
        "time": "142620"
      }
    },
    {
      "type": "Feature",
      "id": 115,
      "geometry": {
        "type": "Point",
        "coordinates": [
          42.42868,
          47.693783
        ]
      },
      "properties": {
        "time": "142621"
      }
    },
    {
      "type": "Feature",
      "id": 116,
      "geometry": {
        "type": "Point",
        "coordinates": [
          42.42915,
          47.693893
        ]
      },
      "properties": {
        "time": "142622"
      }
    },
    {
      "type": "Feature",
      "id": 117,
      "geometry": {
        "type": "Point",
        "coordinates": [
          42.429623,
          47.694004
        ]
      },
      "properties": {
        "time": "142623"
      }
    },
    {
      "type": "Feature",
      "id": 118,
      "geometry": {
        "type": "Point",
        "coordinates": [
          42.430096,
          47.69413
        ]
      },
      "properties": {
        "time": "142624"
      }
    },
    {
      "type": "Feature",
      "id": 119,
      "geometry": {
        "type": "Point",
        "coordinates": [
          42.430569,
          47.694248
        ]
      },
      "properties": {
        "time": "142625"
      }
    },
    {
      "type": "Feature",
      "id": 120,
      "geometry": {
        "type": "Point",
        "coordinates": [
          42.431019,
          47.694382
        ]
      },
      "properties": {
        "time": "142626"
      }
    },
    {
      "type": "Feature",
      "id": 121,
      "geometry": {
        "type": "Point",
        "coordinates": [
          42.43148,
          47.694496
        ]
      },
      "properties": {
        "time": "142627"
      }
    },
    {
      "type": "Feature",
      "id": 122,
      "geometry": {
        "type": "Point",
        "coordinates": [
          42.431957,
          47.694611
        ]
      },
      "properties": {
        "time": "142628"
      }
    },
    {
      "type": "Feature",
      "id": 123,
      "geometry": {
        "type": "Point",
        "coordinates": [
          42.432426,
          47.69474
        ]
      },
      "properties": {
        "time": "142629"
      }
    },
    {
      "type": "Feature",
      "id": 124,
      "geometry": {
        "type": "Point",
        "coordinates": [
          42.432888,
          47.69487
        ]
      },
      "properties": {
        "time": "142630"
      }
    },
    {
      "type": "Feature",
      "id": 125,
      "geometry": {
        "type": "Point",
        "coordinates": [
          42.43335,
          47.694988
        ]
      },
      "properties": {
        "time": "142631"
      }
    },
    {
      "type": "Feature",
      "id": 126,
      "geometry": {
        "type": "Point",
        "coordinates": [
          42.433811,
          47.695114
        ]
      },
      "properties": {
        "time": "142632"
      }
    },
    {
      "type": "Feature",
      "id": 127,
      "geometry": {
        "type": "Point",
        "coordinates": [
          42.434277,
          47.695236
        ]
      },
      "properties": {
        "time": "142633"
      }
    },
    {
      "type": "Feature",
      "id": 128,
      "geometry": {
        "type": "Point",
        "coordinates": [
          42.434731,
          47.695385
        ]
      },
      "properties": {
        "time": "142634"
      }
    },
    {
      "type": "Feature",
      "id": 129,
      "geometry": {
        "type": "Point",
        "coordinates": [
          42.435196,
          47.695518
        ]
      },
      "properties": {
        "time": "142635"
      }
    },
    {
      "type": "Feature",
      "id": 130,
      "geometry": {
        "type": "Point",
        "coordinates": [
          42.435658,
          47.695641
        ]
      },
      "properties": {
        "time": "142636"
      }
    },
    {
      "type": "Feature",
      "id": 131,
      "geometry": {
        "type": "Point",
        "coordinates": [
          42.436127,
          47.695766
        ]
      },
      "properties": {
        "time": "142637"
      }
    },
    {
      "type": "Feature",
      "id": 132,
      "geometry": {
        "type": "Point",
        "coordinates": [
          42.4366,
          47.695889
        ]
      },
      "properties": {
        "time": "142638"
      }
    },
    {
      "type": "Feature",
      "id": 133,
      "geometry": {
        "type": "Point",
        "coordinates": [
          42.437069,
          47.696011
        ]
      },
      "properties": {
        "time": "142639"
      }
    },
    {
      "type": "Feature",
      "id": 134,
      "geometry": {
        "type": "Point",
        "coordinates": [
          42.437538,
          47.696125
        ]
      },
      "properties": {
        "time": "142640"
      }
    },
    {
      "type": "Feature",
      "id": 135,
      "geometry": {
        "type": "Point",
        "coordinates": [
          42.438004,
          47.696247
        ]
      },
      "properties": {
        "time": "142641"
      }
    },
    {
      "type": "Feature",
      "id": 136,
      "geometry": {
        "type": "Point",
        "coordinates": [
          42.438473,
          47.696384
        ]
      },
      "properties": {
        "time": "142642"
      }
    },
    {
      "type": "Feature",
      "id": 137,
      "geometry": {
        "type": "Point",
        "coordinates": [
          42.438957,
          47.696507
        ]
      },
      "properties": {
        "time": "142643"
      }
    },
    {
      "type": "Feature",
      "id": 138,
      "geometry": {
        "type": "Point",
        "coordinates": [
          42.439404,
          47.696625
        ]
      },
      "properties": {
        "time": "142644"
      }
    },
    {
      "type": "Feature",
      "id": 139,
      "geometry": {
        "type": "Point",
        "coordinates": [
          42.439865,
          47.696785
        ]
      },
      "properties": {
        "time": "142645"
      }
    },
    {
      "type": "Feature",
      "id": 140,
      "geometry": {
        "type": "Point",
        "coordinates": [
          42.44035,
          47.696922
        ]
      },
      "properties": {
        "time": "142646"
      }
    },
    {
      "type": "Feature",
      "id": 141,
      "geometry": {
        "type": "Point",
        "coordinates": [
          42.440815,
          47.697048
        ]
      },
      "properties": {
        "time": "142647"
      }
    },
    {
      "type": "Feature",
      "id": 142,
      "geometry": {
        "type": "Point",
        "coordinates": [
          42.441303,
          47.697189
        ]
      },
      "properties": {
        "time": "142648"
      }
    },
    {
      "type": "Feature",
      "id": 143,
      "geometry": {
        "type": "Point",
        "coordinates": [
          42.441795,
          47.697346
        ]
      },
      "properties": {
        "time": "142649"
      }
    },
    {
      "type": "Feature",
      "id": 144,
      "geometry": {
        "type": "Point",
        "coordinates": [
          42.44228,
          47.697475
        ]
      },
      "properties": {
        "time": "142650"
      }
    },
    {
      "type": "Feature",
      "id": 145,
      "geometry": {
        "type": "Point",
        "coordinates": [
          42.442757,
          47.697601
        ]
      },
      "properties": {
        "time": "142651"
      }
    },
    {
      "type": "Feature",
      "id": 146,
      "geometry": {
        "type": "Point",
        "coordinates": [
          42.443218,
          47.697701
        ]
      },
      "properties": {
        "time": "142652"
      }
    },
    {
      "type": "Feature",
      "id": 147,
      "geometry": {
        "type": "Point",
        "coordinates": [
          42.443684,
          47.697803
        ]
      },
      "properties": {
        "time": "142653"
      }
    },
    {
      "type": "Feature",
      "id": 148,
      "geometry": {
        "type": "Point",
        "coordinates": [
          42.444157,
          47.697903
        ]
      },
      "properties": {
        "time": "142654"
      }
    },
    {
      "type": "Feature",
      "id": 149,
      "geometry": {
        "type": "Point",
        "coordinates": [
          42.444622,
          47.698009
        ]
      },
      "properties": {
        "time": "142655"
      }
    },
    {
      "type": "Feature",
      "id": 150,
      "geometry": {
        "type": "Point",
        "coordinates": [
          42.445087,
          47.69812
        ]
      },
      "properties": {
        "time": "142656"
      }
    },
    {
      "type": "Feature",
      "id": 151,
      "geometry": {
        "type": "Point",
        "coordinates": [
          42.445553,
          47.698231
        ]
      },
      "properties": {
        "time": "142657"
      }
    },
    {
      "type": "Feature",
      "id": 152,
      "geometry": {
        "type": "Point",
        "coordinates": [
          42.446022,
          47.698338
        ]
      },
      "properties": {
        "time": "142658"
      }
    },
    {
      "type": "Feature",
      "id": 153,
      "geometry": {
        "type": "Point",
        "coordinates": [
          42.446507,
          47.698444
        ]
      },
      "properties": {
        "time": "142659"
      }
    },
    {
      "type": "Feature",
      "id": 154,
      "geometry": {
        "type": "Point",
        "coordinates": [
          42.447018,
          47.698578
        ]
      },
      "properties": {
        "time": "142660"
      }
    },
    {
      "type": "Feature",
      "id": 155,
      "geometry": {
        "type": "Point",
        "coordinates": [
          42.447487,
          47.698685
        ]
      },
      "properties": {
        "time": "142661"
      }
    },
    {
      "type": "Feature",
      "id": 156,
      "geometry": {
        "type": "Point",
        "coordinates": [
          42.447948,
          47.698769
        ]
      },
      "properties": {
        "time": "142662"
      }
    },
    {
      "type": "Feature",
      "id": 157,
      "geometry": {
        "type": "Point",
        "coordinates": [
          42.448406,
          47.698853
        ]
      },
      "properties": {
        "time": "142663"
      }
    },
    {
      "type": "Feature",
      "id": 158,
      "geometry": {
        "type": "Point",
        "coordinates": [
          42.448872,
          47.698944
        ]
      },
      "properties": {
        "time": "142664"
      }
    },
    {
      "type": "Feature",
      "id": 159,
      "geometry": {
        "type": "Point",
        "coordinates": [
          42.449333,
          47.699047
        ]
      },
      "properties": {
        "time": "142665"
      }
    },
    {
      "type": "Feature",
      "id": 160,
      "geometry": {
        "type": "Point",
        "coordinates": [
          42.44981,
          47.69915
        ]
      },
      "properties": {
        "time": "142666"
      }
    },
    {
      "type": "Feature",
      "id": 161,
      "geometry": {
        "type": "Point",
        "coordinates": [
          42.450291,
          47.699272
        ]
      },
      "properties": {
        "time": "142667"
      }
    },
    {
      "type": "Feature",
      "id": 162,
      "geometry": {
        "type": "Point",
        "coordinates": [
          42.450745,
          47.699394
        ]
      },
      "properties": {
        "time": "142668"
      }
    },
    {
      "type": "Feature",
      "id": 163,
      "geometry": {
        "type": "Point",
        "coordinates": [
          42.451199,
          47.699516
        ]
      },
      "properties": {
        "time": "142669"
      }
    },
    {
      "type": "Feature",
      "id": 164,
      "geometry": {
        "type": "Point",
        "coordinates": [
          42.45166,
          47.699627
        ]
      },
      "properties": {
        "time": "142670"
      }
    },
    {
      "type": "Feature",
      "id": 165,
      "geometry": {
        "type": "Point",
        "coordinates": [
          42.452137,
          47.69973
        ]
      },
      "properties": {
        "time": "142671"
      }
    },
    {
      "type": "Feature",
      "id": 166,
      "geometry": {
        "type": "Point",
        "coordinates": [
          42.45261,
          47.699848
        ]
      },
      "properties": {
        "time": "142672"
      }
    },
    {
      "type": "Feature",
      "id": 167,
      "geometry": {
        "type": "Point",
        "coordinates": [
          42.453072,
          47.699989
        ]
      },
      "properties": {
        "time": "142673"
      }
    },
    {
      "type": "Feature",
      "id": 168,
      "geometry": {
        "type": "Point",
        "coordinates": [
          42.453522,
          47.700123
        ]
      },
      "properties": {
        "time": "142674"
      }
    },
    {
      "type": "Feature",
      "id": 169,
      "geometry": {
        "type": "Point",
        "coordinates": [
          42.453968,
          47.70026
        ]
      },
      "properties": {
        "time": "142675"
      }
    },
    {
      "type": "Feature",
      "id": 170,
      "geometry": {
        "type": "Point",
        "coordinates": [
          42.45443,
          47.700386
        ]
      },
      "properties": {
        "time": "142676"
      }
    },
    {
      "type": "Feature",
      "id": 171,
      "geometry": {
        "type": "Point",
        "coordinates": [
          42.454891,
          47.700512
        ]
      },
      "properties": {
        "time": "142677"
      }
    },
    {
      "type": "Feature",
      "id": 172,
      "geometry": {
        "type": "Point",
        "coordinates": [
          42.455364,
          47.70063
        ]
      },
      "properties": {
        "time": "142678"
      }
    },
    {
      "type": "Feature",
      "id": 173,
      "geometry": {
        "type": "Point",
        "coordinates": [
          42.455845,
          47.700748
        ]
      },
      "properties": {
        "time": "142679"
      }
    },
    {
      "type": "Feature",
      "id": 174,
      "geometry": {
        "type": "Point",
        "coordinates": [
          42.456326,
          47.700867
        ]
      },
      "properties": {
        "time": "142680"
      }
    },
    {
      "type": "Feature",
      "id": 175,
      "geometry": {
        "type": "Point",
        "coordinates": [
          42.456802,
          47.700993
        ]
      },
      "properties": {
        "time": "142681"
      }
    },
    {
      "type": "Feature",
      "id": 176,
      "geometry": {
        "type": "Point",
        "coordinates": [
          42.457279,
          47.701115
        ]
      },
      "properties": {
        "time": "142682"
      }
    },
    {
      "type": "Feature",
      "id": 177,
      "geometry": {
        "type": "Point",
        "coordinates": [
          42.457752,
          47.701229
        ]
      },
      "properties": {
        "time": "142683"
      }
    },
    {
      "type": "Feature",
      "id": 178,
      "geometry": {
        "type": "Point",
        "coordinates": [
          42.458221,
          47.701351
        ]
      },
      "properties": {
        "time": "142684"
      }
    },
    {
      "type": "Feature",
      "id": 179,
      "geometry": {
        "type": "Point",
        "coordinates": [
          42.458702,
          47.7015
        ]
      },
      "properties": {
        "time": "142685"
      }
    },
    {
      "type": "Feature",
      "id": 180,
      "geometry": {
        "type": "Point",
        "coordinates": [
          42.459194,
          47.701645
        ]
      },
      "properties": {
        "time": "142686"
      }
    },
    {
      "type": "Feature",
      "id": 181,
      "geometry": {
        "type": "Point",
        "coordinates": [
          42.459652,
          47.701805
        ]
      },
      "properties": {
        "time": "142687"
      }
    },
    {
      "type": "Feature",
      "id": 182,
      "geometry": {
        "type": "Point",
        "coordinates": [
          42.460133,
          47.701916
        ]
      },
      "properties": {
        "time": "142688"
      }
    },
    {
      "type": "Feature",
      "id": 183,
      "geometry": {
        "type": "Point",
        "coordinates": [
          42.460594,
          47.70203
        ]
      },
      "properties": {
        "time": "142689"
      }
    },
    {
      "type": "Feature",
      "id": 184,
      "geometry": {
        "type": "Point",
        "coordinates": [
          42.461075,
          47.702129
        ]
      },
      "properties": {
        "time": "142690"
      }
    },
    {
      "type": "Feature",
      "id": 185,
      "geometry": {
        "type": "Point",
        "coordinates": [
          42.461555,
          47.702244
        ]
      },
      "properties": {
        "time": "142691"
      }
    },
    {
      "type": "Feature",
      "id": 186,
      "geometry": {
        "type": "Point",
        "coordinates": [
          42.462048,
          47.702347
        ]
      },
      "properties": {
        "time": "142692"
      }
    },
    {
      "type": "Feature",
      "id": 187,
      "geometry": {
        "type": "Point",
        "coordinates": [
          42.462528,
          47.702473
        ]
      },
      "properties": {
        "time": "142693"
      }
    },
    {
      "type": "Feature",
      "id": 188,
      "geometry": {
        "type": "Point",
        "coordinates": [
          42.462986,
          47.702583
        ]
      },
      "properties": {
        "time": "142694"
      }
    },
    {
      "type": "Feature",
      "id": 189,
      "geometry": {
        "type": "Point",
        "coordinates": [
          42.463444,
          47.702698
        ]
      },
      "properties": {
        "time": "142695"
      }
    },
    {
      "type": "Feature",
      "id": 190,
      "geometry": {
        "type": "Point",
        "coordinates": [
          42.463905,
          47.702808
        ]
      },
      "properties": {
        "time": "142696"
      }
    },
    {
      "type": "Feature",
      "id": 191,
      "geometry": {
        "type": "Point",
        "coordinates": [
          42.46439,
          47.702953
        ]
      },
      "properties": {
        "time": "142697"
      }
    },
    {
      "type": "Feature",
      "id": 192,
      "geometry": {
        "type": "Point",
        "coordinates": [
          42.46484,
          47.70306
        ]
      },
      "properties": {
        "time": "142698"
      }
    },
    {
      "type": "Feature",
      "id": 193,
      "geometry": {
        "type": "Point",
        "coordinates": [
          42.465275,
          47.703167
        ]
      },
      "properties": {
        "time": "142699"
      }
    },
    {
      "type": "Feature",
      "id": 194,
      "geometry": {
        "type": "Point",
        "coordinates": [
          42.46574,
          47.70332
        ]
      },
      "properties": {
        "time": "142700"
      }
    },
    {
      "type": "Feature",
      "id": 195,
      "geometry": {
        "type": "Point",
        "coordinates": [
          42.466209,
          47.703461
        ]
      },
      "properties": {
        "time": "142701"
      }
    },
    {
      "type": "Feature",
      "id": 196,
      "geometry": {
        "type": "Point",
        "coordinates": [
          42.466679,
          47.703575
        ]
      },
      "properties": {
        "time": "142702"
      }
    },
    {
      "type": "Feature",
      "id": 197,
      "geometry": {
        "type": "Point",
        "coordinates": [
          42.46714,
          47.703693
        ]
      },
      "properties": {
        "time": "142703"
      }
    },
    {
      "type": "Feature",
      "id": 198,
      "geometry": {
        "type": "Point",
        "coordinates": [
          42.467598,
          47.703812
        ]
      },
      "properties": {
        "time": "142704"
      }
    },
    {
      "type": "Feature",
      "id": 199,
      "geometry": {
        "type": "Point",
        "coordinates": [
          42.468075,
          47.703949
        ]
      },
      "properties": {
        "time": "142705"
      }
    },
    {
      "type": "Feature",
      "id": 200,
      "geometry": {
        "type": "Point",
        "coordinates": [
          42.468552,
          47.704063
        ]
      },
      "properties": {
        "time": "142706"
      }
    },
    {
      "type": "Feature",
      "id": 201,
      "geometry": {
        "type": "Point",
        "coordinates": [
          42.469048,
          47.704182
        ]
      },
      "properties": {
        "time": "142707"
      }
    },
    {
      "type": "Feature",
      "id": 202,
      "geometry": {
        "type": "Point",
        "coordinates": [
          42.469555,
          47.704292
        ]
      },
      "properties": {
        "time": "142708"
      }
    },
    {
      "type": "Feature",
      "id": 203,
      "geometry": {
        "type": "Point",
        "coordinates": [
          42.470028,
          47.70443
        ]
      },
      "properties": {
        "time": "142709"
      }
    },
    {
      "type": "Feature",
      "id": 204,
      "geometry": {
        "type": "Point",
        "coordinates": [
          42.47052,
          47.704571
        ]
      },
      "properties": {
        "time": "142710"
      }
    },
    {
      "type": "Feature",
      "id": 205,
      "geometry": {
        "type": "Point",
        "coordinates": [
          42.470989,
          47.704697
        ]
      },
      "properties": {
        "time": "142711"
      }
    },
    {
      "type": "Feature",
      "id": 206,
      "geometry": {
        "type": "Point",
        "coordinates": [
          42.471443,
          47.7048
        ]
      },
      "properties": {
        "time": "142712"
      }
    },
    {
      "type": "Feature",
      "id": 207,
      "geometry": {
        "type": "Point",
        "coordinates": [
          42.471893,
          47.704922
        ]
      },
      "properties": {
        "time": "142713"
      }
    },
    {
      "type": "Feature",
      "id": 208,
      "geometry": {
        "type": "Point",
        "coordinates": [
          42.472324,
          47.705051
        ]
      },
      "properties": {
        "time": "142714"
      }
    },
    {
      "type": "Feature",
      "id": 209,
      "geometry": {
        "type": "Point",
        "coordinates": [
          42.472805,
          47.705177
        ]
      },
      "properties": {
        "time": "142715"
      }
    },
    {
      "type": "Feature",
      "id": 210,
      "geometry": {
        "type": "Point",
        "coordinates": [
          42.473293,
          47.70528
        ]
      },
      "properties": {
        "time": "142716"
      }
    },
    {
      "type": "Feature",
      "id": 211,
      "geometry": {
        "type": "Point",
        "coordinates": [
          42.473743,
          47.705387
        ]
      },
      "properties": {
        "time": "142717"
      }
    },
    {
      "type": "Feature",
      "id": 212,
      "geometry": {
        "type": "Point",
        "coordinates": [
          42.474186,
          47.705475
        ]
      },
      "properties": {
        "time": "142718"
      }
    },
    {
      "type": "Feature",
      "id": 213,
      "geometry": {
        "type": "Point",
        "coordinates": [
          42.474674,
          47.705597
        ]
      },
      "properties": {
        "time": "142719"
      }
    },
    {
      "type": "Feature",
      "id": 214,
      "geometry": {
        "type": "Point",
        "coordinates": [
          42.475197,
          47.705723
        ]
      },
      "properties": {
        "time": "142720"
      }
    },
    {
      "type": "Feature",
      "id": 215,
      "geometry": {
        "type": "Point",
        "coordinates": [
          42.475727,
          47.705906
        ]
      },
      "properties": {
        "time": "142721"
      }
    },
    {
      "type": "Feature",
      "id": 216,
      "geometry": {
        "type": "Point",
        "coordinates": [
          42.476238,
          47.706043
        ]
      },
      "properties": {
        "time": "142722"
      }
    },
    {
      "type": "Feature",
      "id": 217,
      "geometry": {
        "type": "Point",
        "coordinates": [
          42.47673,
          47.706173
        ]
      },
      "properties": {
        "time": "142723"
      }
    },
    {
      "type": "Feature",
      "id": 218,
      "geometry": {
        "type": "Point",
        "coordinates": [
          42.477142,
          47.706257
        ]
      },
      "properties": {
        "time": "142724"
      }
    },
    {
      "type": "Feature",
      "id": 219,
      "geometry": {
        "type": "Point",
        "coordinates": [
          42.477589,
          47.706348
        ]
      },
      "properties": {
        "time": "142725"
      }
    },
    {
      "type": "Feature",
      "id": 220,
      "geometry": {
        "type": "Point",
        "coordinates": [
          42.478027,
          47.706444
        ]
      },
      "properties": {
        "time": "142726"
      }
    },
    {
      "type": "Feature",
      "id": 221,
      "geometry": {
        "type": "Point",
        "coordinates": [
          42.478485,
          47.706554
        ]
      },
      "properties": {
        "time": "142727"
      }
    },
    {
      "type": "Feature",
      "id": 222,
      "geometry": {
        "type": "Point",
        "coordinates": [
          42.478939,
          47.706676
        ]
      },
      "properties": {
        "time": "142728"
      }
    },
    {
      "type": "Feature",
      "id": 223,
      "geometry": {
        "type": "Point",
        "coordinates": [
          42.479408,
          47.706833
        ]
      },
      "properties": {
        "time": "142729"
      }
    },
    {
      "type": "Feature",
      "id": 224,
      "geometry": {
        "type": "Point",
        "coordinates": [
          42.479858,
          47.70694
        ]
      },
      "properties": {
        "time": "142730"
      }
    },
    {
      "type": "Feature",
      "id": 225,
      "geometry": {
        "type": "Point",
        "coordinates": [
          42.480278,
          47.70702
        ]
      },
      "properties": {
        "time": "142731"
      }
    },
    {
      "type": "Feature",
      "id": 226,
      "geometry": {
        "type": "Point",
        "coordinates": [
          42.480698,
          47.707073
        ]
      },
      "properties": {
        "time": "142732"
      }
    },
    {
      "type": "Feature",
      "id": 227,
      "geometry": {
        "type": "Point",
        "coordinates": [
          42.48114,
          47.707211
        ]
      },
      "properties": {
        "time": "142733"
      }
    },
    {
      "type": "Feature",
      "id": 228,
      "geometry": {
        "type": "Point",
        "coordinates": [
          42.481632,
          47.707367
        ]
      },
      "properties": {
        "time": "142734"
      }
    },
    {
      "type": "Feature",
      "id": 229,
      "geometry": {
        "type": "Point",
        "coordinates": [
          42.482117,
          47.707497
        ]
      },
      "properties": {
        "time": "142735"
      }
    },
    {
      "type": "Feature",
      "id": 230,
      "geometry": {
        "type": "Point",
        "coordinates": [
          42.482586,
          47.7076
        ]
      },
      "properties": {
        "time": "142736"
      }
    },
    {
      "type": "Feature",
      "id": 231,
      "geometry": {
        "type": "Point",
        "coordinates": [
          42.483116,
          47.707699
        ]
      },
      "properties": {
        "time": "142737"
      }
    },
    {
      "type": "Feature",
      "id": 232,
      "geometry": {
        "type": "Point",
        "coordinates": [
          42.483612,
          47.707794
        ]
      },
      "properties": {
        "time": "142738"
      }
    },
    {
      "type": "Feature",
      "id": 233,
      "geometry": {
        "type": "Point",
        "coordinates": [
          42.484161,
          47.707905
        ]
      },
      "properties": {
        "time": "142739"
      }
    },
    {
      "type": "Feature",
      "id": 234,
      "geometry": {
        "type": "Point",
        "coordinates": [
          42.484756,
          47.708019
        ]
      },
      "properties": {
        "time": "142740"
      }
    },
    {
      "type": "Feature",
      "id": 235,
      "geometry": {
        "type": "Point",
        "coordinates": [
          42.485321,
          47.708145
        ]
      },
      "properties": {
        "time": "142741"
      }
    },
    {
      "type": "Feature",
      "id": 236,
      "geometry": {
        "type": "Point",
        "coordinates": [
          42.48576,
          47.708241
        ]
      },
      "properties": {
        "time": "142742"
      }
    },
    {
      "type": "Feature",
      "id": 237,
      "geometry": {
        "type": "Point",
        "coordinates": [
          42.486168,
          47.708321
        ]
      },
      "properties": {
        "time": "142743"
      }
    },
    {
      "type": "Feature",
      "id": 238,
      "geometry": {
        "type": "Point",
        "coordinates": [
          42.486614,
          47.708397
        ]
      },
      "properties": {
        "time": "142744"
      }
    },
    {
      "type": "Feature",
      "id": 239,
      "geometry": {
        "type": "Point",
        "coordinates": [
          42.487099,
          47.708469
        ]
      },
      "properties": {
        "time": "142745"
      }
    },
    {
      "type": "Feature",
      "id": 240,
      "geometry": {
        "type": "Point",
        "coordinates": [
          42.487572,
          47.708565
        ]
      },
      "properties": {
        "time": "142746"
      }
    },
    {
      "type": "Feature",
      "id": 241,
      "geometry": {
        "type": "Point",
        "coordinates": [
          42.488033,
          47.708664
        ]
      },
      "properties": {
        "time": "142747"
      }
    },
    {
      "type": "Feature",
      "id": 242,
      "geometry": {
        "type": "Point",
        "coordinates": [
          42.488499,
          47.708763
        ]
      },
      "properties": {
        "time": "142748"
      }
    },
    {
      "type": "Feature",
      "id": 243,
      "geometry": {
        "type": "Point",
        "coordinates": [
          42.488964,
          47.708866
        ]
      },
      "properties": {
        "time": "142749"
      }
    },
    {
      "type": "Feature",
      "id": 244,
      "geometry": {
        "type": "Point",
        "coordinates": [
          42.489449,
          47.708961
        ]
      },
      "properties": {
        "time": "142750"
      }
    },
    {
      "type": "Feature",
      "id": 245,
      "geometry": {
        "type": "Point",
        "coordinates": [
          42.489918,
          47.709064
        ]
      },
      "properties": {
        "time": "142751"
      }
    },
    {
      "type": "Feature",
      "id": 246,
      "geometry": {
        "type": "Point",
        "coordinates": [
          42.490391,
          47.709179
        ]
      },
      "properties": {
        "time": "142752"
      }
    },
    {
      "type": "Feature",
      "id": 247,
      "geometry": {
        "type": "Point",
        "coordinates": [
          42.490887,
          47.709309
        ]
      },
      "properties": {
        "time": "142753"
      }
    },
    {
      "type": "Feature",
      "id": 248,
      "geometry": {
        "type": "Point",
        "coordinates": [
          42.491386,
          47.709431
        ]
      },
      "properties": {
        "time": "142754"
      }
    },
    {
      "type": "Feature",
      "id": 249,
      "geometry": {
        "type": "Point",
        "coordinates": [
          42.491814,
          47.70953
        ]
      },
      "properties": {
        "time": "142755"
      }
    },
    {
      "type": "Feature",
      "id": 250,
      "geometry": {
        "type": "Point",
        "coordinates": [
          42.492214,
          47.709621
        ]
      },
      "properties": {
        "time": "142756"
      }
    },
    {
      "type": "Feature",
      "id": 251,
      "geometry": {
        "type": "Point",
        "coordinates": [
          42.492649,
          47.709724
        ]
      },
      "properties": {
        "time": "142757"
      }
    },
    {
      "type": "Feature",
      "id": 252,
      "geometry": {
        "type": "Point",
        "coordinates": [
          42.493141,
          47.709843
        ]
      },
      "properties": {
        "time": "142758"
      }
    },
    {
      "type": "Feature",
      "id": 253,
      "geometry": {
        "type": "Point",
        "coordinates": [
          42.49361,
          47.709965
        ]
      },
      "properties": {
        "time": "142759"
      }
    },
    {
      "type": "Feature",
      "id": 254,
      "geometry": {
        "type": "Point",
        "coordinates": [
          42.49408,
          47.710102
        ]
      },
      "properties": {
        "time": "142760"
      }
    },
    {
      "type": "Feature",
      "id": 255,
      "geometry": {
        "type": "Point",
        "coordinates": [
          42.494553,
          47.710232
        ]
      },
      "properties": {
        "time": "142761"
      }
    },
    {
      "type": "Feature",
      "id": 256,
      "geometry": {
        "type": "Point",
        "coordinates": [
          42.495014,
          47.710361
        ]
      },
      "properties": {
        "time": "142762"
      }
    },
    {
      "type": "Feature",
      "id": 257,
      "geometry": {
        "type": "Point",
        "coordinates": [
          42.495461,
          47.71048
        ]
      },
      "properties": {
        "time": "142763"
      }
    },
    {
      "type": "Feature",
      "id": 258,
      "geometry": {
        "type": "Point",
        "coordinates": [
          42.495956,
          47.710648
        ]
      },
      "properties": {
        "time": "142764"
      }
    },
    {
      "type": "Feature",
      "id": 259,
      "geometry": {
        "type": "Point",
        "coordinates": [
          42.496426,
          47.710819
        ]
      },
      "properties": {
        "time": "142765"
      }
    },
    {
      "type": "Feature",
      "id": 260,
      "geometry": {
        "type": "Point",
        "coordinates": [
          42.496834,
          47.710922
        ]
      },
      "properties": {
        "time": "142766"
      }
    },
    {
      "type": "Feature",
      "id": 261,
      "geometry": {
        "type": "Point",
        "coordinates": [
          42.497341,
          47.711098
        ]
      },
      "properties": {
        "time": "142767"
      }
    },
    {
      "type": "Feature",
      "id": 262,
      "geometry": {
        "type": "Point",
        "coordinates": [
          42.497929,
          47.711349
        ]
      },
      "properties": {
        "time": "142768"
      }
    },
    {
      "type": "Feature",
      "id": 263,
      "geometry": {
        "type": "Point",
        "coordinates": [
          42.498543,
          47.711536
        ]
      },
      "properties": {
        "time": "142769"
      }
    },
    {
      "type": "Feature",
      "id": 264,
      "geometry": {
        "type": "Point",
        "coordinates": [
          42.498936,
          47.711582
        ]
      },
      "properties": {
        "time": "142770"
      }
    },
    {
      "type": "Feature",
      "id": 265,
      "geometry": {
        "type": "Point",
        "coordinates": [
          42.499313,
          47.711742
        ]
      },
      "properties": {
        "time": "142771"
      }
    },
    {
      "type": "Feature",
      "id": 266,
      "geometry": {
        "type": "Point",
        "coordinates": [
          42.49976,
          47.711903
        ]
      },
      "properties": {
        "time": "142772"
      }
    },
    {
      "type": "Feature",
      "id": 267,
      "geometry": {
        "type": "Point",
        "coordinates": [
          42.500233,
          47.712074
        ]
      },
      "properties": {
        "time": "142773"
      }
    },
    {
      "type": "Feature",
      "id": 268,
      "geometry": {
        "type": "Point",
        "coordinates": [
          42.500652,
          47.712139
        ]
      },
      "properties": {
        "time": "142774"
      }
    },
    {
      "type": "Feature",
      "id": 269,
      "geometry": {
        "type": "Point",
        "coordinates": [
          42.501137,
          47.712204
        ]
      },
      "properties": {
        "time": "142775"
      }
    },
    {
      "type": "Feature",
      "id": 270,
      "geometry": {
        "type": "Point",
        "coordinates": [
          42.50161,
          47.712238
        ]
      },
      "properties": {
        "time": "142776"
      }
    },
    {
      "type": "Feature",
      "id": 271,
      "geometry": {
        "type": "Point",
        "coordinates": [
          42.502151,
          47.712276
        ]
      },
      "properties": {
        "time": "142777"
      }
    },
    {
      "type": "Feature",
      "id": 272,
      "geometry": {
        "type": "Point",
        "coordinates": [
          42.502613,
          47.712414
        ]
      },
      "properties": {
        "time": "142778"
      }
    },
    {
      "type": "Feature",
      "id": 273,
      "geometry": {
        "type": "Point",
        "coordinates": [
          42.503075,
          47.712559
        ]
      },
      "properties": {
        "time": "142779"
      }
    },
    {
      "type": "Feature",
      "id": 274,
      "geometry": {
        "type": "Point",
        "coordinates": [
          42.503536,
          47.712677
        ]
      },
      "properties": {
        "time": "142780"
      }
    },
    {
      "type": "Feature",
      "id": 275,
      "geometry": {
        "type": "Point",
        "coordinates": [
          42.504005,
          47.712784
        ]
      },
      "properties": {
        "time": "142781"
      }
    },
    {
      "type": "Feature",
      "id": 276,
      "geometry": {
        "type": "Point",
        "coordinates": [
          42.504425,
          47.71278
        ]
      },
      "properties": {
        "time": "142782"
      }
    },
    {
      "type": "Feature",
      "id": 277,
      "geometry": {
        "type": "Point",
        "coordinates": [
          42.50486,
          47.712845
        ]
      },
      "properties": {
        "time": "142783"
      }
    },
    {
      "type": "Feature",
      "id": 278,
      "geometry": {
        "type": "Point",
        "coordinates": [
          42.505318,
          47.71294
        ]
      },
      "properties": {
        "time": "142784"
      }
    },
    {
      "type": "Feature",
      "id": 279,
      "geometry": {
        "type": "Point",
        "coordinates": [
          42.505775,
          47.713062
        ]
      },
      "properties": {
        "time": "142785"
      }
    },
    {
      "type": "Feature",
      "id": 280,
      "geometry": {
        "type": "Point",
        "coordinates": [
          42.506252,
          47.713184
        ]
      },
      "properties": {
        "time": "142786"
      }
    },
    {
      "type": "Feature",
      "id": 281,
      "geometry": {
        "type": "Point",
        "coordinates": [
          42.506718,
          47.713299
        ]
      },
      "properties": {
        "time": "142787"
      }
    },
    {
      "type": "Feature",
      "id": 282,
      "geometry": {
        "type": "Point",
        "coordinates": [
          42.507175,
          47.713406
        ]
      },
      "properties": {
        "time": "142788"
      }
    },
    {
      "type": "Feature",
      "id": 283,
      "geometry": {
        "type": "Point",
        "coordinates": [
          42.507641,
          47.713516
        ]
      },
      "properties": {
        "time": "142789"
      }
    },
    {
      "type": "Feature",
      "id": 284,
      "geometry": {
        "type": "Point",
        "coordinates": [
          42.50811,
          47.713612
        ]
      },
      "properties": {
        "time": "142790"
      }
    },
    {
      "type": "Feature",
      "id": 285,
      "geometry": {
        "type": "Point",
        "coordinates": [
          42.508575,
          47.713718
        ]
      },
      "properties": {
        "time": "142791"
      }
    },
    {
      "type": "Feature",
      "id": 286,
      "geometry": {
        "type": "Point",
        "coordinates": [
          42.509033,
          47.71386
        ]
      },
      "properties": {
        "time": "142792"
      }
    },
    {
      "type": "Feature",
      "id": 287,
      "geometry": {
        "type": "Point",
        "coordinates": [
          42.509499,
          47.713982
        ]
      },
      "properties": {
        "time": "142793"
      }
    },
    {
      "type": "Feature",
      "id": 288,
      "geometry": {
        "type": "Point",
        "coordinates": [
          42.509979,
          47.714092
        ]
      },
      "properties": {
        "time": "142794"
      }
    },
    {
      "type": "Feature",
      "id": 289,
      "geometry": {
        "type": "Point",
        "coordinates": [
          42.510468,
          47.714214
        ]
      },
      "properties": {
        "time": "142795"
      }
    },
    {
      "type": "Feature",
      "id": 290,
      "geometry": {
        "type": "Point",
        "coordinates": [
          42.510979,
          47.71431
        ]
      },
      "properties": {
        "time": "142796"
      }
    },
    {
      "type": "Feature",
      "id": 291,
      "geometry": {
        "type": "Point",
        "coordinates": [
          42.511459,
          47.714417
        ]
      },
      "properties": {
        "time": "142797"
      }
    },
    {
      "type": "Feature",
      "id": 292,
      "geometry": {
        "type": "Point",
        "coordinates": [
          42.511932,
          47.714535
        ]
      },
      "properties": {
        "time": "142798"
      }
    },
    {
      "type": "Feature",
      "id": 293,
      "geometry": {
        "type": "Point",
        "coordinates": [
          42.512383,
          47.714642
        ]
      },
      "properties": {
        "time": "142799"
      }
    },
    {
      "type": "Feature",
      "id": 294,
      "geometry": {
        "type": "Point",
        "coordinates": [
          42.512825,
          47.71476
        ]
      },
      "properties": {
        "time": "142800"
      }
    },
    {
      "type": "Feature",
      "id": 295,
      "geometry": {
        "type": "Point",
        "coordinates": [
          42.513248,
          47.71489
        ]
      },
      "properties": {
        "time": "142801"
      }
    },
    {
      "type": "Feature",
      "id": 296,
      "geometry": {
        "type": "Point",
        "coordinates": [
          42.513691,
          47.715023
        ]
      },
      "properties": {
        "time": "142802"
      }
    },
    {
      "type": "Feature",
      "id": 297,
      "geometry": {
        "type": "Point",
        "coordinates": [
          42.51413,
          47.715149
        ]
      },
      "properties": {
        "time": "142803"
      }
    },
    {
      "type": "Feature",
      "id": 298,
      "geometry": {
        "type": "Point",
        "coordinates": [
          42.514587,
          47.715282
        ]
      },
      "properties": {
        "time": "142804"
      }
    },
    {
      "type": "Feature",
      "id": 299,
      "geometry": {
        "type": "Point",
        "coordinates": [
          42.515041,
          47.715412
        ]
      },
      "properties": {
        "time": "142805"
      }
    },
    {
      "type": "Feature",
      "id": 300,
      "geometry": {
        "type": "Point",
        "coordinates": [
          42.51548,
          47.715561
        ]
      },
      "properties": {
        "time": "142806"
      }
    },
    {
      "type": "Feature",
      "id": 301,
      "geometry": {
        "type": "Point",
        "coordinates": [
          42.515919,
          47.715694
        ]
      },
      "properties": {
        "time": "142807"
      }
    },
    {
      "type": "Feature",
      "id": 302,
      "geometry": {
        "type": "Point",
        "coordinates": [
          42.516361,
          47.715809
        ]
      },
      "properties": {
        "time": "142808"
      }
    },
    {
      "type": "Feature",
      "id": 303,
      "geometry": {
        "type": "Point",
        "coordinates": [
          42.516804,
          47.715939
        ]
      },
      "properties": {
        "time": "142809"
      }
    },
    {
      "type": "Feature",
      "id": 304,
      "geometry": {
        "type": "Point",
        "coordinates": [
          42.517262,
          47.716042
        ]
      },
      "properties": {
        "time": "142810"
      }
    },
    {
      "type": "Feature",
      "id": 305,
      "geometry": {
        "type": "Point",
        "coordinates": [
          42.517727,
          47.716156
        ]
      },
      "properties": {
        "time": "142811"
      }
    },
    {
      "type": "Feature",
      "id": 306,
      "geometry": {
        "type": "Point",
        "coordinates": [
          42.518204,
          47.716278
        ]
      },
      "properties": {
        "time": "142812"
      }
    },
    {
      "type": "Feature",
      "id": 307,
      "geometry": {
        "type": "Point",
        "coordinates": [
          42.518681,
          47.716404
        ]
      },
      "properties": {
        "time": "142813"
      }
    },
    {
      "type": "Feature",
      "id": 308,
      "geometry": {
        "type": "Point",
        "coordinates": [
          42.519138,
          47.71653
        ]
      },
      "properties": {
        "time": "142814"
      }
    },
    {
      "type": "Feature",
      "id": 309,
      "geometry": {
        "type": "Point",
        "coordinates": [
          42.519592,
          47.716663
        ]
      },
      "properties": {
        "time": "142815"
      }
    },
    {
      "type": "Feature",
      "id": 310,
      "geometry": {
        "type": "Point",
        "coordinates": [
          42.520073,
          47.716808
        ]
      },
      "properties": {
        "time": "142816"
      }
    },
    {
      "type": "Feature",
      "id": 311,
      "geometry": {
        "type": "Point",
        "coordinates": [
          42.520542,
          47.716953
        ]
      },
      "properties": {
        "time": "142817"
      }
    },
    {
      "type": "Feature",
      "id": 312,
      "geometry": {
        "type": "Point",
        "coordinates": [
          42.521038,
          47.71714
        ]
      },
      "properties": {
        "time": "142818"
      }
    },
    {
      "type": "Feature",
      "id": 313,
      "geometry": {
        "type": "Point",
        "coordinates": [
          42.521503,
          47.717274
        ]
      },
      "properties": {
        "time": "142819"
      }
    },
    {
      "type": "Feature",
      "id": 314,
      "geometry": {
        "type": "Point",
        "coordinates": [
          42.521973,
          47.717407
        ]
      },
      "properties": {
        "time": "142820"
      }
    },
    {
      "type": "Feature",
      "id": 315,
      "geometry": {
        "type": "Point",
        "coordinates": [
          42.522449,
          47.717518
        ]
      },
      "properties": {
        "time": "142821"
      }
    },
    {
      "type": "Feature",
      "id": 316,
      "geometry": {
        "type": "Point",
        "coordinates": [
          42.52293,
          47.717628
        ]
      },
      "properties": {
        "time": "142822"
      }
    },
    {
      "type": "Feature",
      "id": 317,
      "geometry": {
        "type": "Point",
        "coordinates": [
          42.523399,
          47.717747
        ]
      },
      "properties": {
        "time": "142823"
      }
    },
    {
      "type": "Feature",
      "id": 318,
      "geometry": {
        "type": "Point",
        "coordinates": [
          42.523865,
          47.717865
        ]
      },
      "properties": {
        "time": "142824"
      }
    },
    {
      "type": "Feature",
      "id": 319,
      "geometry": {
        "type": "Point",
        "coordinates": [
          42.524345,
          47.717995
        ]
      },
      "properties": {
        "time": "142825"
      }
    },
    {
      "type": "Feature",
      "id": 320,
      "geometry": {
        "type": "Point",
        "coordinates": [
          42.524826,
          47.718117
        ]
      },
      "properties": {
        "time": "142826"
      }
    },
    {
      "type": "Feature",
      "id": 321,
      "geometry": {
        "type": "Point",
        "coordinates": [
          42.525291,
          47.718235
        ]
      },
      "properties": {
        "time": "142827"
      }
    },
    {
      "type": "Feature",
      "id": 322,
      "geometry": {
        "type": "Point",
        "coordinates": [
          42.525757,
          47.718365
        ]
      },
      "properties": {
        "time": "142828"
      }
    },
    {
      "type": "Feature",
      "id": 323,
      "geometry": {
        "type": "Point",
        "coordinates": [
          42.526207,
          47.718494
        ]
      },
      "properties": {
        "time": "142829"
      }
    },
    {
      "type": "Feature",
      "id": 324,
      "geometry": {
        "type": "Point",
        "coordinates": [
          42.526661,
          47.718628
        ]
      },
      "properties": {
        "time": "142830"
      }
    },
    {
      "type": "Feature",
      "id": 325,
      "geometry": {
        "type": "Point",
        "coordinates": [
          42.527115,
          47.718765
        ]
      },
      "properties": {
        "time": "142831"
      }
    },
    {
      "type": "Feature",
      "id": 326,
      "geometry": {
        "type": "Point",
        "coordinates": [
          42.527557,
          47.718895
        ]
      },
      "properties": {
        "time": "142832"
      }
    },
    {
      "type": "Feature",
      "id": 327,
      "geometry": {
        "type": "Point",
        "coordinates": [
          42.528,
          47.719021
        ]
      },
      "properties": {
        "time": "142833"
      }
    },
    {
      "type": "Feature",
      "id": 328,
      "geometry": {
        "type": "Point",
        "coordinates": [
          42.528458,
          47.719162
        ]
      },
      "properties": {
        "time": "142834"
      }
    },
    {
      "type": "Feature",
      "id": 329,
      "geometry": {
        "type": "Point",
        "coordinates": [
          42.528893,
          47.719322
        ]
      },
      "properties": {
        "time": "142835"
      }
    },
    {
      "type": "Feature",
      "id": 330,
      "geometry": {
        "type": "Point",
        "coordinates": [
          42.529316,
          47.719486
        ]
      },
      "properties": {
        "time": "142836"
      }
    },
    {
      "type": "Feature",
      "id": 331,
      "geometry": {
        "type": "Point",
        "coordinates": [
          42.529778,
          47.71965
        ]
      },
      "properties": {
        "time": "142837"
      }
    },
    {
      "type": "Feature",
      "id": 332,
      "geometry": {
        "type": "Point",
        "coordinates": [
          42.53019,
          47.719856
        ]
      },
      "properties": {
        "time": "142838"
      }
    },
    {
      "type": "Feature",
      "id": 333,
      "geometry": {
        "type": "Point",
        "coordinates": [
          42.530613,
          47.719994
        ]
      },
      "properties": {
        "time": "142839"
      }
    },
    {
      "type": "Feature",
      "id": 334,
      "geometry": {
        "type": "Point",
        "coordinates": [
          42.531002,
          47.720203
        ]
      },
      "properties": {
        "time": "142840"
      }
    },
    {
      "type": "Feature",
      "id": 335,
      "geometry": {
        "type": "Point",
        "coordinates": [
          42.531418,
          47.720379
        ]
      },
      "properties": {
        "time": "142841"
      }
    },
    {
      "type": "Feature",
      "id": 336,
      "geometry": {
        "type": "Point",
        "coordinates": [
          42.531853,
          47.720482
        ]
      },
      "properties": {
        "time": "142842"
      }
    },
    {
      "type": "Feature",
      "id": 337,
      "geometry": {
        "type": "Point",
        "coordinates": [
          42.532291,
          47.720596
        ]
      },
      "properties": {
        "time": "142843"
      }
    },
    {
      "type": "Feature",
      "id": 338,
      "geometry": {
        "type": "Point",
        "coordinates": [
          42.532745,
          47.720722
        ]
      },
      "properties": {
        "time": "142844"
      }
    },
    {
      "type": "Feature",
      "id": 339,
      "geometry": {
        "type": "Point",
        "coordinates": [
          42.533203,
          47.720833
        ]
      },
      "properties": {
        "time": "142845"
      }
    },
    {
      "type": "Feature",
      "id": 340,
      "geometry": {
        "type": "Point",
        "coordinates": [
          42.533642,
          47.720955
        ]
      },
      "properties": {
        "time": "142846"
      }
    },
    {
      "type": "Feature",
      "id": 341,
      "geometry": {
        "type": "Point",
        "coordinates": [
          42.534084,
          47.721077
        ]
      },
      "properties": {
        "time": "142847"
      }
    },
    {
      "type": "Feature",
      "id": 342,
      "geometry": {
        "type": "Point",
        "coordinates": [
          42.534527,
          47.721191
        ]
      },
      "properties": {
        "time": "142848"
      }
    },
    {
      "type": "Feature",
      "id": 343,
      "geometry": {
        "type": "Point",
        "coordinates": [
          42.534977,
          47.721302
        ]
      },
      "properties": {
        "time": "142849"
      }
    },
    {
      "type": "Feature",
      "id": 344,
      "geometry": {
        "type": "Point",
        "coordinates": [
          42.535427,
          47.721394
        ]
      },
      "properties": {
        "time": "142850"
      }
    },
    {
      "type": "Feature",
      "id": 345,
      "geometry": {
        "type": "Point",
        "coordinates": [
          42.535927,
          47.721489
        ]
      },
      "properties": {
        "time": "142851"
      }
    },
    {
      "type": "Feature",
      "id": 346,
      "geometry": {
        "type": "Point",
        "coordinates": [
          42.536388,
          47.721581
        ]
      },
      "properties": {
        "time": "142852"
      }
    },
    {
      "type": "Feature",
      "id": 347,
      "geometry": {
        "type": "Point",
        "coordinates": [
          42.536812,
          47.721684
        ]
      },
      "properties": {
        "time": "142853"
      }
    },
    {
      "type": "Feature",
      "id": 348,
      "geometry": {
        "type": "Point",
        "coordinates": [
          42.537224,
          47.72179
        ]
      },
      "properties": {
        "time": "142854"
      }
    },
    {
      "type": "Feature",
      "id": 349,
      "geometry": {
        "type": "Point",
        "coordinates": [
          42.53767,
          47.721886
        ]
      },
      "properties": {
        "time": "142855"
      }
    },
    {
      "type": "Feature",
      "id": 350,
      "geometry": {
        "type": "Point",
        "coordinates": [
          42.538109,
          47.721977
        ]
      },
      "properties": {
        "time": "142856"
      }
    },
    {
      "type": "Feature",
      "id": 351,
      "geometry": {
        "type": "Point",
        "coordinates": [
          42.538563,
          47.722107
        ]
      },
      "properties": {
        "time": "142857"
      }
    },
    {
      "type": "Feature",
      "id": 352,
      "geometry": {
        "type": "Point",
        "coordinates": [
          42.539009,
          47.722202
        ]
      },
      "properties": {
        "time": "142858"
      }
    },
    {
      "type": "Feature",
      "id": 353,
      "geometry": {
        "type": "Point",
        "coordinates": [
          42.539459,
          47.722298
        ]
      },
      "properties": {
        "time": "142859"
      }
    },
    {
      "type": "Feature",
      "id": 354,
      "geometry": {
        "type": "Point",
        "coordinates": [
          42.539951,
          47.722404
        ]
      },
      "properties": {
        "time": "142860"
      }
    },
    {
      "type": "Feature",
      "id": 355,
      "geometry": {
        "type": "Point",
        "coordinates": [
          42.540466,
          47.7225
        ]
      },
      "properties": {
        "time": "142861"
      }
    },
    {
      "type": "Feature",
      "id": 356,
      "geometry": {
        "type": "Point",
        "coordinates": [
          42.540936,
          47.722599
        ]
      },
      "properties": {
        "time": "142862"
      }
    },
    {
      "type": "Feature",
      "id": 357,
      "geometry": {
        "type": "Point",
        "coordinates": [
          42.541393,
          47.722702
        ]
      },
      "properties": {
        "time": "142863"
      }
    },
    {
      "type": "Feature",
      "id": 358,
      "geometry": {
        "type": "Point",
        "coordinates": [
          42.54187,
          47.72282
        ]
      },
      "properties": {
        "time": "142864"
      }
    },
    {
      "type": "Feature",
      "id": 359,
      "geometry": {
        "type": "Point",
        "coordinates": [
          42.54229,
          47.722893
        ]
      },
      "properties": {
        "time": "142865"
      }
    },
    {
      "type": "Feature",
      "id": 360,
      "geometry": {
        "type": "Point",
        "coordinates": [
          42.542767,
          47.722969
        ]
      },
      "properties": {
        "time": "142866"
      }
    },
    {
      "type": "Feature",
      "id": 361,
      "geometry": {
        "type": "Point",
        "coordinates": [
          42.543285,
          47.723091
        ]
      },
      "properties": {
        "time": "142867"
      }
    },
    {
      "type": "Feature",
      "id": 362,
      "geometry": {
        "type": "Point",
        "coordinates": [
          42.543808,
          47.723206
        ]
      },
      "properties": {
        "time": "142868"
      }
    },
    {
      "type": "Feature",
      "id": 363,
      "geometry": {
        "type": "Point",
        "coordinates": [
          42.544346,
          47.723358
        ]
      },
      "properties": {
        "time": "142869"
      }
    },
    {
      "type": "Feature",
      "id": 364,
      "geometry": {
        "type": "Point",
        "coordinates": [
          42.544857,
          47.723488
        ]
      },
      "properties": {
        "time": "142870"
      }
    },
    {
      "type": "Feature",
      "id": 365,
      "geometry": {
        "type": "Point",
        "coordinates": [
          42.545322,
          47.723576
        ]
      },
      "properties": {
        "time": "142871"
      }
    },
    {
      "type": "Feature",
      "id": 366,
      "geometry": {
        "type": "Point",
        "coordinates": [
          42.545845,
          47.723717
        ]
      },
      "properties": {
        "time": "142872"
      }
    },
    {
      "type": "Feature",
      "id": 367,
      "geometry": {
        "type": "Point",
        "coordinates": [
          42.546242,
          47.723736
        ]
      },
      "properties": {
        "time": "142873"
      }
    },
    {
      "type": "Feature",
      "id": 368,
      "geometry": {
        "type": "Point",
        "coordinates": [
          42.54665,
          47.723724
        ]
      },
      "properties": {
        "time": "142874"
      }
    },
    {
      "type": "Feature",
      "id": 369,
      "geometry": {
        "type": "Point",
        "coordinates": [
          42.547173,
          47.723866
        ]
      },
      "properties": {
        "time": "142875"
      }
    },
    {
      "type": "Feature",
      "id": 370,
      "geometry": {
        "type": "Point",
        "coordinates": [
          42.54768,
          47.724003
        ]
      },
      "properties": {
        "time": "142876"
      }
    },
    {
      "type": "Feature",
      "id": 371,
      "geometry": {
        "type": "Point",
        "coordinates": [
          42.548264,
          47.724194
        ]
      },
      "properties": {
        "time": "142877"
      }
    },
    {
      "type": "Feature",
      "id": 372,
      "geometry": {
        "type": "Point",
        "coordinates": [
          42.548698,
          47.7243
        ]
      },
      "properties": {
        "time": "142878"
      }
    },
    {
      "type": "Feature",
      "id": 373,
      "geometry": {
        "type": "Point",
        "coordinates": [
          42.549202,
          47.724438
        ]
      },
      "properties": {
        "time": "142879"
      }
    },
    {
      "type": "Feature",
      "id": 374,
      "geometry": {
        "type": "Point",
        "coordinates": [
          42.549721,
          47.724586
        ]
      },
      "properties": {
        "time": "142880"
      }
    },
    {
      "type": "Feature",
      "id": 375,
      "geometry": {
        "type": "Point",
        "coordinates": [
          42.550163,
          47.724716
        ]
      },
      "properties": {
        "time": "142881"
      }
    },
    {
      "type": "Feature",
      "id": 376,
      "geometry": {
        "type": "Point",
        "coordinates": [
          42.550587,
          47.724804
        ]
      },
      "properties": {
        "time": "142882"
      }
    },
    {
      "type": "Feature",
      "id": 377,
      "geometry": {
        "type": "Point",
        "coordinates": [
          42.551064,
          47.724895
        ]
      },
      "properties": {
        "time": "142883"
      }
    },
    {
      "type": "Feature",
      "id": 378,
      "geometry": {
        "type": "Point",
        "coordinates": [
          42.551559,
          47.725021
        ]
      },
      "properties": {
        "time": "142884"
      }
    },
    {
      "type": "Feature",
      "id": 379,
      "geometry": {
        "type": "Point",
        "coordinates": [
          42.552013,
          47.725117
        ]
      },
      "properties": {
        "time": "142885"
      }
    },
    {
      "type": "Feature",
      "id": 380,
      "geometry": {
        "type": "Point",
        "coordinates": [
          42.552505,
          47.72522
        ]
      },
      "properties": {
        "time": "142886"
      }
    },
    {
      "type": "Feature",
      "id": 381,
      "geometry": {
        "type": "Point",
        "coordinates": [
          42.552887,
          47.72538
        ]
      },
      "properties": {
        "time": "142887"
      }
    },
    {
      "type": "Feature",
      "id": 382,
      "geometry": {
        "type": "Point",
        "coordinates": [
          42.553307,
          47.725498
        ]
      },
      "properties": {
        "time": "142888"
      }
    },
    {
      "type": "Feature",
      "id": 383,
      "geometry": {
        "type": "Point",
        "coordinates": [
          42.55378,
          47.725597
        ]
      },
      "properties": {
        "time": "142889"
      }
    },
    {
      "type": "Feature",
      "id": 384,
      "geometry": {
        "type": "Point",
        "coordinates": [
          42.554245,
          47.7257
        ]
      },
      "properties": {
        "time": "142890"
      }
    },
    {
      "type": "Feature",
      "id": 385,
      "geometry": {
        "type": "Point",
        "coordinates": [
          42.554771,
          47.725773
        ]
      },
      "properties": {
        "time": "142891"
      }
    },
    {
      "type": "Feature",
      "id": 386,
      "geometry": {
        "type": "Point",
        "coordinates": [
          42.555275,
          47.725861
        ]
      },
      "properties": {
        "time": "142892"
      }
    },
    {
      "type": "Feature",
      "id": 387,
      "geometry": {
        "type": "Point",
        "coordinates": [
          42.555771,
          47.725937
        ]
      },
      "properties": {
        "time": "142893"
      }
    },
    {
      "type": "Feature",
      "id": 388,
      "geometry": {
        "type": "Point",
        "coordinates": [
          42.556263,
          47.726021
        ]
      },
      "properties": {
        "time": "142894"
      }
    },
    {
      "type": "Feature",
      "id": 389,
      "geometry": {
        "type": "Point",
        "coordinates": [
          42.556744,
          47.726112
        ]
      },
      "properties": {
        "time": "142895"
      }
    },
    {
      "type": "Feature",
      "id": 390,
      "geometry": {
        "type": "Point",
        "coordinates": [
          42.55724,
          47.726208
        ]
      },
      "properties": {
        "time": "142896"
      }
    },
    {
      "type": "Feature",
      "id": 391,
      "geometry": {
        "type": "Point",
        "coordinates": [
          42.557728,
          47.726311
        ]
      },
      "properties": {
        "time": "142897"
      }
    },
    {
      "type": "Feature",
      "id": 392,
      "geometry": {
        "type": "Point",
        "coordinates": [
          42.558212,
          47.726421
        ]
      },
      "properties": {
        "time": "142898"
      }
    },
    {
      "type": "Feature",
      "id": 393,
      "geometry": {
        "type": "Point",
        "coordinates": [
          42.558697,
          47.726536
        ]
      },
      "properties": {
        "time": "142899"
      }
    },
    {
      "type": "Feature",
      "id": 394,
      "geometry": {
        "type": "Point",
        "coordinates": [
          42.55917,
          47.726643
        ]
      },
      "properties": {
        "time": "142900"
      }
    },
    {
      "type": "Feature",
      "id": 395,
      "geometry": {
        "type": "Point",
        "coordinates": [
          42.559647,
          47.726738
        ]
      },
      "properties": {
        "time": "142901"
      }
    },
    {
      "type": "Feature",
      "id": 396,
      "geometry": {
        "type": "Point",
        "coordinates": [
          42.560131,
          47.726837
        ]
      },
      "properties": {
        "time": "142902"
      }
    },
    {
      "type": "Feature",
      "id": 397,
      "geometry": {
        "type": "Point",
        "coordinates": [
          42.560612,
          47.726933
        ]
      },
      "properties": {
        "time": "142903"
      }
    },
    {
      "type": "Feature",
      "id": 398,
      "geometry": {
        "type": "Point",
        "coordinates": [
          42.561089,
          47.727032
        ]
      },
      "properties": {
        "time": "142904"
      }
    },
    {
      "type": "Feature",
      "id": 399,
      "geometry": {
        "type": "Point",
        "coordinates": [
          42.561573,
          47.727142
        ]
      },
      "properties": {
        "time": "142905"
      }
    },
    {
      "type": "Feature",
      "id": 400,
      "geometry": {
        "type": "Point",
        "coordinates": [
          42.562042,
          47.727242
        ]
      },
      "properties": {
        "time": "142906"
      }
    },
    {
      "type": "Feature",
      "id": 401,
      "geometry": {
        "type": "Point",
        "coordinates": [
          42.562508,
          47.727348
        ]
      },
      "properties": {
        "time": "142907"
      }
    },
    {
      "type": "Feature",
      "id": 402,
      "geometry": {
        "type": "Point",
        "coordinates": [
          42.562943,
          47.72747
        ]
      },
      "properties": {
        "time": "142908"
      }
    },
    {
      "type": "Feature",
      "id": 403,
      "geometry": {
        "type": "Point",
        "coordinates": [
          42.563435,
          47.727589
        ]
      },
      "properties": {
        "time": "142909"
      }
    },
    {
      "type": "Feature",
      "id": 404,
      "geometry": {
        "type": "Point",
        "coordinates": [
          42.563911,
          47.727703
        ]
      },
      "properties": {
        "time": "142910"
      }
    },
    {
      "type": "Feature",
      "id": 405,
      "geometry": {
        "type": "Point",
        "coordinates": [
          42.564415,
          47.727837
        ]
      },
      "properties": {
        "time": "142911"
      }
    },
    {
      "type": "Feature",
      "id": 406,
      "geometry": {
        "type": "Point",
        "coordinates": [
          42.564877,
          47.727951
        ]
      },
      "properties": {
        "time": "142912"
      }
    },
    {
      "type": "Feature",
      "id": 407,
      "geometry": {
        "type": "Point",
        "coordinates": [
          42.565319,
          47.728073
        ]
      },
      "properties": {
        "time": "142913"
      }
    },
    {
      "type": "Feature",
      "id": 408,
      "geometry": {
        "type": "Point",
        "coordinates": [
          42.565758,
          47.728184
        ]
      },
      "properties": {
        "time": "142914"
      }
    },
    {
      "type": "Feature",
      "id": 409,
      "geometry": {
        "type": "Point",
        "coordinates": [
          42.566189,
          47.728291
        ]
      },
      "properties": {
        "time": "142915"
      }
    },
    {
      "type": "Feature",
      "id": 410,
      "geometry": {
        "type": "Point",
        "coordinates": [
          42.566643,
          47.728413
        ]
      },
      "properties": {
        "time": "142916"
      }
    },
    {
      "type": "Feature",
      "id": 411,
      "geometry": {
        "type": "Point",
        "coordinates": [
          42.567108,
          47.728512
        ]
      },
      "properties": {
        "time": "142917"
      }
    },
    {
      "type": "Feature",
      "id": 412,
      "geometry": {
        "type": "Point",
        "coordinates": [
          42.567535,
          47.728642
        ]
      },
      "properties": {
        "time": "142918"
      }
    },
    {
      "type": "Feature",
      "id": 413,
      "geometry": {
        "type": "Point",
        "coordinates": [
          42.567993,
          47.728748
        ]
      },
      "properties": {
        "time": "142919"
      }
    },
    {
      "type": "Feature",
      "id": 414,
      "geometry": {
        "type": "Point",
        "coordinates": [
          42.568508,
          47.728825
        ]
      },
      "properties": {
        "time": "142920"
      }
    },
    {
      "type": "Feature",
      "id": 415,
      "geometry": {
        "type": "Point",
        "coordinates": [
          42.569027,
          47.729
        ]
      },
      "properties": {
        "time": "142921"
      }
    },
    {
      "type": "Feature",
      "id": 416,
      "geometry": {
        "type": "Point",
        "coordinates": [
          42.569283,
          47.729164
        ]
      },
      "properties": {
        "time": "142922"
      }
    },
    {
      "type": "Feature",
      "id": 417,
      "geometry": {
        "type": "Point",
        "coordinates": [
          42.569981,
          47.729267
        ]
      },
      "properties": {
        "time": "142923"
      }
    },
    {
      "type": "Feature",
      "id": 418,
      "geometry": {
        "type": "Point",
        "coordinates": [
          42.570454,
          47.729275
        ]
      },
      "properties": {
        "time": "142924"
      }
    },
    {
      "type": "Feature",
      "id": 419,
      "geometry": {
        "type": "Point",
        "coordinates": [
          42.571098,
          47.729374
        ]
      },
      "properties": {
        "time": "142925"
      }
    },
    {
      "type": "Feature",
      "id": 420,
      "geometry": {
        "type": "Point",
        "coordinates": [
          42.571575,
          47.729576
        ]
      },
      "properties": {
        "time": "142926"
      }
    },
    {
      "type": "Feature",
      "id": 421,
      "geometry": {
        "type": "Point",
        "coordinates": [
          42.57201,
          47.729588
        ]
      },
      "properties": {
        "time": "142927"
      }
    },
    {
      "type": "Feature",
      "id": 422,
      "geometry": {
        "type": "Point",
        "coordinates": [
          42.572342,
          47.729687
        ]
      },
      "properties": {
        "time": "142928"
      }
    },
    {
      "type": "Feature",
      "id": 423,
      "geometry": {
        "type": "Point",
        "coordinates": [
          42.572926,
          47.729771
        ]
      },
      "properties": {
        "time": "142929"
      }
    },
    {
      "type": "Feature",
      "id": 424,
      "geometry": {
        "type": "Point",
        "coordinates": [
          42.573437,
          47.7299
        ]
      },
      "properties": {
        "time": "142930"
      }
    },
    {
      "type": "Feature",
      "id": 425,
      "geometry": {
        "type": "Point",
        "coordinates": [
          42.573841,
          47.729939
        ]
      },
      "properties": {
        "time": "142931"
      }
    },
    {
      "type": "Feature",
      "id": 426,
      "geometry": {
        "type": "Point",
        "coordinates": [
          42.574226,
          47.730057
        ]
      },
      "properties": {
        "time": "142932"
      }
    },
    {
      "type": "Feature",
      "id": 427,
      "geometry": {
        "type": "Point",
        "coordinates": [
          42.574612,
          47.73011
        ]
      },
      "properties": {
        "time": "142933"
      }
    },
    {
      "type": "Feature",
      "id": 428,
      "geometry": {
        "type": "Point",
        "coordinates": [
          42.575043,
          47.730095
        ]
      },
      "properties": {
        "time": "142934"
      }
    },
    {
      "type": "Feature",
      "id": 429,
      "geometry": {
        "type": "Point",
        "coordinates": [
          42.575523,
          47.730145
        ]
      },
      "properties": {
        "time": "142935"
      }
    },
    {
      "type": "Feature",
      "id": 430,
      "geometry": {
        "type": "Point",
        "coordinates": [
          42.576088,
          47.730347
        ]
      },
      "properties": {
        "time": "142936"
      }
    },
    {
      "type": "Feature",
      "id": 431,
      "geometry": {
        "type": "Point",
        "coordinates": [
          42.576633,
          47.730568
        ]
      },
      "properties": {
        "time": "142937"
      }
    },
    {
      "type": "Feature",
      "id": 432,
      "geometry": {
        "type": "Point",
        "coordinates": [
          42.57719,
          47.730824
        ]
      },
      "properties": {
        "time": "142938"
      }
    },
    {
      "type": "Feature",
      "id": 433,
      "geometry": {
        "type": "Point",
        "coordinates": [
          42.577644,
          47.730984
        ]
      },
      "properties": {
        "time": "142939"
      }
    },
    {
      "type": "Feature",
      "id": 434,
      "geometry": {
        "type": "Point",
        "coordinates": [
          42.578007,
          47.731087
        ]
      },
      "properties": {
        "time": "142940"
      }
    },
    {
      "type": "Feature",
      "id": 435,
      "geometry": {
        "type": "Point",
        "coordinates": [
          42.57843,
          47.731194
        ]
      },
      "properties": {
        "time": "142941"
      }
    },
    {
      "type": "Feature",
      "id": 436,
      "geometry": {
        "type": "Point",
        "coordinates": [
          42.579079,
          47.731377
        ]
      },
      "properties": {
        "time": "142942"
      }
    },
    {
      "type": "Feature",
      "id": 437,
      "geometry": {
        "type": "Point",
        "coordinates": [
          42.579807,
          47.731506
        ]
      },
      "properties": {
        "time": "142943"
      }
    },
    {
      "type": "Feature",
      "id": 438,
      "geometry": {
        "type": "Point",
        "coordinates": [
          42.580475,
          47.731621
        ]
      },
      "properties": {
        "time": "142944"
      }
    },
    {
      "type": "Feature",
      "id": 439,
      "geometry": {
        "type": "Point",
        "coordinates": [
          42.581047,
          47.731758
        ]
      },
      "properties": {
        "time": "142945"
      }
    },
    {
      "type": "Feature",
      "id": 440,
      "geometry": {
        "type": "Point",
        "coordinates": [
          42.581512,
          47.731831
        ]
      },
      "properties": {
        "time": "142946"
      }
    },
    {
      "type": "Feature",
      "id": 441,
      "geometry": {
        "type": "Point",
        "coordinates": [
          42.581959,
          47.731934
        ]
      },
      "properties": {
        "time": "142947"
      }
    },
    {
      "type": "Feature",
      "id": 442,
      "geometry": {
        "type": "Point",
        "coordinates": [
          42.58239,
          47.732037
        ]
      },
      "properties": {
        "time": "142948"
      }
    },
    {
      "type": "Feature",
      "id": 443,
      "geometry": {
        "type": "Point",
        "coordinates": [
          42.582745,
          47.732159
        ]
      },
      "properties": {
        "time": "142949"
      }
    },
    {
      "type": "Feature",
      "id": 444,
      "geometry": {
        "type": "Point",
        "coordinates": [
          42.583183,
          47.732277
        ]
      },
      "properties": {
        "time": "142950"
      }
    },
    {
      "type": "Feature",
      "id": 445,
      "geometry": {
        "type": "Point",
        "coordinates": [
          42.583591,
          47.732403
        ]
      },
      "properties": {
        "time": "142951"
      }
    },
    {
      "type": "Feature",
      "id": 446,
      "geometry": {
        "type": "Point",
        "coordinates": [
          42.583965,
          47.732536
        ]
      },
      "properties": {
        "time": "142952"
      }
    },
    {
      "type": "Feature",
      "id": 447,
      "geometry": {
        "type": "Point",
        "coordinates": [
          42.584373,
          47.732639
        ]
      },
      "properties": {
        "time": "142953"
      }
    },
    {
      "type": "Feature",
      "id": 448,
      "geometry": {
        "type": "Point",
        "coordinates": [
          42.584766,
          47.732746
        ]
      },
      "properties": {
        "time": "142954"
      }
    },
    {
      "type": "Feature",
      "id": 449,
      "geometry": {
        "type": "Point",
        "coordinates": [
          42.585278,
          47.732899
        ]
      },
      "properties": {
        "time": "142955"
      }
    },
    {
      "type": "Feature",
      "id": 450,
      "geometry": {
        "type": "Point",
        "coordinates": [
          42.585964,
          47.733059
        ]
      },
      "properties": {
        "time": "142956"
      }
    },
    {
      "type": "Feature",
      "id": 451,
      "geometry": {
        "type": "Point",
        "coordinates": [
          42.586613,
          47.733234
        ]
      },
      "properties": {
        "time": "142957"
      }
    },
    {
      "type": "Feature",
      "id": 452,
      "geometry": {
        "type": "Point",
        "coordinates": [
          42.58707,
          47.733356
        ]
      },
      "properties": {
        "time": "142958"
      }
    },
    {
      "type": "Feature",
      "id": 453,
      "geometry": {
        "type": "Point",
        "coordinates": [
          42.587543,
          47.733425
        ]
      },
      "properties": {
        "time": "142959"
      }
    },
    {
      "type": "Feature",
      "id": 454,
      "geometry": {
        "type": "Point",
        "coordinates": [
          42.587963,
          47.733498
        ]
      },
      "properties": {
        "time": "142960"
      }
    },
    {
      "type": "Feature",
      "id": 455,
      "geometry": {
        "type": "Point",
        "coordinates": [
          42.588337,
          47.733578
        ]
      },
      "properties": {
        "time": "142961"
      }
    },
    {
      "type": "Feature",
      "id": 456,
      "geometry": {
        "type": "Point",
        "coordinates": [
          42.588753,
          47.733677
        ]
      },
      "properties": {
        "time": "142962"
      }
    },
    {
      "type": "Feature",
      "id": 457,
      "geometry": {
        "type": "Point",
        "coordinates": [
          42.589226,
          47.733799
        ]
      },
      "properties": {
        "time": "142963"
      }
    },
    {
      "type": "Feature",
      "id": 458,
      "geometry": {
        "type": "Point",
        "coordinates": [
          42.589733,
          47.73394
        ]
      },
      "properties": {
        "time": "142964"
      }
    },
    {
      "type": "Feature",
      "id": 459,
      "geometry": {
        "type": "Point",
        "coordinates": [
          42.590286,
          47.734089
        ]
      },
      "properties": {
        "time": "142965"
      }
    },
    {
      "type": "Feature",
      "id": 460,
      "geometry": {
        "type": "Point",
        "coordinates": [
          42.590885,
          47.734253
        ]
      },
      "properties": {
        "time": "142966"
      }
    },
    {
      "type": "Feature",
      "id": 461,
      "geometry": {
        "type": "Point",
        "coordinates": [
          42.591438,
          47.734512
        ]
      },
      "properties": {
        "time": "142967"
      }
    },
    {
      "type": "Feature",
      "id": 462,
      "geometry": {
        "type": "Point",
        "coordinates": [
          42.59177,
          47.734612
        ]
      },
      "properties": {
        "time": "142968"
      }
    },
    {
      "type": "Feature",
      "id": 463,
      "geometry": {
        "type": "Point",
        "coordinates": [
          42.59219,
          47.734642
        ]
      },
      "properties": {
        "time": "142969"
      }
    },
    {
      "type": "Feature",
      "id": 464,
      "geometry": {
        "type": "Point",
        "coordinates": [
          42.592594,
          47.734688
        ]
      },
      "properties": {
        "time": "142970"
      }
    },
    {
      "type": "Feature",
      "id": 465,
      "geometry": {
        "type": "Point",
        "coordinates": [
          42.593014,
          47.734779
        ]
      },
      "properties": {
        "time": "142971"
      }
    },
    {
      "type": "Feature",
      "id": 466,
      "geometry": {
        "type": "Point",
        "coordinates": [
          42.593475,
          47.734859
        ]
      },
      "properties": {
        "time": "142972"
      }
    },
    {
      "type": "Feature",
      "id": 467,
      "geometry": {
        "type": "Point",
        "coordinates": [
          42.593918,
          47.734989
        ]
      },
      "properties": {
        "time": "142973"
      }
    },
    {
      "type": "Feature",
      "id": 468,
      "geometry": {
        "type": "Point",
        "coordinates": [
          42.59436,
          47.735153
        ]
      },
      "properties": {
        "time": "142974"
      }
    },
    {
      "type": "Feature",
      "id": 469,
      "geometry": {
        "type": "Point",
        "coordinates": [
          42.594849,
          47.735382
        ]
      },
      "properties": {
        "time": "142975"
      }
    },
    {
      "type": "Feature",
      "id": 470,
      "geometry": {
        "type": "Point",
        "coordinates": [
          42.595337,
          47.735451
        ]
      },
      "properties": {
        "time": "142976"
      }
    },
    {
      "type": "Feature",
      "id": 471,
      "geometry": {
        "type": "Point",
        "coordinates": [
          42.595795,
          47.735592
        ]
      },
      "properties": {
        "time": "142977"
      }
    },
    {
      "type": "Feature",
      "id": 472,
      "geometry": {
        "type": "Point",
        "coordinates": [
          42.596306,
          47.735756
        ]
      },
      "properties": {
        "time": "142978"
      }
    },
    {
      "type": "Feature",
      "id": 473,
      "geometry": {
        "type": "Point",
        "coordinates": [
          42.596817,
          47.735825
        ]
      },
      "properties": {
        "time": "142979"
      }
    },
    {
      "type": "Feature",
      "id": 474,
      "geometry": {
        "type": "Point",
        "coordinates": [
          42.597324,
          47.735859
        ]
      },
      "properties": {
        "time": "142980"
      }
    },
    {
      "type": "Feature",
      "id": 475,
      "geometry": {
        "type": "Point",
        "coordinates": [
          42.59779,
          47.735947
        ]
      },
      "properties": {
        "time": "142981"
      }
    },
    {
      "type": "Feature",
      "id": 476,
      "geometry": {
        "type": "Point",
        "coordinates": [
          42.598236,
          47.736053
        ]
      },
      "properties": {
        "time": "142982"
      }
    },
    {
      "type": "Feature",
      "id": 477,
      "geometry": {
        "type": "Point",
        "coordinates": [
          42.598679,
          47.736206
        ]
      },
      "properties": {
        "time": "142983"
      }
    },
    {
      "type": "Feature",
      "id": 478,
      "geometry": {
        "type": "Point",
        "coordinates": [
          42.598999,
          47.736259
        ]
      },
      "properties": {
        "time": "142984"
      }
    },
    {
      "type": "Feature",
      "id": 479,
      "geometry": {
        "type": "Point",
        "coordinates": [
          42.599323,
          47.73645
        ]
      },
      "properties": {
        "time": "142985"
      }
    },
    {
      "type": "Feature",
      "id": 480,
      "geometry": {
        "type": "Point",
        "coordinates": [
          42.599785,
          47.736549
        ]
      },
      "properties": {
        "time": "142986"
      }
    },
    {
      "type": "Feature",
      "id": 481,
      "geometry": {
        "type": "Point",
        "coordinates": [
          42.600285,
          47.736691
        ]
      },
      "properties": {
        "time": "142987"
      }
    },
    {
      "type": "Feature",
      "id": 482,
      "geometry": {
        "type": "Point",
        "coordinates": [
          42.600796,
          47.73695
        ]
      },
      "properties": {
        "time": "142988"
      }
    },
    {
      "type": "Feature",
      "id": 483,
      "geometry": {
        "type": "Point",
        "coordinates": [
          42.601315,
          47.737297
        ]
      },
      "properties": {
        "time": "142989"
      }
    },
    {
      "type": "Feature",
      "id": 484,
      "geometry": {
        "type": "Point",
        "coordinates": [
          42.602013,
          47.737488
        ]
      },
      "properties": {
        "time": "142990"
      }
    },
    {
      "type": "Feature",
      "id": 485,
      "geometry": {
        "type": "Point",
        "coordinates": [
          42.602665,
          47.737507
        ]
      },
      "properties": {
        "time": "142991"
      }
    },
    {
      "type": "Feature",
      "id": 486,
      "geometry": {
        "type": "Point",
        "coordinates": [
          42.603073,
          47.737514
        ]
      },
      "properties": {
        "time": "142992"
      }
    },
    {
      "type": "Feature",
      "id": 487,
      "geometry": {
        "type": "Point",
        "coordinates": [
          42.603451,
          47.737534
        ]
      },
      "properties": {
        "time": "142993"
      }
    },
    {
      "type": "Feature",
      "id": 488,
      "geometry": {
        "type": "Point",
        "coordinates": [
          42.603863,
          47.737583
        ]
      },
      "properties": {
        "time": "142994"
      }
    },
    {
      "type": "Feature",
      "id": 489,
      "geometry": {
        "type": "Point",
        "coordinates": [
          42.604309,
          47.737675
        ]
      },
      "properties": {
        "time": "142995"
      }
    },
    {
      "type": "Feature",
      "id": 490,
      "geometry": {
        "type": "Point",
        "coordinates": [
          42.604816,
          47.737823
        ]
      },
      "properties": {
        "time": "142996"
      }
    },
    {
      "type": "Feature",
      "id": 491,
      "geometry": {
        "type": "Point",
        "coordinates": [
          42.60537,
          47.738071
        ]
      },
      "properties": {
        "time": "142997"
      }
    },
    {
      "type": "Feature",
      "id": 492,
      "geometry": {
        "type": "Point",
        "coordinates": [
          42.605789,
          47.738235
        ]
      },
      "properties": {
        "time": "142998"
      }
    },
    {
      "type": "Feature",
      "id": 493,
      "geometry": {
        "type": "Point",
        "coordinates": [
          42.606163,
          47.738354
        ]
      },
      "properties": {
        "time": "142999"
      }
    },
    {
      "type": "Feature",
      "id": 494,
      "geometry": {
        "type": "Point",
        "coordinates": [
          42.606632,
          47.738468
        ]
      },
      "properties": {
        "time": "143000"
      }
    },
    {
      "type": "Feature",
      "id": 495,
      "geometry": {
        "type": "Point",
        "coordinates": [
          42.606983,
          47.738533
        ]
      },
      "properties": {
        "time": "143001"
      }
    },
    {
      "type": "Feature",
      "id": 496,
      "geometry": {
        "type": "Point",
        "coordinates": [
          42.607456,
          47.738636
        ]
      },
      "properties": {
        "time": "143002"
      }
    },
    {
      "type": "Feature",
      "id": 497,
      "geometry": {
        "type": "Point",
        "coordinates": [
          42.607956,
          47.738773
        ]
      },
      "properties": {
        "time": "143003"
      }
    },
    {
      "type": "Feature",
      "id": 498,
      "geometry": {
        "type": "Point",
        "coordinates": [
          42.608395,
          47.738899
        ]
      },
      "properties": {
        "time": "143004"
      }
    },
    {
      "type": "Feature",
      "id": 499,
      "geometry": {
        "type": "Point",
        "coordinates": [
          42.608788,
          47.738979
        ]
      },
      "properties": {
        "time": "143005"
      }
    },
    {
      "type": "Feature",
      "id": 500,
      "geometry": {
        "type": "Point",
        "coordinates": [
          42.609577,
          47.73941
        ]
      },
      "properties": {
        "time": "143006"
      }
    },
    {
      "type": "Feature",
      "id": 501,
      "geometry": {
        "type": "Point",
        "coordinates": [
          42.610035,
          47.739532
        ]
      },
      "properties": {
        "time": "143007"
      }
    },
    {
      "type": "Feature",
      "id": 502,
      "geometry": {
        "type": "Point",
        "coordinates": [
          42.610439,
          47.739616
        ]
      },
      "properties": {
        "time": "143008"
      }
    },
    {
      "type": "Feature",
      "id": 503,
      "geometry": {
        "type": "Point",
        "coordinates": [
          42.611107,
          47.739929
        ]
      },
      "properties": {
        "time": "143009"
      }
    },
    {
      "type": "Feature",
      "id": 504,
      "geometry": {
        "type": "Point",
        "coordinates": [
          42.611301,
          47.739876
        ]
      },
      "properties": {
        "time": "143010"
      }
    },
    {
      "type": "Feature",
      "id": 505,
      "geometry": {
        "type": "Point",
        "coordinates": [
          42.611668,
          47.739922
        ]
      },
      "properties": {
        "time": "143011"
      }
    },
    {
      "type": "Feature",
      "id": 506,
      "geometry": {
        "type": "Point",
        "coordinates": [
          42.612144,
          47.739994
        ]
      },
      "properties": {
        "time": "143012"
      }
    },
    {
      "type": "Feature",
      "id": 507,
      "geometry": {
        "type": "Point",
        "coordinates": [
          42.612762,
          47.740238
        ]
      },
      "properties": {
        "time": "143013"
      }
    },
    {
      "type": "Feature",
      "id": 508,
      "geometry": {
        "type": "Point",
        "coordinates": [
          42.61311,
          47.74028
        ]
      },
      "properties": {
        "time": "143014"
      }
    },
    {
      "type": "Feature",
      "id": 509,
      "geometry": {
        "type": "Point",
        "coordinates": [
          42.613487,
          47.740322
        ]
      },
      "properties": {
        "time": "143015"
      }
    },
    {
      "type": "Feature",
      "id": 510,
      "geometry": {
        "type": "Point",
        "coordinates": [
          42.613865,
          47.740265
        ]
      },
      "properties": {
        "time": "143016"
      }
    },
    {
      "type": "Feature",
      "id": 511,
      "geometry": {
        "type": "Point",
        "coordinates": [
          42.614399,
          47.740356
        ]
      },
      "properties": {
        "time": "143017"
      }
    },
    {
      "type": "Feature",
      "id": 512,
      "geometry": {
        "type": "Point",
        "coordinates": [
          42.614876,
          47.740479
        ]
      },
      "properties": {
        "time": "143018"
      }
    },
    {
      "type": "Feature",
      "id": 513,
      "geometry": {
        "type": "Point",
        "coordinates": [
          42.615334,
          47.740616
        ]
      },
      "properties": {
        "time": "143019"
      }
    },
    {
      "type": "Feature",
      "id": 514,
      "geometry": {
        "type": "Point",
        "coordinates": [
          42.615814,
          47.740765
        ]
      },
      "properties": {
        "time": "143020"
      }
    },
    {
      "type": "Feature",
      "id": 515,
      "geometry": {
        "type": "Point",
        "coordinates": [
          42.616085,
          47.740952
        ]
      },
      "properties": {
        "time": "143021"
      }
    },
    {
      "type": "Feature",
      "id": 516,
      "geometry": {
        "type": "Point",
        "coordinates": [
          42.616577,
          47.74107
        ]
      },
      "properties": {
        "time": "143022"
      }
    },
    {
      "type": "Feature",
      "id": 0,
      "geometry": {
        "type": "LineString",
        "coordinates": [
          [
            42.376019,
            47.681076
          ],
          [
            42.376507,
            47.681168
          ],
          [
            42.377014,
            47.681248
          ],
          [
            42.377567,
            47.68132
          ],
          [
            42.378109,
            47.681404
          ],
          [
            42.378555,
            47.681503
          ],
          [
            42.379021,
            47.681595
          ],
          [
            42.379471,
            47.68169
          ],
          [
            42.379929,
            47.681808
          ],
          [
            42.380428,
            47.681934
          ],
          [
            42.380966,
            47.68206
          ],
          [
            42.381557,
            47.682152
          ],
          [
            42.381973,
            47.68227
          ],
          [
            42.382347,
            47.682419
          ],
          [
            42.382687,
            47.682571
          ],
          [
            42.383148,
            47.682705
          ],
          [
            42.383572,
            47.682835
          ],
          [
            42.383957,
            47.68298
          ],
          [
            42.384377,
            47.683086
          ],
          [
            42.384827,
            47.683178
          ],
          [
            42.385303,
            47.683296
          ],
          [
            42.385811,
            47.683422
          ],
          [
            42.386269,
            47.68354
          ],
          [
            42.386692,
            47.683655
          ],
          [
            42.387142,
            47.683777
          ],
          [
            42.387604,
            47.683907
          ],
          [
            42.388031,
            47.68404
          ],
          [
            42.388466,
            47.684174
          ],
          [
            42.38892,
            47.684292
          ],
          [
            42.389389,
            47.684422
          ],
          [
            42.389854,
            47.684555
          ],
          [
            42.390324,
            47.684685
          ],
          [
            42.390785,
            47.684807
          ],
          [
            42.391251,
            47.684929
          ],
          [
            42.391708,
            47.685036
          ],
          [
            42.392162,
            47.685143
          ],
          [
            42.392612,
            47.685253
          ],
          [
            42.393074,
            47.685375
          ],
          [
            42.393536,
            47.685501
          ],
          [
            42.394001,
            47.685623
          ],
          [
            42.394466,
            47.685745
          ],
          [
            42.394928,
            47.685871
          ],
          [
            42.395393,
            47.685993
          ],
          [
            42.395847,
            47.686111
          ],
          [
            42.396305,
            47.686234
          ],
          [
            42.396774,
            47.686363
          ],
          [
            42.397221,
            47.686508
          ],
          [
            42.397663,
            47.686649
          ],
          [
            42.398121,
            47.686752
          ],
          [
            42.398598,
            47.686882
          ],
          [
            42.399063,
            47.686989
          ],
          [
            42.399517,
            47.687084
          ],
          [
            42.399967,
            47.687183
          ],
          [
            42.400425,
            47.687286
          ],
          [
            42.400898,
            47.687401
          ],
          [
            42.401356,
            47.687519
          ],
          [
            42.401814,
            47.68763
          ],
          [
            42.402267,
            47.687737
          ],
          [
            42.402721,
            47.687843
          ],
          [
            42.403183,
            47.68795
          ],
          [
            42.403656,
            47.688053
          ],
          [
            42.404125,
            47.688152
          ],
          [
            42.404602,
            47.688251
          ],
          [
            42.405075,
            47.688332
          ],
          [
            42.405548,
            47.688416
          ],
          [
            42.406033,
            47.688496
          ],
          [
            42.406525,
            47.688541
          ],
          [
            42.407009,
            47.688576
          ],
          [
            42.407471,
            47.688663
          ],
          [
            42.407928,
            47.688778
          ],
          [
            42.40839,
            47.688869
          ],
          [
            42.408867,
            47.688915
          ],
          [
            42.40934,
            47.68898
          ],
          [
            42.409813,
            47.689049
          ],
          [
            42.410282,
            47.689129
          ],
          [
            42.410744,
            47.689198
          ],
          [
            42.411209,
            47.689266
          ],
          [
            42.411674,
            47.689346
          ],
          [
            42.412132,
            47.68943
          ],
          [
            42.412594,
            47.689514
          ],
          [
            42.413067,
            47.68961
          ],
          [
            42.413528,
            47.689716
          ],
          [
            42.41399,
            47.689831
          ],
          [
            42.414448,
            47.689957
          ],
          [
            42.414906,
            47.690083
          ],
          [
            42.415356,
            47.690205
          ],
          [
            42.415806,
            47.690327
          ],
          [
            42.416248,
            47.690441
          ],
          [
            42.416687,
            47.690567
          ],
          [
            42.41713,
            47.690693
          ],
          [
            42.417564,
            47.690823
          ],
          [
            42.418011,
            47.690952
          ],
          [
            42.418484,
            47.691078
          ],
          [
            42.418941,
            47.691196
          ],
          [
            42.419403,
            47.691315
          ],
          [
            42.419865,
            47.691429
          ],
          [
            42.42033,
            47.691544
          ],
          [
            42.420795,
            47.691662
          ],
          [
            42.421261,
            47.691788
          ],
          [
            42.42173,
            47.69191
          ],
          [
            42.422211,
            47.692028
          ],
          [
            42.42268,
            47.692142
          ],
          [
            42.423153,
            47.692257
          ],
          [
            42.423618,
            47.692379
          ],
          [
            42.424088,
            47.692497
          ],
          [
            42.424545,
            47.692631
          ],
          [
            42.425014,
            47.692757
          ],
          [
            42.425476,
            47.692886
          ],
          [
            42.425938,
            47.69302
          ],
          [
            42.426392,
            47.693165
          ],
          [
            42.426849,
            47.693287
          ],
          [
            42.427303,
            47.693413
          ],
          [
            42.427757,
            47.693539
          ],
          [
            42.428211,
            47.693668
          ],
          [
            42.42868,
            47.693783
          ],
          [
            42.42915,
            47.693893
          ],
          [
            42.429623,
            47.694004
          ],
          [
            42.430096,
            47.69413
          ],
          [
            42.430569,
            47.694248
          ],
          [
            42.431019,
            47.694382
          ],
          [
            42.43148,
            47.694496
          ],
          [
            42.431957,
            47.694611
          ],
          [
            42.432426,
            47.69474
          ],
          [
            42.432888,
            47.69487
          ],
          [
            42.43335,
            47.694988
          ],
          [
            42.433811,
            47.695114
          ],
          [
            42.434277,
            47.695236
          ],
          [
            42.434731,
            47.695385
          ],
          [
            42.435196,
            47.695518
          ],
          [
            42.435658,
            47.695641
          ],
          [
            42.436127,
            47.695766
          ],
          [
            42.4366,
            47.695889
          ],
          [
            42.437069,
            47.696011
          ],
          [
            42.437538,
            47.696125
          ],
          [
            42.438004,
            47.696247
          ],
          [
            42.438473,
            47.696384
          ],
          [
            42.438957,
            47.696507
          ],
          [
            42.439404,
            47.696625
          ],
          [
            42.439865,
            47.696785
          ],
          [
            42.44035,
            47.696922
          ],
          [
            42.440815,
            47.697048
          ],
          [
            42.441303,
            47.697189
          ],
          [
            42.441795,
            47.697346
          ],
          [
            42.44228,
            47.697475
          ],
          [
            42.442757,
            47.697601
          ],
          [
            42.443218,
            47.697701
          ],
          [
            42.443684,
            47.697803
          ],
          [
            42.444157,
            47.697903
          ],
          [
            42.444622,
            47.698009
          ],
          [
            42.445087,
            47.69812
          ],
          [
            42.445553,
            47.698231
          ],
          [
            42.446022,
            47.698338
          ],
          [
            42.446507,
            47.698444
          ],
          [
            42.447018,
            47.698578
          ],
          [
            42.447487,
            47.698685
          ],
          [
            42.447948,
            47.698769
          ],
          [
            42.448406,
            47.698853
          ],
          [
            42.448872,
            47.698944
          ],
          [
            42.449333,
            47.699047
          ],
          [
            42.44981,
            47.69915
          ],
          [
            42.450291,
            47.699272
          ],
          [
            42.450745,
            47.699394
          ],
          [
            42.451199,
            47.699516
          ],
          [
            42.45166,
            47.699627
          ],
          [
            42.452137,
            47.69973
          ],
          [
            42.45261,
            47.699848
          ],
          [
            42.453072,
            47.699989
          ],
          [
            42.453522,
            47.700123
          ],
          [
            42.453968,
            47.70026
          ],
          [
            42.45443,
            47.700386
          ],
          [
            42.454891,
            47.700512
          ],
          [
            42.455364,
            47.70063
          ],
          [
            42.455845,
            47.700748
          ],
          [
            42.456326,
            47.700867
          ],
          [
            42.456802,
            47.700993
          ],
          [
            42.457279,
            47.701115
          ],
          [
            42.457752,
            47.701229
          ],
          [
            42.458221,
            47.701351
          ],
          [
            42.458702,
            47.7015
          ],
          [
            42.459194,
            47.701645
          ],
          [
            42.459652,
            47.701805
          ],
          [
            42.460133,
            47.701916
          ],
          [
            42.460594,
            47.70203
          ],
          [
            42.461075,
            47.702129
          ],
          [
            42.461555,
            47.702244
          ],
          [
            42.462048,
            47.702347
          ],
          [
            42.462528,
            47.702473
          ],
          [
            42.462986,
            47.702583
          ],
          [
            42.463444,
            47.702698
          ],
          [
            42.463905,
            47.702808
          ],
          [
            42.46439,
            47.702953
          ],
          [
            42.46484,
            47.70306
          ],
          [
            42.465275,
            47.703167
          ],
          [
            42.46574,
            47.70332
          ],
          [
            42.466209,
            47.703461
          ],
          [
            42.466679,
            47.703575
          ],
          [
            42.46714,
            47.703693
          ],
          [
            42.467598,
            47.703812
          ],
          [
            42.468075,
            47.703949
          ],
          [
            42.468552,
            47.704063
          ],
          [
            42.469048,
            47.704182
          ],
          [
            42.469555,
            47.704292
          ],
          [
            42.470028,
            47.70443
          ],
          [
            42.47052,
            47.704571
          ],
          [
            42.470989,
            47.704697
          ],
          [
            42.471443,
            47.7048
          ],
          [
            42.471893,
            47.704922
          ],
          [
            42.472324,
            47.705051
          ],
          [
            42.472805,
            47.705177
          ],
          [
            42.473293,
            47.70528
          ],
          [
            42.473743,
            47.705387
          ],
          [
            42.474186,
            47.705475
          ],
          [
            42.474674,
            47.705597
          ],
          [
            42.475197,
            47.705723
          ],
          [
            42.475727,
            47.705906
          ],
          [
            42.476238,
            47.706043
          ],
          [
            42.47673,
            47.706173
          ],
          [
            42.477142,
            47.706257
          ],
          [
            42.477589,
            47.706348
          ],
          [
            42.478027,
            47.706444
          ],
          [
            42.478485,
            47.706554
          ],
          [
            42.478939,
            47.706676
          ],
          [
            42.479408,
            47.706833
          ],
          [
            42.479858,
            47.70694
          ],
          [
            42.480278,
            47.70702
          ],
          [
            42.480698,
            47.707073
          ],
          [
            42.48114,
            47.707211
          ],
          [
            42.481632,
            47.707367
          ],
          [
            42.482117,
            47.707497
          ],
          [
            42.482586,
            47.7076
          ],
          [
            42.483116,
            47.707699
          ],
          [
            42.483612,
            47.707794
          ],
          [
            42.484161,
            47.707905
          ],
          [
            42.484756,
            47.708019
          ],
          [
            42.485321,
            47.708145
          ],
          [
            42.48576,
            47.708241
          ],
          [
            42.486168,
            47.708321
          ],
          [
            42.486614,
            47.708397
          ],
          [
            42.487099,
            47.708469
          ],
          [
            42.487572,
            47.708565
          ],
          [
            42.488033,
            47.708664
          ],
          [
            42.488499,
            47.708763
          ],
          [
            42.488964,
            47.708866
          ],
          [
            42.489449,
            47.708961
          ],
          [
            42.489918,
            47.709064
          ],
          [
            42.490391,
            47.709179
          ],
          [
            42.490887,
            47.709309
          ],
          [
            42.491386,
            47.709431
          ],
          [
            42.491814,
            47.70953
          ],
          [
            42.492214,
            47.709621
          ],
          [
            42.492649,
            47.709724
          ],
          [
            42.493141,
            47.709843
          ],
          [
            42.49361,
            47.709965
          ],
          [
            42.49408,
            47.710102
          ],
          [
            42.494553,
            47.710232
          ],
          [
            42.495014,
            47.710361
          ],
          [
            42.495461,
            47.71048
          ],
          [
            42.495956,
            47.710648
          ],
          [
            42.496426,
            47.710819
          ],
          [
            42.496834,
            47.710922
          ],
          [
            42.497341,
            47.711098
          ],
          [
            42.497929,
            47.711349
          ],
          [
            42.498543,
            47.711536
          ],
          [
            42.498936,
            47.711582
          ],
          [
            42.499313,
            47.711742
          ],
          [
            42.49976,
            47.711903
          ],
          [
            42.500233,
            47.712074
          ],
          [
            42.500652,
            47.712139
          ],
          [
            42.501137,
            47.712204
          ],
          [
            42.50161,
            47.712238
          ],
          [
            42.502151,
            47.712276
          ],
          [
            42.502613,
            47.712414
          ],
          [
            42.503075,
            47.712559
          ],
          [
            42.503536,
            47.712677
          ],
          [
            42.504005,
            47.712784
          ],
          [
            42.504425,
            47.71278
          ],
          [
            42.50486,
            47.712845
          ],
          [
            42.505318,
            47.71294
          ],
          [
            42.505775,
            47.713062
          ],
          [
            42.506252,
            47.713184
          ],
          [
            42.506718,
            47.713299
          ],
          [
            42.507175,
            47.713406
          ],
          [
            42.507641,
            47.713516
          ],
          [
            42.50811,
            47.713612
          ],
          [
            42.508575,
            47.713718
          ],
          [
            42.509033,
            47.71386
          ],
          [
            42.509499,
            47.713982
          ],
          [
            42.509979,
            47.714092
          ],
          [
            42.510468,
            47.714214
          ],
          [
            42.510979,
            47.71431
          ],
          [
            42.511459,
            47.714417
          ],
          [
            42.511932,
            47.714535
          ],
          [
            42.512383,
            47.714642
          ],
          [
            42.512825,
            47.71476
          ],
          [
            42.513248,
            47.71489
          ],
          [
            42.513691,
            47.715023
          ],
          [
            42.51413,
            47.715149
          ],
          [
            42.514587,
            47.715282
          ],
          [
            42.515041,
            47.715412
          ],
          [
            42.51548,
            47.715561
          ],
          [
            42.515919,
            47.715694
          ],
          [
            42.516361,
            47.715809
          ],
          [
            42.516804,
            47.715939
          ],
          [
            42.517262,
            47.716042
          ],
          [
            42.517727,
            47.716156
          ],
          [
            42.518204,
            47.716278
          ],
          [
            42.518681,
            47.716404
          ],
          [
            42.519138,
            47.71653
          ],
          [
            42.519592,
            47.716663
          ],
          [
            42.520073,
            47.716808
          ],
          [
            42.520542,
            47.716953
          ],
          [
            42.521038,
            47.71714
          ],
          [
            42.521503,
            47.717274
          ],
          [
            42.521973,
            47.717407
          ],
          [
            42.522449,
            47.717518
          ],
          [
            42.52293,
            47.717628
          ],
          [
            42.523399,
            47.717747
          ],
          [
            42.523865,
            47.717865
          ],
          [
            42.524345,
            47.717995
          ],
          [
            42.524826,
            47.718117
          ],
          [
            42.525291,
            47.718235
          ],
          [
            42.525757,
            47.718365
          ],
          [
            42.526207,
            47.718494
          ],
          [
            42.526661,
            47.718628
          ],
          [
            42.527115,
            47.718765
          ],
          [
            42.527557,
            47.718895
          ],
          [
            42.528,
            47.719021
          ],
          [
            42.528458,
            47.719162
          ],
          [
            42.528893,
            47.719322
          ],
          [
            42.529316,
            47.719486
          ],
          [
            42.529778,
            47.71965
          ],
          [
            42.53019,
            47.719856
          ],
          [
            42.530613,
            47.719994
          ],
          [
            42.531002,
            47.720203
          ],
          [
            42.531418,
            47.720379
          ],
          [
            42.531853,
            47.720482
          ],
          [
            42.532291,
            47.720596
          ],
          [
            42.532745,
            47.720722
          ],
          [
            42.533203,
            47.720833
          ],
          [
            42.533642,
            47.720955
          ],
          [
            42.534084,
            47.721077
          ],
          [
            42.534527,
            47.721191
          ],
          [
            42.534977,
            47.721302
          ],
          [
            42.535427,
            47.721394
          ],
          [
            42.535927,
            47.721489
          ],
          [
            42.536388,
            47.721581
          ],
          [
            42.536812,
            47.721684
          ],
          [
            42.537224,
            47.72179
          ],
          [
            42.53767,
            47.721886
          ],
          [
            42.538109,
            47.721977
          ],
          [
            42.538563,
            47.722107
          ],
          [
            42.539009,
            47.722202
          ],
          [
            42.539459,
            47.722298
          ],
          [
            42.539951,
            47.722404
          ],
          [
            42.540466,
            47.7225
          ],
          [
            42.540936,
            47.722599
          ],
          [
            42.541393,
            47.722702
          ],
          [
            42.54187,
            47.72282
          ],
          [
            42.54229,
            47.722893
          ],
          [
            42.542767,
            47.722969
          ],
          [
            42.543285,
            47.723091
          ],
          [
            42.543808,
            47.723206
          ],
          [
            42.544346,
            47.723358
          ],
          [
            42.544857,
            47.723488
          ],
          [
            42.545322,
            47.723576
          ],
          [
            42.545845,
            47.723717
          ],
          [
            42.546242,
            47.723736
          ],
          [
            42.54665,
            47.723724
          ],
          [
            42.547173,
            47.723866
          ],
          [
            42.54768,
            47.724003
          ],
          [
            42.548264,
            47.724194
          ],
          [
            42.548698,
            47.7243
          ],
          [
            42.549202,
            47.724438
          ],
          [
            42.549721,
            47.724586
          ],
          [
            42.550163,
            47.724716
          ],
          [
            42.550587,
            47.724804
          ],
          [
            42.551064,
            47.724895
          ],
          [
            42.551559,
            47.725021
          ],
          [
            42.552013,
            47.725117
          ],
          [
            42.552505,
            47.72522
          ],
          [
            42.552887,
            47.72538
          ],
          [
            42.553307,
            47.725498
          ],
          [
            42.55378,
            47.725597
          ],
          [
            42.554245,
            47.7257
          ],
          [
            42.554771,
            47.725773
          ],
          [
            42.555275,
            47.725861
          ],
          [
            42.555771,
            47.725937
          ],
          [
            42.556263,
            47.726021
          ],
          [
            42.556744,
            47.726112
          ],
          [
            42.55724,
            47.726208
          ],
          [
            42.557728,
            47.726311
          ],
          [
            42.558212,
            47.726421
          ],
          [
            42.558697,
            47.726536
          ],
          [
            42.55917,
            47.726643
          ],
          [
            42.559647,
            47.726738
          ],
          [
            42.560131,
            47.726837
          ],
          [
            42.560612,
            47.726933
          ],
          [
            42.561089,
            47.727032
          ],
          [
            42.561573,
            47.727142
          ],
          [
            42.562042,
            47.727242
          ],
          [
            42.562508,
            47.727348
          ],
          [
            42.562943,
            47.72747
          ],
          [
            42.563435,
            47.727589
          ],
          [
            42.563911,
            47.727703
          ],
          [
            42.564415,
            47.727837
          ],
          [
            42.564877,
            47.727951
          ],
          [
            42.565319,
            47.728073
          ],
          [
            42.565758,
            47.728184
          ],
          [
            42.566189,
            47.728291
          ],
          [
            42.566643,
            47.728413
          ],
          [
            42.567108,
            47.728512
          ],
          [
            42.567535,
            47.728642
          ],
          [
            42.567993,
            47.728748
          ],
          [
            42.568508,
            47.728825
          ],
          [
            42.569027,
            47.729
          ],
          [
            42.569283,
            47.729164
          ],
          [
            42.569981,
            47.729267
          ],
          [
            42.570454,
            47.729275
          ],
          [
            42.571098,
            47.729374
          ],
          [
            42.571575,
            47.729576
          ],
          [
            42.57201,
            47.729588
          ],
          [
            42.572342,
            47.729687
          ],
          [
            42.572926,
            47.729771
          ],
          [
            42.573437,
            47.7299
          ],
          [
            42.573841,
            47.729939
          ],
          [
            42.574226,
            47.730057
          ],
          [
            42.574612,
            47.73011
          ],
          [
            42.575043,
            47.730095
          ],
          [
            42.575523,
            47.730145
          ],
          [
            42.576088,
            47.730347
          ],
          [
            42.576633,
            47.730568
          ],
          [
            42.57719,
            47.730824
          ],
          [
            42.577644,
            47.730984
          ],
          [
            42.578007,
            47.731087
          ],
          [
            42.57843,
            47.731194
          ],
          [
            42.579079,
            47.731377
          ],
          [
            42.579807,
            47.731506
          ],
          [
            42.580475,
            47.731621
          ],
          [
            42.581047,
            47.731758
          ],
          [
            42.581512,
            47.731831
          ],
          [
            42.581959,
            47.731934
          ],
          [
            42.58239,
            47.732037
          ],
          [
            42.582745,
            47.732159
          ],
          [
            42.583183,
            47.732277
          ],
          [
            42.583591,
            47.732403
          ],
          [
            42.583965,
            47.732536
          ],
          [
            42.584373,
            47.732639
          ],
          [
            42.584766,
            47.732746
          ],
          [
            42.585278,
            47.732899
          ],
          [
            42.585964,
            47.733059
          ],
          [
            42.586613,
            47.733234
          ],
          [
            42.58707,
            47.733356
          ],
          [
            42.587543,
            47.733425
          ],
          [
            42.587963,
            47.733498
          ],
          [
            42.588337,
            47.733578
          ],
          [
            42.588753,
            47.733677
          ],
          [
            42.589226,
            47.733799
          ],
          [
            42.589733,
            47.73394
          ],
          [
            42.590286,
            47.734089
          ],
          [
            42.590885,
            47.734253
          ],
          [
            42.591438,
            47.734512
          ],
          [
            42.59177,
            47.734612
          ],
          [
            42.59219,
            47.734642
          ],
          [
            42.592594,
            47.734688
          ],
          [
            42.593014,
            47.734779
          ],
          [
            42.593475,
            47.734859
          ],
          [
            42.593918,
            47.734989
          ],
          [
            42.59436,
            47.735153
          ],
          [
            42.594849,
            47.735382
          ],
          [
            42.595337,
            47.735451
          ],
          [
            42.595795,
            47.735592
          ],
          [
            42.596306,
            47.735756
          ],
          [
            42.596817,
            47.735825
          ],
          [
            42.597324,
            47.735859
          ],
          [
            42.59779,
            47.735947
          ],
          [
            42.598236,
            47.736053
          ],
          [
            42.598679,
            47.736206
          ],
          [
            42.598999,
            47.736259
          ],
          [
            42.599323,
            47.73645
          ],
          [
            42.599785,
            47.736549
          ],
          [
            42.600285,
            47.736691
          ],
          [
            42.600796,
            47.73695
          ],
          [
            42.601315,
            47.737297
          ],
          [
            42.602013,
            47.737488
          ],
          [
            42.602665,
            47.737507
          ],
          [
            42.603073,
            47.737514
          ],
          [
            42.603451,
            47.737534
          ],
          [
            42.603863,
            47.737583
          ],
          [
            42.604309,
            47.737675
          ],
          [
            42.604816,
            47.737823
          ],
          [
            42.60537,
            47.738071
          ],
          [
            42.605789,
            47.738235
          ],
          [
            42.606163,
            47.738354
          ],
          [
            42.606632,
            47.738468
          ],
          [
            42.606983,
            47.738533
          ],
          [
            42.607456,
            47.738636
          ],
          [
            42.607956,
            47.738773
          ],
          [
            42.608395,
            47.738899
          ],
          [
            42.608788,
            47.738979
          ],
          [
            42.609577,
            47.73941
          ],
          [
            42.610035,
            47.739532
          ],
          [
            42.610439,
            47.739616
          ],
          [
            42.611107,
            47.739929
          ],
          [
            42.611301,
            47.739876
          ],
          [
            42.611668,
            47.739922
          ],
          [
            42.612144,
            47.739994
          ],
          [
            42.612762,
            47.740238
          ],
          [
            42.61311,
            47.74028
          ],
          [
            42.613487,
            47.740322
          ],
          [
            42.613865,
            47.740265
          ],
          [
            42.614399,
            47.740356
          ],
          [
            42.614876,
            47.740479
          ],
          [
            42.615334,
            47.740616
          ],
          [
            42.615814,
            47.740765
          ],
          [
            42.616085,
            47.740952
          ],
          [
            42.616577,
            47.74107
          ]
        ]
      },
      "properties": {}
    },
    {
      "type": "Feature",
      "id": 517,
      "geometry": {
        "type": "Point",
        "coordinates": [
          42.376019,
          47.681076
        ]
      },
      "properties": {
        "time": "142507"
      }
    },
    {
      "type": "Feature",
      "id": 518,
      "geometry": {
        "type": "Point",
        "coordinates": [
          42.376507,
          47.681168
        ]
      },
      "properties": {
        "time": "142508"
      }
    },
    {
      "type": "Feature",
      "id": 519,
      "geometry": {
        "type": "Point",
        "coordinates": [
          42.377014,
          47.681248
        ]
      },
      "properties": {
        "time": "142509"
      }
    },
    {
      "type": "Feature",
      "id": 520,
      "geometry": {
        "type": "Point",
        "coordinates": [
          42.377567,
          47.68132
        ]
      },
      "properties": {
        "time": "142510"
      }
    },
    {
      "type": "Feature",
      "id": 521,
      "geometry": {
        "type": "Point",
        "coordinates": [
          42.378109,
          47.681404
        ]
      },
      "properties": {
        "time": "142511"
      }
    },
    {
      "type": "Feature",
      "id": 522,
      "geometry": {
        "type": "Point",
        "coordinates": [
          42.378555,
          47.681503
        ]
      },
      "properties": {
        "time": "142512"
      }
    },
    {
      "type": "Feature",
      "id": 523,
      "geometry": {
        "type": "Point",
        "coordinates": [
          42.379021,
          47.681595
        ]
      },
      "properties": {
        "time": "142513"
      }
    },
    {
      "type": "Feature",
      "id": 524,
      "geometry": {
        "type": "Point",
        "coordinates": [
          42.379471,
          47.68169
        ]
      },
      "properties": {
        "time": "142514"
      }
    },
    {
      "type": "Feature",
      "id": 525,
      "geometry": {
        "type": "Point",
        "coordinates": [
          42.379929,
          47.681808
        ]
      },
      "properties": {
        "time": "142515"
      }
    },
    {
      "type": "Feature",
      "id": 526,
      "geometry": {
        "type": "Point",
        "coordinates": [
          42.380428,
          47.681934
        ]
      },
      "properties": {
        "time": "142516"
      }
    },
    {
      "type": "Feature",
      "id": 527,
      "geometry": {
        "type": "Point",
        "coordinates": [
          42.380966,
          47.68206
        ]
      },
      "properties": {
        "time": "142517"
      }
    },
    {
      "type": "Feature",
      "id": 528,
      "geometry": {
        "type": "Point",
        "coordinates": [
          42.381557,
          47.682152
        ]
      },
      "properties": {
        "time": "142518"
      }
    },
    {
      "type": "Feature",
      "id": 529,
      "geometry": {
        "type": "Point",
        "coordinates": [
          42.381973,
          47.68227
        ]
      },
      "properties": {
        "time": "142519"
      }
    },
    {
      "type": "Feature",
      "id": 530,
      "geometry": {
        "type": "Point",
        "coordinates": [
          42.382347,
          47.682419
        ]
      },
      "properties": {
        "time": "142520"
      }
    },
    {
      "type": "Feature",
      "id": 531,
      "geometry": {
        "type": "Point",
        "coordinates": [
          42.382687,
          47.682571
        ]
      },
      "properties": {
        "time": "142521"
      }
    },
    {
      "type": "Feature",
      "id": 532,
      "geometry": {
        "type": "Point",
        "coordinates": [
          42.383148,
          47.682705
        ]
      },
      "properties": {
        "time": "142522"
      }
    },
    {
      "type": "Feature",
      "id": 533,
      "geometry": {
        "type": "Point",
        "coordinates": [
          42.383572,
          47.682835
        ]
      },
      "properties": {
        "time": "142523"
      }
    },
    {
      "type": "Feature",
      "id": 534,
      "geometry": {
        "type": "Point",
        "coordinates": [
          42.383957,
          47.68298
        ]
      },
      "properties": {
        "time": "142524"
      }
    },
    {
      "type": "Feature",
      "id": 535,
      "geometry": {
        "type": "Point",
        "coordinates": [
          42.384377,
          47.683086
        ]
      },
      "properties": {
        "time": "142525"
      }
    },
    {
      "type": "Feature",
      "id": 536,
      "geometry": {
        "type": "Point",
        "coordinates": [
          42.384827,
          47.683178
        ]
      },
      "properties": {
        "time": "142526"
      }
    },
    {
      "type": "Feature",
      "id": 537,
      "geometry": {
        "type": "Point",
        "coordinates": [
          42.385303,
          47.683296
        ]
      },
      "properties": {
        "time": "142527"
      }
    },
    {
      "type": "Feature",
      "id": 538,
      "geometry": {
        "type": "Point",
        "coordinates": [
          42.385811,
          47.683422
        ]
      },
      "properties": {
        "time": "142528"
      }
    },
    {
      "type": "Feature",
      "id": 539,
      "geometry": {
        "type": "Point",
        "coordinates": [
          42.386269,
          47.68354
        ]
      },
      "properties": {
        "time": "142529"
      }
    },
    {
      "type": "Feature",
      "id": 540,
      "geometry": {
        "type": "Point",
        "coordinates": [
          42.386692,
          47.683655
        ]
      },
      "properties": {
        "time": "142530"
      }
    },
    {
      "type": "Feature",
      "id": 541,
      "geometry": {
        "type": "Point",
        "coordinates": [
          42.387142,
          47.683777
        ]
      },
      "properties": {
        "time": "142531"
      }
    },
    {
      "type": "Feature",
      "id": 542,
      "geometry": {
        "type": "Point",
        "coordinates": [
          42.387604,
          47.683907
        ]
      },
      "properties": {
        "time": "142532"
      }
    },
    {
      "type": "Feature",
      "id": 543,
      "geometry": {
        "type": "Point",
        "coordinates": [
          42.388031,
          47.68404
        ]
      },
      "properties": {
        "time": "142533"
      }
    },
    {
      "type": "Feature",
      "id": 544,
      "geometry": {
        "type": "Point",
        "coordinates": [
          42.388466,
          47.684174
        ]
      },
      "properties": {
        "time": "142534"
      }
    },
    {
      "type": "Feature",
      "id": 545,
      "geometry": {
        "type": "Point",
        "coordinates": [
          42.38892,
          47.684292
        ]
      },
      "properties": {
        "time": "142535"
      }
    },
    {
      "type": "Feature",
      "id": 546,
      "geometry": {
        "type": "Point",
        "coordinates": [
          42.389389,
          47.684422
        ]
      },
      "properties": {
        "time": "142536"
      }
    },
    {
      "type": "Feature",
      "id": 547,
      "geometry": {
        "type": "Point",
        "coordinates": [
          42.389854,
          47.684555
        ]
      },
      "properties": {
        "time": "142537"
      }
    },
    {
      "type": "Feature",
      "id": 548,
      "geometry": {
        "type": "Point",
        "coordinates": [
          42.390324,
          47.684685
        ]
      },
      "properties": {
        "time": "142538"
      }
    },
    {
      "type": "Feature",
      "id": 549,
      "geometry": {
        "type": "Point",
        "coordinates": [
          42.390785,
          47.684807
        ]
      },
      "properties": {
        "time": "142539"
      }
    },
    {
      "type": "Feature",
      "id": 550,
      "geometry": {
        "type": "Point",
        "coordinates": [
          42.391251,
          47.684929
        ]
      },
      "properties": {
        "time": "142540"
      }
    },
    {
      "type": "Feature",
      "id": 551,
      "geometry": {
        "type": "Point",
        "coordinates": [
          42.391708,
          47.685036
        ]
      },
      "properties": {
        "time": "142541"
      }
    },
    {
      "type": "Feature",
      "id": 552,
      "geometry": {
        "type": "Point",
        "coordinates": [
          42.392162,
          47.685143
        ]
      },
      "properties": {
        "time": "142542"
      }
    },
    {
      "type": "Feature",
      "id": 553,
      "geometry": {
        "type": "Point",
        "coordinates": [
          42.392612,
          47.685253
        ]
      },
      "properties": {
        "time": "142543"
      }
    },
    {
      "type": "Feature",
      "id": 554,
      "geometry": {
        "type": "Point",
        "coordinates": [
          42.393074,
          47.685375
        ]
      },
      "properties": {
        "time": "142544"
      }
    },
    {
      "type": "Feature",
      "id": 555,
      "geometry": {
        "type": "Point",
        "coordinates": [
          42.393536,
          47.685501
        ]
      },
      "properties": {
        "time": "142545"
      }
    },
    {
      "type": "Feature",
      "id": 556,
      "geometry": {
        "type": "Point",
        "coordinates": [
          42.394001,
          47.685623
        ]
      },
      "properties": {
        "time": "142546"
      }
    },
    {
      "type": "Feature",
      "id": 557,
      "geometry": {
        "type": "Point",
        "coordinates": [
          42.394466,
          47.685745
        ]
      },
      "properties": {
        "time": "142547"
      }
    },
    {
      "type": "Feature",
      "id": 558,
      "geometry": {
        "type": "Point",
        "coordinates": [
          42.394928,
          47.685871
        ]
      },
      "properties": {
        "time": "142548"
      }
    },
    {
      "type": "Feature",
      "id": 559,
      "geometry": {
        "type": "Point",
        "coordinates": [
          42.395393,
          47.685993
        ]
      },
      "properties": {
        "time": "142549"
      }
    },
    {
      "type": "Feature",
      "id": 560,
      "geometry": {
        "type": "Point",
        "coordinates": [
          42.395847,
          47.686111
        ]
      },
      "properties": {
        "time": "142550"
      }
    },
    {
      "type": "Feature",
      "id": 561,
      "geometry": {
        "type": "Point",
        "coordinates": [
          42.396305,
          47.686234
        ]
      },
      "properties": {
        "time": "142551"
      }
    },
    {
      "type": "Feature",
      "id": 562,
      "geometry": {
        "type": "Point",
        "coordinates": [
          42.396774,
          47.686363
        ]
      },
      "properties": {
        "time": "142552"
      }
    },
    {
      "type": "Feature",
      "id": 563,
      "geometry": {
        "type": "Point",
        "coordinates": [
          42.397221,
          47.686508
        ]
      },
      "properties": {
        "time": "142553"
      }
    },
    {
      "type": "Feature",
      "id": 564,
      "geometry": {
        "type": "Point",
        "coordinates": [
          42.397663,
          47.686649
        ]
      },
      "properties": {
        "time": "142554"
      }
    },
    {
      "type": "Feature",
      "id": 565,
      "geometry": {
        "type": "Point",
        "coordinates": [
          42.398121,
          47.686752
        ]
      },
      "properties": {
        "time": "142555"
      }
    },
    {
      "type": "Feature",
      "id": 566,
      "geometry": {
        "type": "Point",
        "coordinates": [
          42.398598,
          47.686882
        ]
      },
      "properties": {
        "time": "142556"
      }
    },
    {
      "type": "Feature",
      "id": 567,
      "geometry": {
        "type": "Point",
        "coordinates": [
          42.399063,
          47.686989
        ]
      },
      "properties": {
        "time": "142557"
      }
    },
    {
      "type": "Feature",
      "id": 568,
      "geometry": {
        "type": "Point",
        "coordinates": [
          42.399517,
          47.687084
        ]
      },
      "properties": {
        "time": "142558"
      }
    },
    {
      "type": "Feature",
      "id": 569,
      "geometry": {
        "type": "Point",
        "coordinates": [
          42.399967,
          47.687183
        ]
      },
      "properties": {
        "time": "142559"
      }
    },
    {
      "type": "Feature",
      "id": 570,
      "geometry": {
        "type": "Point",
        "coordinates": [
          42.400425,
          47.687286
        ]
      },
      "properties": {
        "time": "142560"
      }
    },
    {
      "type": "Feature",
      "id": 571,
      "geometry": {
        "type": "Point",
        "coordinates": [
          42.400898,
          47.687401
        ]
      },
      "properties": {
        "time": "142561"
      }
    },
    {
      "type": "Feature",
      "id": 572,
      "geometry": {
        "type": "Point",
        "coordinates": [
          42.401356,
          47.687519
        ]
      },
      "properties": {
        "time": "142562"
      }
    },
    {
      "type": "Feature",
      "id": 573,
      "geometry": {
        "type": "Point",
        "coordinates": [
          42.401814,
          47.68763
        ]
      },
      "properties": {
        "time": "142563"
      }
    },
    {
      "type": "Feature",
      "id": 574,
      "geometry": {
        "type": "Point",
        "coordinates": [
          42.402267,
          47.687737
        ]
      },
      "properties": {
        "time": "142564"
      }
    },
    {
      "type": "Feature",
      "id": 575,
      "geometry": {
        "type": "Point",
        "coordinates": [
          42.402721,
          47.687843
        ]
      },
      "properties": {
        "time": "142565"
      }
    },
    {
      "type": "Feature",
      "id": 576,
      "geometry": {
        "type": "Point",
        "coordinates": [
          42.403183,
          47.68795
        ]
      },
      "properties": {
        "time": "142566"
      }
    },
    {
      "type": "Feature",
      "id": 577,
      "geometry": {
        "type": "Point",
        "coordinates": [
          42.403656,
          47.688053
        ]
      },
      "properties": {
        "time": "142567"
      }
    },
    {
      "type": "Feature",
      "id": 578,
      "geometry": {
        "type": "Point",
        "coordinates": [
          42.404125,
          47.688152
        ]
      },
      "properties": {
        "time": "142568"
      }
    },
    {
      "type": "Feature",
      "id": 579,
      "geometry": {
        "type": "Point",
        "coordinates": [
          42.404602,
          47.688251
        ]
      },
      "properties": {
        "time": "142569"
      }
    },
    {
      "type": "Feature",
      "id": 580,
      "geometry": {
        "type": "Point",
        "coordinates": [
          42.405075,
          47.688332
        ]
      },
      "properties": {
        "time": "142570"
      }
    },
    {
      "type": "Feature",
      "id": 581,
      "geometry": {
        "type": "Point",
        "coordinates": [
          42.405548,
          47.688416
        ]
      },
      "properties": {
        "time": "142571"
      }
    },
    {
      "type": "Feature",
      "id": 582,
      "geometry": {
        "type": "Point",
        "coordinates": [
          42.406033,
          47.688496
        ]
      },
      "properties": {
        "time": "142572"
      }
    },
    {
      "type": "Feature",
      "id": 583,
      "geometry": {
        "type": "Point",
        "coordinates": [
          42.406525,
          47.688541
        ]
      },
      "properties": {
        "time": "142573"
      }
    },
    {
      "type": "Feature",
      "id": 584,
      "geometry": {
        "type": "Point",
        "coordinates": [
          42.407009,
          47.688576
        ]
      },
      "properties": {
        "time": "142574"
      }
    },
    {
      "type": "Feature",
      "id": 585,
      "geometry": {
        "type": "Point",
        "coordinates": [
          42.407471,
          47.688663
        ]
      },
      "properties": {
        "time": "142575"
      }
    },
    {
      "type": "Feature",
      "id": 586,
      "geometry": {
        "type": "Point",
        "coordinates": [
          42.407928,
          47.688778
        ]
      },
      "properties": {
        "time": "142576"
      }
    },
    {
      "type": "Feature",
      "id": 587,
      "geometry": {
        "type": "Point",
        "coordinates": [
          42.40839,
          47.688869
        ]
      },
      "properties": {
        "time": "142577"
      }
    },
    {
      "type": "Feature",
      "id": 588,
      "geometry": {
        "type": "Point",
        "coordinates": [
          42.408867,
          47.688915
        ]
      },
      "properties": {
        "time": "142578"
      }
    },
    {
      "type": "Feature",
      "id": 589,
      "geometry": {
        "type": "Point",
        "coordinates": [
          42.40934,
          47.68898
        ]
      },
      "properties": {
        "time": "142579"
      }
    },
    {
      "type": "Feature",
      "id": 590,
      "geometry": {
        "type": "Point",
        "coordinates": [
          42.409813,
          47.689049
        ]
      },
      "properties": {
        "time": "142580"
      }
    },
    {
      "type": "Feature",
      "id": 591,
      "geometry": {
        "type": "Point",
        "coordinates": [
          42.410282,
          47.689129
        ]
      },
      "properties": {
        "time": "142581"
      }
    },
    {
      "type": "Feature",
      "id": 592,
      "geometry": {
        "type": "Point",
        "coordinates": [
          42.410744,
          47.689198
        ]
      },
      "properties": {
        "time": "142582"
      }
    },
    {
      "type": "Feature",
      "id": 593,
      "geometry": {
        "type": "Point",
        "coordinates": [
          42.411209,
          47.689266
        ]
      },
      "properties": {
        "time": "142583"
      }
    },
    {
      "type": "Feature",
      "id": 594,
      "geometry": {
        "type": "Point",
        "coordinates": [
          42.411674,
          47.689346
        ]
      },
      "properties": {
        "time": "142584"
      }
    },
    {
      "type": "Feature",
      "id": 595,
      "geometry": {
        "type": "Point",
        "coordinates": [
          42.412132,
          47.68943
        ]
      },
      "properties": {
        "time": "142585"
      }
    },
    {
      "type": "Feature",
      "id": 596,
      "geometry": {
        "type": "Point",
        "coordinates": [
          42.412594,
          47.689514
        ]
      },
      "properties": {
        "time": "142586"
      }
    },
    {
      "type": "Feature",
      "id": 597,
      "geometry": {
        "type": "Point",
        "coordinates": [
          42.413067,
          47.68961
        ]
      },
      "properties": {
        "time": "142587"
      }
    },
    {
      "type": "Feature",
      "id": 598,
      "geometry": {
        "type": "Point",
        "coordinates": [
          42.413528,
          47.689716
        ]
      },
      "properties": {
        "time": "142588"
      }
    },
    {
      "type": "Feature",
      "id": 599,
      "geometry": {
        "type": "Point",
        "coordinates": [
          42.41399,
          47.689831
        ]
      },
      "properties": {
        "time": "142589"
      }
    },
    {
      "type": "Feature",
      "id": 600,
      "geometry": {
        "type": "Point",
        "coordinates": [
          42.414448,
          47.689957
        ]
      },
      "properties": {
        "time": "142590"
      }
    },
    {
      "type": "Feature",
      "id": 601,
      "geometry": {
        "type": "Point",
        "coordinates": [
          42.414906,
          47.690083
        ]
      },
      "properties": {
        "time": "142591"
      }
    },
    {
      "type": "Feature",
      "id": 602,
      "geometry": {
        "type": "Point",
        "coordinates": [
          42.415356,
          47.690205
        ]
      },
      "properties": {
        "time": "142592"
      }
    },
    {
      "type": "Feature",
      "id": 603,
      "geometry": {
        "type": "Point",
        "coordinates": [
          42.415806,
          47.690327
        ]
      },
      "properties": {
        "time": "142593"
      }
    },
    {
      "type": "Feature",
      "id": 604,
      "geometry": {
        "type": "Point",
        "coordinates": [
          42.416248,
          47.690441
        ]
      },
      "properties": {
        "time": "142594"
      }
    },
    {
      "type": "Feature",
      "id": 605,
      "geometry": {
        "type": "Point",
        "coordinates": [
          42.416687,
          47.690567
        ]
      },
      "properties": {
        "time": "142595"
      }
    },
    {
      "type": "Feature",
      "id": 606,
      "geometry": {
        "type": "Point",
        "coordinates": [
          42.41713,
          47.690693
        ]
      },
      "properties": {
        "time": "142596"
      }
    },
    {
      "type": "Feature",
      "id": 607,
      "geometry": {
        "type": "Point",
        "coordinates": [
          42.417564,
          47.690823
        ]
      },
      "properties": {
        "time": "142597"
      }
    },
    {
      "type": "Feature",
      "id": 608,
      "geometry": {
        "type": "Point",
        "coordinates": [
          42.418011,
          47.690952
        ]
      },
      "properties": {
        "time": "142598"
      }
    },
    {
      "type": "Feature",
      "id": 609,
      "geometry": {
        "type": "Point",
        "coordinates": [
          42.418484,
          47.691078
        ]
      },
      "properties": {
        "time": "142599"
      }
    },
    {
      "type": "Feature",
      "id": 610,
      "geometry": {
        "type": "Point",
        "coordinates": [
          42.418941,
          47.691196
        ]
      },
      "properties": {
        "time": "142600"
      }
    },
    {
      "type": "Feature",
      "id": 611,
      "geometry": {
        "type": "Point",
        "coordinates": [
          42.419403,
          47.691315
        ]
      },
      "properties": {
        "time": "142601"
      }
    },
    {
      "type": "Feature",
      "id": 612,
      "geometry": {
        "type": "Point",
        "coordinates": [
          42.419865,
          47.691429
        ]
      },
      "properties": {
        "time": "142602"
      }
    },
    {
      "type": "Feature",
      "id": 613,
      "geometry": {
        "type": "Point",
        "coordinates": [
          42.42033,
          47.691544
        ]
      },
      "properties": {
        "time": "142603"
      }
    },
    {
      "type": "Feature",
      "id": 614,
      "geometry": {
        "type": "Point",
        "coordinates": [
          42.420795,
          47.691662
        ]
      },
      "properties": {
        "time": "142604"
      }
    },
    {
      "type": "Feature",
      "id": 615,
      "geometry": {
        "type": "Point",
        "coordinates": [
          42.421261,
          47.691788
        ]
      },
      "properties": {
        "time": "142605"
      }
    },
    {
      "type": "Feature",
      "id": 616,
      "geometry": {
        "type": "Point",
        "coordinates": [
          42.42173,
          47.69191
        ]
      },
      "properties": {
        "time": "142606"
      }
    },
    {
      "type": "Feature",
      "id": 617,
      "geometry": {
        "type": "Point",
        "coordinates": [
          42.422211,
          47.692028
        ]
      },
      "properties": {
        "time": "142607"
      }
    },
    {
      "type": "Feature",
      "id": 618,
      "geometry": {
        "type": "Point",
        "coordinates": [
          42.42268,
          47.692142
        ]
      },
      "properties": {
        "time": "142608"
      }
    },
    {
      "type": "Feature",
      "id": 619,
      "geometry": {
        "type": "Point",
        "coordinates": [
          42.423153,
          47.692257
        ]
      },
      "properties": {
        "time": "142609"
      }
    },
    {
      "type": "Feature",
      "id": 620,
      "geometry": {
        "type": "Point",
        "coordinates": [
          42.423618,
          47.692379
        ]
      },
      "properties": {
        "time": "142610"
      }
    },
    {
      "type": "Feature",
      "id": 621,
      "geometry": {
        "type": "Point",
        "coordinates": [
          42.424088,
          47.692497
        ]
      },
      "properties": {
        "time": "142611"
      }
    },
    {
      "type": "Feature",
      "id": 622,
      "geometry": {
        "type": "Point",
        "coordinates": [
          42.424545,
          47.692631
        ]
      },
      "properties": {
        "time": "142612"
      }
    },
    {
      "type": "Feature",
      "id": 623,
      "geometry": {
        "type": "Point",
        "coordinates": [
          42.425014,
          47.692757
        ]
      },
      "properties": {
        "time": "142613"
      }
    },
    {
      "type": "Feature",
      "id": 624,
      "geometry": {
        "type": "Point",
        "coordinates": [
          42.425476,
          47.692886
        ]
      },
      "properties": {
        "time": "142614"
      }
    },
    {
      "type": "Feature",
      "id": 625,
      "geometry": {
        "type": "Point",
        "coordinates": [
          42.425938,
          47.69302
        ]
      },
      "properties": {
        "time": "142615"
      }
    },
    {
      "type": "Feature",
      "id": 626,
      "geometry": {
        "type": "Point",
        "coordinates": [
          42.426392,
          47.693165
        ]
      },
      "properties": {
        "time": "142616"
      }
    },
    {
      "type": "Feature",
      "id": 627,
      "geometry": {
        "type": "Point",
        "coordinates": [
          42.426849,
          47.693287
        ]
      },
      "properties": {
        "time": "142617"
      }
    },
    {
      "type": "Feature",
      "id": 628,
      "geometry": {
        "type": "Point",
        "coordinates": [
          42.427303,
          47.693413
        ]
      },
      "properties": {
        "time": "142618"
      }
    },
    {
      "type": "Feature",
      "id": 629,
      "geometry": {
        "type": "Point",
        "coordinates": [
          42.427757,
          47.693539
        ]
      },
      "properties": {
        "time": "142619"
      }
    },
    {
      "type": "Feature",
      "id": 630,
      "geometry": {
        "type": "Point",
        "coordinates": [
          42.428211,
          47.693668
        ]
      },
      "properties": {
        "time": "142620"
      }
    },
    {
      "type": "Feature",
      "id": 631,
      "geometry": {
        "type": "Point",
        "coordinates": [
          42.42868,
          47.693783
        ]
      },
      "properties": {
        "time": "142621"
      }
    },
    {
      "type": "Feature",
      "id": 632,
      "geometry": {
        "type": "Point",
        "coordinates": [
          42.42915,
          47.693893
        ]
      },
      "properties": {
        "time": "142622"
      }
    },
    {
      "type": "Feature",
      "id": 633,
      "geometry": {
        "type": "Point",
        "coordinates": [
          42.429623,
          47.694004
        ]
      },
      "properties": {
        "time": "142623"
      }
    },
    {
      "type": "Feature",
      "id": 634,
      "geometry": {
        "type": "Point",
        "coordinates": [
          42.430096,
          47.69413
        ]
      },
      "properties": {
        "time": "142624"
      }
    },
    {
      "type": "Feature",
      "id": 635,
      "geometry": {
        "type": "Point",
        "coordinates": [
          42.430569,
          47.694248
        ]
      },
      "properties": {
        "time": "142625"
      }
    },
    {
      "type": "Feature",
      "id": 636,
      "geometry": {
        "type": "Point",
        "coordinates": [
          42.431019,
          47.694382
        ]
      },
      "properties": {
        "time": "142626"
      }
    },
    {
      "type": "Feature",
      "id": 637,
      "geometry": {
        "type": "Point",
        "coordinates": [
          42.43148,
          47.694496
        ]
      },
      "properties": {
        "time": "142627"
      }
    },
    {
      "type": "Feature",
      "id": 638,
      "geometry": {
        "type": "Point",
        "coordinates": [
          42.431957,
          47.694611
        ]
      },
      "properties": {
        "time": "142628"
      }
    },
    {
      "type": "Feature",
      "id": 639,
      "geometry": {
        "type": "Point",
        "coordinates": [
          42.432426,
          47.69474
        ]
      },
      "properties": {
        "time": "142629"
      }
    },
    {
      "type": "Feature",
      "id": 640,
      "geometry": {
        "type": "Point",
        "coordinates": [
          42.432888,
          47.69487
        ]
      },
      "properties": {
        "time": "142630"
      }
    },
    {
      "type": "Feature",
      "id": 641,
      "geometry": {
        "type": "Point",
        "coordinates": [
          42.43335,
          47.694988
        ]
      },
      "properties": {
        "time": "142631"
      }
    },
    {
      "type": "Feature",
      "id": 642,
      "geometry": {
        "type": "Point",
        "coordinates": [
          42.433811,
          47.695114
        ]
      },
      "properties": {
        "time": "142632"
      }
    },
    {
      "type": "Feature",
      "id": 643,
      "geometry": {
        "type": "Point",
        "coordinates": [
          42.434277,
          47.695236
        ]
      },
      "properties": {
        "time": "142633"
      }
    },
    {
      "type": "Feature",
      "id": 644,
      "geometry": {
        "type": "Point",
        "coordinates": [
          42.434731,
          47.695385
        ]
      },
      "properties": {
        "time": "142634"
      }
    },
    {
      "type": "Feature",
      "id": 645,
      "geometry": {
        "type": "Point",
        "coordinates": [
          42.435196,
          47.695518
        ]
      },
      "properties": {
        "time": "142635"
      }
    },
    {
      "type": "Feature",
      "id": 646,
      "geometry": {
        "type": "Point",
        "coordinates": [
          42.435658,
          47.695641
        ]
      },
      "properties": {
        "time": "142636"
      }
    },
    {
      "type": "Feature",
      "id": 647,
      "geometry": {
        "type": "Point",
        "coordinates": [
          42.436127,
          47.695766
        ]
      },
      "properties": {
        "time": "142637"
      }
    },
    {
      "type": "Feature",
      "id": 648,
      "geometry": {
        "type": "Point",
        "coordinates": [
          42.4366,
          47.695889
        ]
      },
      "properties": {
        "time": "142638"
      }
    },
    {
      "type": "Feature",
      "id": 649,
      "geometry": {
        "type": "Point",
        "coordinates": [
          42.437069,
          47.696011
        ]
      },
      "properties": {
        "time": "142639"
      }
    },
    {
      "type": "Feature",
      "id": 650,
      "geometry": {
        "type": "Point",
        "coordinates": [
          42.437538,
          47.696125
        ]
      },
      "properties": {
        "time": "142640"
      }
    },
    {
      "type": "Feature",
      "id": 651,
      "geometry": {
        "type": "Point",
        "coordinates": [
          42.438004,
          47.696247
        ]
      },
      "properties": {
        "time": "142641"
      }
    },
    {
      "type": "Feature",
      "id": 652,
      "geometry": {
        "type": "Point",
        "coordinates": [
          42.438473,
          47.696384
        ]
      },
      "properties": {
        "time": "142642"
      }
    },
    {
      "type": "Feature",
      "id": 653,
      "geometry": {
        "type": "Point",
        "coordinates": [
          42.438957,
          47.696507
        ]
      },
      "properties": {
        "time": "142643"
      }
    },
    {
      "type": "Feature",
      "id": 654,
      "geometry": {
        "type": "Point",
        "coordinates": [
          42.439404,
          47.696625
        ]
      },
      "properties": {
        "time": "142644"
      }
    },
    {
      "type": "Feature",
      "id": 655,
      "geometry": {
        "type": "Point",
        "coordinates": [
          42.439865,
          47.696785
        ]
      },
      "properties": {
        "time": "142645"
      }
    },
    {
      "type": "Feature",
      "id": 656,
      "geometry": {
        "type": "Point",
        "coordinates": [
          42.44035,
          47.696922
        ]
      },
      "properties": {
        "time": "142646"
      }
    },
    {
      "type": "Feature",
      "id": 657,
      "geometry": {
        "type": "Point",
        "coordinates": [
          42.440815,
          47.697048
        ]
      },
      "properties": {
        "time": "142647"
      }
    },
    {
      "type": "Feature",
      "id": 658,
      "geometry": {
        "type": "Point",
        "coordinates": [
          42.441303,
          47.697189
        ]
      },
      "properties": {
        "time": "142648"
      }
    },
    {
      "type": "Feature",
      "id": 659,
      "geometry": {
        "type": "Point",
        "coordinates": [
          42.441795,
          47.697346
        ]
      },
      "properties": {
        "time": "142649"
      }
    },
    {
      "type": "Feature",
      "id": 660,
      "geometry": {
        "type": "Point",
        "coordinates": [
          42.44228,
          47.697475
        ]
      },
      "properties": {
        "time": "142650"
      }
    },
    {
      "type": "Feature",
      "id": 661,
      "geometry": {
        "type": "Point",
        "coordinates": [
          42.442757,
          47.697601
        ]
      },
      "properties": {
        "time": "142651"
      }
    },
    {
      "type": "Feature",
      "id": 662,
      "geometry": {
        "type": "Point",
        "coordinates": [
          42.443218,
          47.697701
        ]
      },
      "properties": {
        "time": "142652"
      }
    },
    {
      "type": "Feature",
      "id": 663,
      "geometry": {
        "type": "Point",
        "coordinates": [
          42.443684,
          47.697803
        ]
      },
      "properties": {
        "time": "142653"
      }
    },
    {
      "type": "Feature",
      "id": 664,
      "geometry": {
        "type": "Point",
        "coordinates": [
          42.444157,
          47.697903
        ]
      },
      "properties": {
        "time": "142654"
      }
    },
    {
      "type": "Feature",
      "id": 665,
      "geometry": {
        "type": "Point",
        "coordinates": [
          42.444622,
          47.698009
        ]
      },
      "properties": {
        "time": "142655"
      }
    },
    {
      "type": "Feature",
      "id": 666,
      "geometry": {
        "type": "Point",
        "coordinates": [
          42.445087,
          47.69812
        ]
      },
      "properties": {
        "time": "142656"
      }
    },
    {
      "type": "Feature",
      "id": 667,
      "geometry": {
        "type": "Point",
        "coordinates": [
          42.445553,
          47.698231
        ]
      },
      "properties": {
        "time": "142657"
      }
    },
    {
      "type": "Feature",
      "id": 668,
      "geometry": {
        "type": "Point",
        "coordinates": [
          42.446022,
          47.698338
        ]
      },
      "properties": {
        "time": "142658"
      }
    },
    {
      "type": "Feature",
      "id": 669,
      "geometry": {
        "type": "Point",
        "coordinates": [
          42.446507,
          47.698444
        ]
      },
      "properties": {
        "time": "142659"
      }
    },
    {
      "type": "Feature",
      "id": 670,
      "geometry": {
        "type": "Point",
        "coordinates": [
          42.447018,
          47.698578
        ]
      },
      "properties": {
        "time": "142660"
      }
    },
    {
      "type": "Feature",
      "id": 671,
      "geometry": {
        "type": "Point",
        "coordinates": [
          42.447487,
          47.698685
        ]
      },
      "properties": {
        "time": "142661"
      }
    },
    {
      "type": "Feature",
      "id": 672,
      "geometry": {
        "type": "Point",
        "coordinates": [
          42.447948,
          47.698769
        ]
      },
      "properties": {
        "time": "142662"
      }
    },
    {
      "type": "Feature",
      "id": 673,
      "geometry": {
        "type": "Point",
        "coordinates": [
          42.448406,
          47.698853
        ]
      },
      "properties": {
        "time": "142663"
      }
    },
    {
      "type": "Feature",
      "id": 674,
      "geometry": {
        "type": "Point",
        "coordinates": [
          42.448872,
          47.698944
        ]
      },
      "properties": {
        "time": "142664"
      }
    },
    {
      "type": "Feature",
      "id": 675,
      "geometry": {
        "type": "Point",
        "coordinates": [
          42.449333,
          47.699047
        ]
      },
      "properties": {
        "time": "142665"
      }
    },
    {
      "type": "Feature",
      "id": 676,
      "geometry": {
        "type": "Point",
        "coordinates": [
          42.44981,
          47.69915
        ]
      },
      "properties": {
        "time": "142666"
      }
    },
    {
      "type": "Feature",
      "id": 677,
      "geometry": {
        "type": "Point",
        "coordinates": [
          42.450291,
          47.699272
        ]
      },
      "properties": {
        "time": "142667"
      }
    },
    {
      "type": "Feature",
      "id": 678,
      "geometry": {
        "type": "Point",
        "coordinates": [
          42.450745,
          47.699394
        ]
      },
      "properties": {
        "time": "142668"
      }
    },
    {
      "type": "Feature",
      "id": 679,
      "geometry": {
        "type": "Point",
        "coordinates": [
          42.451199,
          47.699516
        ]
      },
      "properties": {
        "time": "142669"
      }
    },
    {
      "type": "Feature",
      "id": 680,
      "geometry": {
        "type": "Point",
        "coordinates": [
          42.45166,
          47.699627
        ]
      },
      "properties": {
        "time": "142670"
      }
    },
    {
      "type": "Feature",
      "id": 681,
      "geometry": {
        "type": "Point",
        "coordinates": [
          42.452137,
          47.69973
        ]
      },
      "properties": {
        "time": "142671"
      }
    },
    {
      "type": "Feature",
      "id": 682,
      "geometry": {
        "type": "Point",
        "coordinates": [
          42.45261,
          47.699848
        ]
      },
      "properties": {
        "time": "142672"
      }
    },
    {
      "type": "Feature",
      "id": 683,
      "geometry": {
        "type": "Point",
        "coordinates": [
          42.453072,
          47.699989
        ]
      },
      "properties": {
        "time": "142673"
      }
    },
    {
      "type": "Feature",
      "id": 684,
      "geometry": {
        "type": "Point",
        "coordinates": [
          42.453522,
          47.700123
        ]
      },
      "properties": {
        "time": "142674"
      }
    },
    {
      "type": "Feature",
      "id": 685,
      "geometry": {
        "type": "Point",
        "coordinates": [
          42.453968,
          47.70026
        ]
      },
      "properties": {
        "time": "142675"
      }
    },
    {
      "type": "Feature",
      "id": 686,
      "geometry": {
        "type": "Point",
        "coordinates": [
          42.45443,
          47.700386
        ]
      },
      "properties": {
        "time": "142676"
      }
    },
    {
      "type": "Feature",
      "id": 687,
      "geometry": {
        "type": "Point",
        "coordinates": [
          42.454891,
          47.700512
        ]
      },
      "properties": {
        "time": "142677"
      }
    },
    {
      "type": "Feature",
      "id": 688,
      "geometry": {
        "type": "Point",
        "coordinates": [
          42.455364,
          47.70063
        ]
      },
      "properties": {
        "time": "142678"
      }
    },
    {
      "type": "Feature",
      "id": 689,
      "geometry": {
        "type": "Point",
        "coordinates": [
          42.455845,
          47.700748
        ]
      },
      "properties": {
        "time": "142679"
      }
    },
    {
      "type": "Feature",
      "id": 690,
      "geometry": {
        "type": "Point",
        "coordinates": [
          42.456326,
          47.700867
        ]
      },
      "properties": {
        "time": "142680"
      }
    },
    {
      "type": "Feature",
      "id": 691,
      "geometry": {
        "type": "Point",
        "coordinates": [
          42.456802,
          47.700993
        ]
      },
      "properties": {
        "time": "142681"
      }
    },
    {
      "type": "Feature",
      "id": 692,
      "geometry": {
        "type": "Point",
        "coordinates": [
          42.457279,
          47.701115
        ]
      },
      "properties": {
        "time": "142682"
      }
    },
    {
      "type": "Feature",
      "id": 693,
      "geometry": {
        "type": "Point",
        "coordinates": [
          42.457752,
          47.701229
        ]
      },
      "properties": {
        "time": "142683"
      }
    },
    {
      "type": "Feature",
      "id": 694,
      "geometry": {
        "type": "Point",
        "coordinates": [
          42.458221,
          47.701351
        ]
      },
      "properties": {
        "time": "142684"
      }
    },
    {
      "type": "Feature",
      "id": 695,
      "geometry": {
        "type": "Point",
        "coordinates": [
          42.458702,
          47.7015
        ]
      },
      "properties": {
        "time": "142685"
      }
    },
    {
      "type": "Feature",
      "id": 696,
      "geometry": {
        "type": "Point",
        "coordinates": [
          42.459194,
          47.701645
        ]
      },
      "properties": {
        "time": "142686"
      }
    },
    {
      "type": "Feature",
      "id": 697,
      "geometry": {
        "type": "Point",
        "coordinates": [
          42.459652,
          47.701805
        ]
      },
      "properties": {
        "time": "142687"
      }
    },
    {
      "type": "Feature",
      "id": 698,
      "geometry": {
        "type": "Point",
        "coordinates": [
          42.460133,
          47.701916
        ]
      },
      "properties": {
        "time": "142688"
      }
    },
    {
      "type": "Feature",
      "id": 699,
      "geometry": {
        "type": "Point",
        "coordinates": [
          42.460594,
          47.70203
        ]
      },
      "properties": {
        "time": "142689"
      }
    },
    {
      "type": "Feature",
      "id": 700,
      "geometry": {
        "type": "Point",
        "coordinates": [
          42.461075,
          47.702129
        ]
      },
      "properties": {
        "time": "142690"
      }
    },
    {
      "type": "Feature",
      "id": 701,
      "geometry": {
        "type": "Point",
        "coordinates": [
          42.461555,
          47.702244
        ]
      },
      "properties": {
        "time": "142691"
      }
    },
    {
      "type": "Feature",
      "id": 702,
      "geometry": {
        "type": "Point",
        "coordinates": [
          42.462048,
          47.702347
        ]
      },
      "properties": {
        "time": "142692"
      }
    },
    {
      "type": "Feature",
      "id": 703,
      "geometry": {
        "type": "Point",
        "coordinates": [
          42.462528,
          47.702473
        ]
      },
      "properties": {
        "time": "142693"
      }
    },
    {
      "type": "Feature",
      "id": 704,
      "geometry": {
        "type": "Point",
        "coordinates": [
          42.462986,
          47.702583
        ]
      },
      "properties": {
        "time": "142694"
      }
    },
    {
      "type": "Feature",
      "id": 705,
      "geometry": {
        "type": "Point",
        "coordinates": [
          42.463444,
          47.702698
        ]
      },
      "properties": {
        "time": "142695"
      }
    },
    {
      "type": "Feature",
      "id": 706,
      "geometry": {
        "type": "Point",
        "coordinates": [
          42.463905,
          47.702808
        ]
      },
      "properties": {
        "time": "142696"
      }
    },
    {
      "type": "Feature",
      "id": 707,
      "geometry": {
        "type": "Point",
        "coordinates": [
          42.46439,
          47.702953
        ]
      },
      "properties": {
        "time": "142697"
      }
    },
    {
      "type": "Feature",
      "id": 708,
      "geometry": {
        "type": "Point",
        "coordinates": [
          42.46484,
          47.70306
        ]
      },
      "properties": {
        "time": "142698"
      }
    },
    {
      "type": "Feature",
      "id": 709,
      "geometry": {
        "type": "Point",
        "coordinates": [
          42.465275,
          47.703167
        ]
      },
      "properties": {
        "time": "142699"
      }
    },
    {
      "type": "Feature",
      "id": 710,
      "geometry": {
        "type": "Point",
        "coordinates": [
          42.46574,
          47.70332
        ]
      },
      "properties": {
        "time": "142700"
      }
    },
    {
      "type": "Feature",
      "id": 711,
      "geometry": {
        "type": "Point",
        "coordinates": [
          42.466209,
          47.703461
        ]
      },
      "properties": {
        "time": "142701"
      }
    },
    {
      "type": "Feature",
      "id": 712,
      "geometry": {
        "type": "Point",
        "coordinates": [
          42.466679,
          47.703575
        ]
      },
      "properties": {
        "time": "142702"
      }
    },
    {
      "type": "Feature",
      "id": 713,
      "geometry": {
        "type": "Point",
        "coordinates": [
          42.46714,
          47.703693
        ]
      },
      "properties": {
        "time": "142703"
      }
    },
    {
      "type": "Feature",
      "id": 714,
      "geometry": {
        "type": "Point",
        "coordinates": [
          42.467598,
          47.703812
        ]
      },
      "properties": {
        "time": "142704"
      }
    },
    {
      "type": "Feature",
      "id": 715,
      "geometry": {
        "type": "Point",
        "coordinates": [
          42.468075,
          47.703949
        ]
      },
      "properties": {
        "time": "142705"
      }
    },
    {
      "type": "Feature",
      "id": 716,
      "geometry": {
        "type": "Point",
        "coordinates": [
          42.468552,
          47.704063
        ]
      },
      "properties": {
        "time": "142706"
      }
    },
    {
      "type": "Feature",
      "id": 717,
      "geometry": {
        "type": "Point",
        "coordinates": [
          42.469048,
          47.704182
        ]
      },
      "properties": {
        "time": "142707"
      }
    },
    {
      "type": "Feature",
      "id": 718,
      "geometry": {
        "type": "Point",
        "coordinates": [
          42.469555,
          47.704292
        ]
      },
      "properties": {
        "time": "142708"
      }
    },
    {
      "type": "Feature",
      "id": 719,
      "geometry": {
        "type": "Point",
        "coordinates": [
          42.470028,
          47.70443
        ]
      },
      "properties": {
        "time": "142709"
      }
    },
    {
      "type": "Feature",
      "id": 720,
      "geometry": {
        "type": "Point",
        "coordinates": [
          42.47052,
          47.704571
        ]
      },
      "properties": {
        "time": "142710"
      }
    },
    {
      "type": "Feature",
      "id": 721,
      "geometry": {
        "type": "Point",
        "coordinates": [
          42.470989,
          47.704697
        ]
      },
      "properties": {
        "time": "142711"
      }
    },
    {
      "type": "Feature",
      "id": 722,
      "geometry": {
        "type": "Point",
        "coordinates": [
          42.471443,
          47.7048
        ]
      },
      "properties": {
        "time": "142712"
      }
    },
    {
      "type": "Feature",
      "id": 723,
      "geometry": {
        "type": "Point",
        "coordinates": [
          42.471893,
          47.704922
        ]
      },
      "properties": {
        "time": "142713"
      }
    },
    {
      "type": "Feature",
      "id": 724,
      "geometry": {
        "type": "Point",
        "coordinates": [
          42.472324,
          47.705051
        ]
      },
      "properties": {
        "time": "142714"
      }
    },
    {
      "type": "Feature",
      "id": 725,
      "geometry": {
        "type": "Point",
        "coordinates": [
          42.472805,
          47.705177
        ]
      },
      "properties": {
        "time": "142715"
      }
    },
    {
      "type": "Feature",
      "id": 726,
      "geometry": {
        "type": "Point",
        "coordinates": [
          42.473293,
          47.70528
        ]
      },
      "properties": {
        "time": "142716"
      }
    },
    {
      "type": "Feature",
      "id": 727,
      "geometry": {
        "type": "Point",
        "coordinates": [
          42.473743,
          47.705387
        ]
      },
      "properties": {
        "time": "142717"
      }
    },
    {
      "type": "Feature",
      "id": 728,
      "geometry": {
        "type": "Point",
        "coordinates": [
          42.474186,
          47.705475
        ]
      },
      "properties": {
        "time": "142718"
      }
    },
    {
      "type": "Feature",
      "id": 729,
      "geometry": {
        "type": "Point",
        "coordinates": [
          42.474674,
          47.705597
        ]
      },
      "properties": {
        "time": "142719"
      }
    },
    {
      "type": "Feature",
      "id": 730,
      "geometry": {
        "type": "Point",
        "coordinates": [
          42.475197,
          47.705723
        ]
      },
      "properties": {
        "time": "142720"
      }
    },
    {
      "type": "Feature",
      "id": 731,
      "geometry": {
        "type": "Point",
        "coordinates": [
          42.475727,
          47.705906
        ]
      },
      "properties": {
        "time": "142721"
      }
    },
    {
      "type": "Feature",
      "id": 732,
      "geometry": {
        "type": "Point",
        "coordinates": [
          42.476238,
          47.706043
        ]
      },
      "properties": {
        "time": "142722"
      }
    },
    {
      "type": "Feature",
      "id": 733,
      "geometry": {
        "type": "Point",
        "coordinates": [
          42.47673,
          47.706173
        ]
      },
      "properties": {
        "time": "142723"
      }
    },
    {
      "type": "Feature",
      "id": 734,
      "geometry": {
        "type": "Point",
        "coordinates": [
          42.477142,
          47.706257
        ]
      },
      "properties": {
        "time": "142724"
      }
    },
    {
      "type": "Feature",
      "id": 735,
      "geometry": {
        "type": "Point",
        "coordinates": [
          42.477589,
          47.706348
        ]
      },
      "properties": {
        "time": "142725"
      }
    },
    {
      "type": "Feature",
      "id": 736,
      "geometry": {
        "type": "Point",
        "coordinates": [
          42.478027,
          47.706444
        ]
      },
      "properties": {
        "time": "142726"
      }
    },
    {
      "type": "Feature",
      "id": 737,
      "geometry": {
        "type": "Point",
        "coordinates": [
          42.478485,
          47.706554
        ]
      },
      "properties": {
        "time": "142727"
      }
    },
    {
      "type": "Feature",
      "id": 738,
      "geometry": {
        "type": "Point",
        "coordinates": [
          42.478939,
          47.706676
        ]
      },
      "properties": {
        "time": "142728"
      }
    },
    {
      "type": "Feature",
      "id": 739,
      "geometry": {
        "type": "Point",
        "coordinates": [
          42.479408,
          47.706833
        ]
      },
      "properties": {
        "time": "142729"
      }
    },
    {
      "type": "Feature",
      "id": 740,
      "geometry": {
        "type": "Point",
        "coordinates": [
          42.479858,
          47.70694
        ]
      },
      "properties": {
        "time": "142730"
      }
    },
    {
      "type": "Feature",
      "id": 741,
      "geometry": {
        "type": "Point",
        "coordinates": [
          42.480278,
          47.70702
        ]
      },
      "properties": {
        "time": "142731"
      }
    },
    {
      "type": "Feature",
      "id": 742,
      "geometry": {
        "type": "Point",
        "coordinates": [
          42.480698,
          47.707073
        ]
      },
      "properties": {
        "time": "142732"
      }
    },
    {
      "type": "Feature",
      "id": 743,
      "geometry": {
        "type": "Point",
        "coordinates": [
          42.48114,
          47.707211
        ]
      },
      "properties": {
        "time": "142733"
      }
    },
    {
      "type": "Feature",
      "id": 744,
      "geometry": {
        "type": "Point",
        "coordinates": [
          42.481632,
          47.707367
        ]
      },
      "properties": {
        "time": "142734"
      }
    },
    {
      "type": "Feature",
      "id": 745,
      "geometry": {
        "type": "Point",
        "coordinates": [
          42.482117,
          47.707497
        ]
      },
      "properties": {
        "time": "142735"
      }
    },
    {
      "type": "Feature",
      "id": 746,
      "geometry": {
        "type": "Point",
        "coordinates": [
          42.482586,
          47.7076
        ]
      },
      "properties": {
        "time": "142736"
      }
    },
    {
      "type": "Feature",
      "id": 747,
      "geometry": {
        "type": "Point",
        "coordinates": [
          42.483116,
          47.707699
        ]
      },
      "properties": {
        "time": "142737"
      }
    },
    {
      "type": "Feature",
      "id": 748,
      "geometry": {
        "type": "Point",
        "coordinates": [
          42.483612,
          47.707794
        ]
      },
      "properties": {
        "time": "142738"
      }
    },
    {
      "type": "Feature",
      "id": 749,
      "geometry": {
        "type": "Point",
        "coordinates": [
          42.484161,
          47.707905
        ]
      },
      "properties": {
        "time": "142739"
      }
    },
    {
      "type": "Feature",
      "id": 750,
      "geometry": {
        "type": "Point",
        "coordinates": [
          42.484756,
          47.708019
        ]
      },
      "properties": {
        "time": "142740"
      }
    },
    {
      "type": "Feature",
      "id": 751,
      "geometry": {
        "type": "Point",
        "coordinates": [
          42.485321,
          47.708145
        ]
      },
      "properties": {
        "time": "142741"
      }
    },
    {
      "type": "Feature",
      "id": 752,
      "geometry": {
        "type": "Point",
        "coordinates": [
          42.48576,
          47.708241
        ]
      },
      "properties": {
        "time": "142742"
      }
    },
    {
      "type": "Feature",
      "id": 753,
      "geometry": {
        "type": "Point",
        "coordinates": [
          42.486168,
          47.708321
        ]
      },
      "properties": {
        "time": "142743"
      }
    },
    {
      "type": "Feature",
      "id": 754,
      "geometry": {
        "type": "Point",
        "coordinates": [
          42.486614,
          47.708397
        ]
      },
      "properties": {
        "time": "142744"
      }
    },
    {
      "type": "Feature",
      "id": 755,
      "geometry": {
        "type": "Point",
        "coordinates": [
          42.487099,
          47.708469
        ]
      },
      "properties": {
        "time": "142745"
      }
    },
    {
      "type": "Feature",
      "id": 756,
      "geometry": {
        "type": "Point",
        "coordinates": [
          42.487572,
          47.708565
        ]
      },
      "properties": {
        "time": "142746"
      }
    },
    {
      "type": "Feature",
      "id": 757,
      "geometry": {
        "type": "Point",
        "coordinates": [
          42.488033,
          47.708664
        ]
      },
      "properties": {
        "time": "142747"
      }
    },
    {
      "type": "Feature",
      "id": 758,
      "geometry": {
        "type": "Point",
        "coordinates": [
          42.488499,
          47.708763
        ]
      },
      "properties": {
        "time": "142748"
      }
    },
    {
      "type": "Feature",
      "id": 759,
      "geometry": {
        "type": "Point",
        "coordinates": [
          42.488964,
          47.708866
        ]
      },
      "properties": {
        "time": "142749"
      }
    },
    {
      "type": "Feature",
      "id": 760,
      "geometry": {
        "type": "Point",
        "coordinates": [
          42.489449,
          47.708961
        ]
      },
      "properties": {
        "time": "142750"
      }
    },
    {
      "type": "Feature",
      "id": 761,
      "geometry": {
        "type": "Point",
        "coordinates": [
          42.489918,
          47.709064
        ]
      },
      "properties": {
        "time": "142751"
      }
    },
    {
      "type": "Feature",
      "id": 762,
      "geometry": {
        "type": "Point",
        "coordinates": [
          42.490391,
          47.709179
        ]
      },
      "properties": {
        "time": "142752"
      }
    },
    {
      "type": "Feature",
      "id": 763,
      "geometry": {
        "type": "Point",
        "coordinates": [
          42.490887,
          47.709309
        ]
      },
      "properties": {
        "time": "142753"
      }
    },
    {
      "type": "Feature",
      "id": 764,
      "geometry": {
        "type": "Point",
        "coordinates": [
          42.491386,
          47.709431
        ]
      },
      "properties": {
        "time": "142754"
      }
    },
    {
      "type": "Feature",
      "id": 765,
      "geometry": {
        "type": "Point",
        "coordinates": [
          42.491814,
          47.70953
        ]
      },
      "properties": {
        "time": "142755"
      }
    },
    {
      "type": "Feature",
      "id": 766,
      "geometry": {
        "type": "Point",
        "coordinates": [
          42.492214,
          47.709621
        ]
      },
      "properties": {
        "time": "142756"
      }
    },
    {
      "type": "Feature",
      "id": 767,
      "geometry": {
        "type": "Point",
        "coordinates": [
          42.492649,
          47.709724
        ]
      },
      "properties": {
        "time": "142757"
      }
    },
    {
      "type": "Feature",
      "id": 768,
      "geometry": {
        "type": "Point",
        "coordinates": [
          42.493141,
          47.709843
        ]
      },
      "properties": {
        "time": "142758"
      }
    },
    {
      "type": "Feature",
      "id": 769,
      "geometry": {
        "type": "Point",
        "coordinates": [
          42.49361,
          47.709965
        ]
      },
      "properties": {
        "time": "142759"
      }
    },
    {
      "type": "Feature",
      "id": 770,
      "geometry": {
        "type": "Point",
        "coordinates": [
          42.49408,
          47.710102
        ]
      },
      "properties": {
        "time": "142760"
      }
    },
    {
      "type": "Feature",
      "id": 771,
      "geometry": {
        "type": "Point",
        "coordinates": [
          42.494553,
          47.710232
        ]
      },
      "properties": {
        "time": "142761"
      }
    },
    {
      "type": "Feature",
      "id": 772,
      "geometry": {
        "type": "Point",
        "coordinates": [
          42.495014,
          47.710361
        ]
      },
      "properties": {
        "time": "142762"
      }
    },
    {
      "type": "Feature",
      "id": 773,
      "geometry": {
        "type": "Point",
        "coordinates": [
          42.495461,
          47.71048
        ]
      },
      "properties": {
        "time": "142763"
      }
    },
    {
      "type": "Feature",
      "id": 774,
      "geometry": {
        "type": "Point",
        "coordinates": [
          42.495956,
          47.710648
        ]
      },
      "properties": {
        "time": "142764"
      }
    },
    {
      "type": "Feature",
      "id": 775,
      "geometry": {
        "type": "Point",
        "coordinates": [
          42.496426,
          47.710819
        ]
      },
      "properties": {
        "time": "142765"
      }
    },
    {
      "type": "Feature",
      "id": 776,
      "geometry": {
        "type": "Point",
        "coordinates": [
          42.496834,
          47.710922
        ]
      },
      "properties": {
        "time": "142766"
      }
    },
    {
      "type": "Feature",
      "id": 777,
      "geometry": {
        "type": "Point",
        "coordinates": [
          42.497341,
          47.711098
        ]
      },
      "properties": {
        "time": "142767"
      }
    },
    {
      "type": "Feature",
      "id": 778,
      "geometry": {
        "type": "Point",
        "coordinates": [
          42.497929,
          47.711349
        ]
      },
      "properties": {
        "time": "142768"
      }
    },
    {
      "type": "Feature",
      "id": 779,
      "geometry": {
        "type": "Point",
        "coordinates": [
          42.498543,
          47.711536
        ]
      },
      "properties": {
        "time": "142769"
      }
    },
    {
      "type": "Feature",
      "id": 780,
      "geometry": {
        "type": "Point",
        "coordinates": [
          42.498936,
          47.711582
        ]
      },
      "properties": {
        "time": "142770"
      }
    },
    {
      "type": "Feature",
      "id": 781,
      "geometry": {
        "type": "Point",
        "coordinates": [
          42.499313,
          47.711742
        ]
      },
      "properties": {
        "time": "142771"
      }
    },
    {
      "type": "Feature",
      "id": 782,
      "geometry": {
        "type": "Point",
        "coordinates": [
          42.49976,
          47.711903
        ]
      },
      "properties": {
        "time": "142772"
      }
    },
    {
      "type": "Feature",
      "id": 783,
      "geometry": {
        "type": "Point",
        "coordinates": [
          42.500233,
          47.712074
        ]
      },
      "properties": {
        "time": "142773"
      }
    },
    {
      "type": "Feature",
      "id": 784,
      "geometry": {
        "type": "Point",
        "coordinates": [
          42.500652,
          47.712139
        ]
      },
      "properties": {
        "time": "142774"
      }
    },
    {
      "type": "Feature",
      "id": 785,
      "geometry": {
        "type": "Point",
        "coordinates": [
          42.501137,
          47.712204
        ]
      },
      "properties": {
        "time": "142775"
      }
    },
    {
      "type": "Feature",
      "id": 786,
      "geometry": {
        "type": "Point",
        "coordinates": [
          42.50161,
          47.712238
        ]
      },
      "properties": {
        "time": "142776"
      }
    },
    {
      "type": "Feature",
      "id": 787,
      "geometry": {
        "type": "Point",
        "coordinates": [
          42.502151,
          47.712276
        ]
      },
      "properties": {
        "time": "142777"
      }
    },
    {
      "type": "Feature",
      "id": 788,
      "geometry": {
        "type": "Point",
        "coordinates": [
          42.502613,
          47.712414
        ]
      },
      "properties": {
        "time": "142778"
      }
    },
    {
      "type": "Feature",
      "id": 789,
      "geometry": {
        "type": "Point",
        "coordinates": [
          42.503075,
          47.712559
        ]
      },
      "properties": {
        "time": "142779"
      }
    },
    {
      "type": "Feature",
      "id": 790,
      "geometry": {
        "type": "Point",
        "coordinates": [
          42.503536,
          47.712677
        ]
      },
      "properties": {
        "time": "142780"
      }
    },
    {
      "type": "Feature",
      "id": 791,
      "geometry": {
        "type": "Point",
        "coordinates": [
          42.504005,
          47.712784
        ]
      },
      "properties": {
        "time": "142781"
      }
    },
    {
      "type": "Feature",
      "id": 792,
      "geometry": {
        "type": "Point",
        "coordinates": [
          42.504425,
          47.71278
        ]
      },
      "properties": {
        "time": "142782"
      }
    },
    {
      "type": "Feature",
      "id": 793,
      "geometry": {
        "type": "Point",
        "coordinates": [
          42.50486,
          47.712845
        ]
      },
      "properties": {
        "time": "142783"
      }
    },
    {
      "type": "Feature",
      "id": 794,
      "geometry": {
        "type": "Point",
        "coordinates": [
          42.505318,
          47.71294
        ]
      },
      "properties": {
        "time": "142784"
      }
    },
    {
      "type": "Feature",
      "id": 795,
      "geometry": {
        "type": "Point",
        "coordinates": [
          42.505775,
          47.713062
        ]
      },
      "properties": {
        "time": "142785"
      }
    },
    {
      "type": "Feature",
      "id": 796,
      "geometry": {
        "type": "Point",
        "coordinates": [
          42.506252,
          47.713184
        ]
      },
      "properties": {
        "time": "142786"
      }
    },
    {
      "type": "Feature",
      "id": 797,
      "geometry": {
        "type": "Point",
        "coordinates": [
          42.506718,
          47.713299
        ]
      },
      "properties": {
        "time": "142787"
      }
    },
    {
      "type": "Feature",
      "id": 798,
      "geometry": {
        "type": "Point",
        "coordinates": [
          42.507175,
          47.713406
        ]
      },
      "properties": {
        "time": "142788"
      }
    },
    {
      "type": "Feature",
      "id": 799,
      "geometry": {
        "type": "Point",
        "coordinates": [
          42.507641,
          47.713516
        ]
      },
      "properties": {
        "time": "142789"
      }
    },
    {
      "type": "Feature",
      "id": 800,
      "geometry": {
        "type": "Point",
        "coordinates": [
          42.50811,
          47.713612
        ]
      },
      "properties": {
        "time": "142790"
      }
    },
    {
      "type": "Feature",
      "id": 801,
      "geometry": {
        "type": "Point",
        "coordinates": [
          42.508575,
          47.713718
        ]
      },
      "properties": {
        "time": "142791"
      }
    },
    {
      "type": "Feature",
      "id": 802,
      "geometry": {
        "type": "Point",
        "coordinates": [
          42.509033,
          47.71386
        ]
      },
      "properties": {
        "time": "142792"
      }
    },
    {
      "type": "Feature",
      "id": 803,
      "geometry": {
        "type": "Point",
        "coordinates": [
          42.509499,
          47.713982
        ]
      },
      "properties": {
        "time": "142793"
      }
    },
    {
      "type": "Feature",
      "id": 804,
      "geometry": {
        "type": "Point",
        "coordinates": [
          42.509979,
          47.714092
        ]
      },
      "properties": {
        "time": "142794"
      }
    },
    {
      "type": "Feature",
      "id": 805,
      "geometry": {
        "type": "Point",
        "coordinates": [
          42.510468,
          47.714214
        ]
      },
      "properties": {
        "time": "142795"
      }
    },
    {
      "type": "Feature",
      "id": 806,
      "geometry": {
        "type": "Point",
        "coordinates": [
          42.510979,
          47.71431
        ]
      },
      "properties": {
        "time": "142796"
      }
    },
    {
      "type": "Feature",
      "id": 807,
      "geometry": {
        "type": "Point",
        "coordinates": [
          42.511459,
          47.714417
        ]
      },
      "properties": {
        "time": "142797"
      }
    },
    {
      "type": "Feature",
      "id": 808,
      "geometry": {
        "type": "Point",
        "coordinates": [
          42.511932,
          47.714535
        ]
      },
      "properties": {
        "time": "142798"
      }
    },
    {
      "type": "Feature",
      "id": 809,
      "geometry": {
        "type": "Point",
        "coordinates": [
          42.512383,
          47.714642
        ]
      },
      "properties": {
        "time": "142799"
      }
    },
    {
      "type": "Feature",
      "id": 810,
      "geometry": {
        "type": "Point",
        "coordinates": [
          42.512825,
          47.71476
        ]
      },
      "properties": {
        "time": "142800"
      }
    },
    {
      "type": "Feature",
      "id": 811,
      "geometry": {
        "type": "Point",
        "coordinates": [
          42.513248,
          47.71489
        ]
      },
      "properties": {
        "time": "142801"
      }
    },
    {
      "type": "Feature",
      "id": 812,
      "geometry": {
        "type": "Point",
        "coordinates": [
          42.513691,
          47.715023
        ]
      },
      "properties": {
        "time": "142802"
      }
    },
    {
      "type": "Feature",
      "id": 813,
      "geometry": {
        "type": "Point",
        "coordinates": [
          42.51413,
          47.715149
        ]
      },
      "properties": {
        "time": "142803"
      }
    },
    {
      "type": "Feature",
      "id": 814,
      "geometry": {
        "type": "Point",
        "coordinates": [
          42.514587,
          47.715282
        ]
      },
      "properties": {
        "time": "142804"
      }
    },
    {
      "type": "Feature",
      "id": 815,
      "geometry": {
        "type": "Point",
        "coordinates": [
          42.515041,
          47.715412
        ]
      },
      "properties": {
        "time": "142805"
      }
    },
    {
      "type": "Feature",
      "id": 816,
      "geometry": {
        "type": "Point",
        "coordinates": [
          42.51548,
          47.715561
        ]
      },
      "properties": {
        "time": "142806"
      }
    },
    {
      "type": "Feature",
      "id": 817,
      "geometry": {
        "type": "Point",
        "coordinates": [
          42.515919,
          47.715694
        ]
      },
      "properties": {
        "time": "142807"
      }
    },
    {
      "type": "Feature",
      "id": 818,
      "geometry": {
        "type": "Point",
        "coordinates": [
          42.516361,
          47.715809
        ]
      },
      "properties": {
        "time": "142808"
      }
    },
    {
      "type": "Feature",
      "id": 819,
      "geometry": {
        "type": "Point",
        "coordinates": [
          42.516804,
          47.715939
        ]
      },
      "properties": {
        "time": "142809"
      }
    },
    {
      "type": "Feature",
      "id": 820,
      "geometry": {
        "type": "Point",
        "coordinates": [
          42.517262,
          47.716042
        ]
      },
      "properties": {
        "time": "142810"
      }
    },
    {
      "type": "Feature",
      "id": 821,
      "geometry": {
        "type": "Point",
        "coordinates": [
          42.517727,
          47.716156
        ]
      },
      "properties": {
        "time": "142811"
      }
    },
    {
      "type": "Feature",
      "id": 822,
      "geometry": {
        "type": "Point",
        "coordinates": [
          42.518204,
          47.716278
        ]
      },
      "properties": {
        "time": "142812"
      }
    },
    {
      "type": "Feature",
      "id": 823,
      "geometry": {
        "type": "Point",
        "coordinates": [
          42.518681,
          47.716404
        ]
      },
      "properties": {
        "time": "142813"
      }
    },
    {
      "type": "Feature",
      "id": 824,
      "geometry": {
        "type": "Point",
        "coordinates": [
          42.519138,
          47.71653
        ]
      },
      "properties": {
        "time": "142814"
      }
    },
    {
      "type": "Feature",
      "id": 825,
      "geometry": {
        "type": "Point",
        "coordinates": [
          42.519592,
          47.716663
        ]
      },
      "properties": {
        "time": "142815"
      }
    },
    {
      "type": "Feature",
      "id": 826,
      "geometry": {
        "type": "Point",
        "coordinates": [
          42.520073,
          47.716808
        ]
      },
      "properties": {
        "time": "142816"
      }
    },
    {
      "type": "Feature",
      "id": 827,
      "geometry": {
        "type": "Point",
        "coordinates": [
          42.520542,
          47.716953
        ]
      },
      "properties": {
        "time": "142817"
      }
    },
    {
      "type": "Feature",
      "id": 828,
      "geometry": {
        "type": "Point",
        "coordinates": [
          42.521038,
          47.71714
        ]
      },
      "properties": {
        "time": "142818"
      }
    },
    {
      "type": "Feature",
      "id": 829,
      "geometry": {
        "type": "Point",
        "coordinates": [
          42.521503,
          47.717274
        ]
      },
      "properties": {
        "time": "142819"
      }
    },
    {
      "type": "Feature",
      "id": 830,
      "geometry": {
        "type": "Point",
        "coordinates": [
          42.521973,
          47.717407
        ]
      },
      "properties": {
        "time": "142820"
      }
    },
    {
      "type": "Feature",
      "id": 831,
      "geometry": {
        "type": "Point",
        "coordinates": [
          42.522449,
          47.717518
        ]
      },
      "properties": {
        "time": "142821"
      }
    },
    {
      "type": "Feature",
      "id": 832,
      "geometry": {
        "type": "Point",
        "coordinates": [
          42.52293,
          47.717628
        ]
      },
      "properties": {
        "time": "142822"
      }
    },
    {
      "type": "Feature",
      "id": 833,
      "geometry": {
        "type": "Point",
        "coordinates": [
          42.523399,
          47.717747
        ]
      },
      "properties": {
        "time": "142823"
      }
    },
    {
      "type": "Feature",
      "id": 834,
      "geometry": {
        "type": "Point",
        "coordinates": [
          42.523865,
          47.717865
        ]
      },
      "properties": {
        "time": "142824"
      }
    },
    {
      "type": "Feature",
      "id": 835,
      "geometry": {
        "type": "Point",
        "coordinates": [
          42.524345,
          47.717995
        ]
      },
      "properties": {
        "time": "142825"
      }
    },
    {
      "type": "Feature",
      "id": 836,
      "geometry": {
        "type": "Point",
        "coordinates": [
          42.524826,
          47.718117
        ]
      },
      "properties": {
        "time": "142826"
      }
    },
    {
      "type": "Feature",
      "id": 837,
      "geometry": {
        "type": "Point",
        "coordinates": [
          42.525291,
          47.718235
        ]
      },
      "properties": {
        "time": "142827"
      }
    },
    {
      "type": "Feature",
      "id": 838,
      "geometry": {
        "type": "Point",
        "coordinates": [
          42.525757,
          47.718365
        ]
      },
      "properties": {
        "time": "142828"
      }
    },
    {
      "type": "Feature",
      "id": 839,
      "geometry": {
        "type": "Point",
        "coordinates": [
          42.526207,
          47.718494
        ]
      },
      "properties": {
        "time": "142829"
      }
    },
    {
      "type": "Feature",
      "id": 840,
      "geometry": {
        "type": "Point",
        "coordinates": [
          42.526661,
          47.718628
        ]
      },
      "properties": {
        "time": "142830"
      }
    },
    {
      "type": "Feature",
      "id": 841,
      "geometry": {
        "type": "Point",
        "coordinates": [
          42.527115,
          47.718765
        ]
      },
      "properties": {
        "time": "142831"
      }
    },
    {
      "type": "Feature",
      "id": 842,
      "geometry": {
        "type": "Point",
        "coordinates": [
          42.527557,
          47.718895
        ]
      },
      "properties": {
        "time": "142832"
      }
    },
    {
      "type": "Feature",
      "id": 843,
      "geometry": {
        "type": "Point",
        "coordinates": [
          42.528,
          47.719021
        ]
      },
      "properties": {
        "time": "142833"
      }
    },
    {
      "type": "Feature",
      "id": 844,
      "geometry": {
        "type": "Point",
        "coordinates": [
          42.528458,
          47.719162
        ]
      },
      "properties": {
        "time": "142834"
      }
    },
    {
      "type": "Feature",
      "id": 845,
      "geometry": {
        "type": "Point",
        "coordinates": [
          42.528893,
          47.719322
        ]
      },
      "properties": {
        "time": "142835"
      }
    },
    {
      "type": "Feature",
      "id": 846,
      "geometry": {
        "type": "Point",
        "coordinates": [
          42.529316,
          47.719486
        ]
      },
      "properties": {
        "time": "142836"
      }
    },
    {
      "type": "Feature",
      "id": 847,
      "geometry": {
        "type": "Point",
        "coordinates": [
          42.529778,
          47.71965
        ]
      },
      "properties": {
        "time": "142837"
      }
    },
    {
      "type": "Feature",
      "id": 848,
      "geometry": {
        "type": "Point",
        "coordinates": [
          42.53019,
          47.719856
        ]
      },
      "properties": {
        "time": "142838"
      }
    },
    {
      "type": "Feature",
      "id": 849,
      "geometry": {
        "type": "Point",
        "coordinates": [
          42.530613,
          47.719994
        ]
      },
      "properties": {
        "time": "142839"
      }
    },
    {
      "type": "Feature",
      "id": 850,
      "geometry": {
        "type": "Point",
        "coordinates": [
          42.531002,
          47.720203
        ]
      },
      "properties": {
        "time": "142840"
      }
    },
    {
      "type": "Feature",
      "id": 851,
      "geometry": {
        "type": "Point",
        "coordinates": [
          42.531418,
          47.720379
        ]
      },
      "properties": {
        "time": "142841"
      }
    },
    {
      "type": "Feature",
      "id": 852,
      "geometry": {
        "type": "Point",
        "coordinates": [
          42.531853,
          47.720482
        ]
      },
      "properties": {
        "time": "142842"
      }
    },
    {
      "type": "Feature",
      "id": 853,
      "geometry": {
        "type": "Point",
        "coordinates": [
          42.532291,
          47.720596
        ]
      },
      "properties": {
        "time": "142843"
      }
    },
    {
      "type": "Feature",
      "id": 854,
      "geometry": {
        "type": "Point",
        "coordinates": [
          42.532745,
          47.720722
        ]
      },
      "properties": {
        "time": "142844"
      }
    },
    {
      "type": "Feature",
      "id": 855,
      "geometry": {
        "type": "Point",
        "coordinates": [
          42.533203,
          47.720833
        ]
      },
      "properties": {
        "time": "142845"
      }
    },
    {
      "type": "Feature",
      "id": 856,
      "geometry": {
        "type": "Point",
        "coordinates": [
          42.533642,
          47.720955
        ]
      },
      "properties": {
        "time": "142846"
      }
    },
    {
      "type": "Feature",
      "id": 857,
      "geometry": {
        "type": "Point",
        "coordinates": [
          42.534084,
          47.721077
        ]
      },
      "properties": {
        "time": "142847"
      }
    },
    {
      "type": "Feature",
      "id": 858,
      "geometry": {
        "type": "Point",
        "coordinates": [
          42.534527,
          47.721191
        ]
      },
      "properties": {
        "time": "142848"
      }
    },
    {
      "type": "Feature",
      "id": 859,
      "geometry": {
        "type": "Point",
        "coordinates": [
          42.534977,
          47.721302
        ]
      },
      "properties": {
        "time": "142849"
      }
    },
    {
      "type": "Feature",
      "id": 860,
      "geometry": {
        "type": "Point",
        "coordinates": [
          42.535427,
          47.721394
        ]
      },
      "properties": {
        "time": "142850"
      }
    },
    {
      "type": "Feature",
      "id": 861,
      "geometry": {
        "type": "Point",
        "coordinates": [
          42.535927,
          47.721489
        ]
      },
      "properties": {
        "time": "142851"
      }
    },
    {
      "type": "Feature",
      "id": 862,
      "geometry": {
        "type": "Point",
        "coordinates": [
          42.536388,
          47.721581
        ]
      },
      "properties": {
        "time": "142852"
      }
    },
    {
      "type": "Feature",
      "id": 863,
      "geometry": {
        "type": "Point",
        "coordinates": [
          42.536812,
          47.721684
        ]
      },
      "properties": {
        "time": "142853"
      }
    },
    {
      "type": "Feature",
      "id": 864,
      "geometry": {
        "type": "Point",
        "coordinates": [
          42.537224,
          47.72179
        ]
      },
      "properties": {
        "time": "142854"
      }
    },
    {
      "type": "Feature",
      "id": 865,
      "geometry": {
        "type": "Point",
        "coordinates": [
          42.53767,
          47.721886
        ]
      },
      "properties": {
        "time": "142855"
      }
    },
    {
      "type": "Feature",
      "id": 866,
      "geometry": {
        "type": "Point",
        "coordinates": [
          42.538109,
          47.721977
        ]
      },
      "properties": {
        "time": "142856"
      }
    },
    {
      "type": "Feature",
      "id": 867,
      "geometry": {
        "type": "Point",
        "coordinates": [
          42.538563,
          47.722107
        ]
      },
      "properties": {
        "time": "142857"
      }
    },
    {
      "type": "Feature",
      "id": 868,
      "geometry": {
        "type": "Point",
        "coordinates": [
          42.539009,
          47.722202
        ]
      },
      "properties": {
        "time": "142858"
      }
    },
    {
      "type": "Feature",
      "id": 869,
      "geometry": {
        "type": "Point",
        "coordinates": [
          42.539459,
          47.722298
        ]
      },
      "properties": {
        "time": "142859"
      }
    },
    {
      "type": "Feature",
      "id": 870,
      "geometry": {
        "type": "Point",
        "coordinates": [
          42.539951,
          47.722404
        ]
      },
      "properties": {
        "time": "142860"
      }
    },
    {
      "type": "Feature",
      "id": 871,
      "geometry": {
        "type": "Point",
        "coordinates": [
          42.540466,
          47.7225
        ]
      },
      "properties": {
        "time": "142861"
      }
    },
    {
      "type": "Feature",
      "id": 872,
      "geometry": {
        "type": "Point",
        "coordinates": [
          42.540936,
          47.722599
        ]
      },
      "properties": {
        "time": "142862"
      }
    },
    {
      "type": "Feature",
      "id": 873,
      "geometry": {
        "type": "Point",
        "coordinates": [
          42.541393,
          47.722702
        ]
      },
      "properties": {
        "time": "142863"
      }
    },
    {
      "type": "Feature",
      "id": 874,
      "geometry": {
        "type": "Point",
        "coordinates": [
          42.54187,
          47.72282
        ]
      },
      "properties": {
        "time": "142864"
      }
    },
    {
      "type": "Feature",
      "id": 875,
      "geometry": {
        "type": "Point",
        "coordinates": [
          42.54229,
          47.722893
        ]
      },
      "properties": {
        "time": "142865"
      }
    },
    {
      "type": "Feature",
      "id": 876,
      "geometry": {
        "type": "Point",
        "coordinates": [
          42.542767,
          47.722969
        ]
      },
      "properties": {
        "time": "142866"
      }
    },
    {
      "type": "Feature",
      "id": 877,
      "geometry": {
        "type": "Point",
        "coordinates": [
          42.543285,
          47.723091
        ]
      },
      "properties": {
        "time": "142867"
      }
    },
    {
      "type": "Feature",
      "id": 878,
      "geometry": {
        "type": "Point",
        "coordinates": [
          42.543808,
          47.723206
        ]
      },
      "properties": {
        "time": "142868"
      }
    },
    {
      "type": "Feature",
      "id": 879,
      "geometry": {
        "type": "Point",
        "coordinates": [
          42.544346,
          47.723358
        ]
      },
      "properties": {
        "time": "142869"
      }
    },
    {
      "type": "Feature",
      "id": 880,
      "geometry": {
        "type": "Point",
        "coordinates": [
          42.544857,
          47.723488
        ]
      },
      "properties": {
        "time": "142870"
      }
    },
    {
      "type": "Feature",
      "id": 881,
      "geometry": {
        "type": "Point",
        "coordinates": [
          42.545322,
          47.723576
        ]
      },
      "properties": {
        "time": "142871"
      }
    },
    {
      "type": "Feature",
      "id": 882,
      "geometry": {
        "type": "Point",
        "coordinates": [
          42.545845,
          47.723717
        ]
      },
      "properties": {
        "time": "142872"
      }
    },
    {
      "type": "Feature",
      "id": 883,
      "geometry": {
        "type": "Point",
        "coordinates": [
          42.546242,
          47.723736
        ]
      },
      "properties": {
        "time": "142873"
      }
    },
    {
      "type": "Feature",
      "id": 884,
      "geometry": {
        "type": "Point",
        "coordinates": [
          42.54665,
          47.723724
        ]
      },
      "properties": {
        "time": "142874"
      }
    },
    {
      "type": "Feature",
      "id": 885,
      "geometry": {
        "type": "Point",
        "coordinates": [
          42.547173,
          47.723866
        ]
      },
      "properties": {
        "time": "142875"
      }
    },
    {
      "type": "Feature",
      "id": 886,
      "geometry": {
        "type": "Point",
        "coordinates": [
          42.54768,
          47.724003
        ]
      },
      "properties": {
        "time": "142876"
      }
    },
    {
      "type": "Feature",
      "id": 887,
      "geometry": {
        "type": "Point",
        "coordinates": [
          42.548264,
          47.724194
        ]
      },
      "properties": {
        "time": "142877"
      }
    },
    {
      "type": "Feature",
      "id": 888,
      "geometry": {
        "type": "Point",
        "coordinates": [
          42.548698,
          47.7243
        ]
      },
      "properties": {
        "time": "142878"
      }
    },
    {
      "type": "Feature",
      "id": 889,
      "geometry": {
        "type": "Point",
        "coordinates": [
          42.549202,
          47.724438
        ]
      },
      "properties": {
        "time": "142879"
      }
    },
    {
      "type": "Feature",
      "id": 890,
      "geometry": {
        "type": "Point",
        "coordinates": [
          42.549721,
          47.724586
        ]
      },
      "properties": {
        "time": "142880"
      }
    },
    {
      "type": "Feature",
      "id": 891,
      "geometry": {
        "type": "Point",
        "coordinates": [
          42.550163,
          47.724716
        ]
      },
      "properties": {
        "time": "142881"
      }
    },
    {
      "type": "Feature",
      "id": 892,
      "geometry": {
        "type": "Point",
        "coordinates": [
          42.550587,
          47.724804
        ]
      },
      "properties": {
        "time": "142882"
      }
    },
    {
      "type": "Feature",
      "id": 893,
      "geometry": {
        "type": "Point",
        "coordinates": [
          42.551064,
          47.724895
        ]
      },
      "properties": {
        "time": "142883"
      }
    },
    {
      "type": "Feature",
      "id": 894,
      "geometry": {
        "type": "Point",
        "coordinates": [
          42.551559,
          47.725021
        ]
      },
      "properties": {
        "time": "142884"
      }
    },
    {
      "type": "Feature",
      "id": 895,
      "geometry": {
        "type": "Point",
        "coordinates": [
          42.552013,
          47.725117
        ]
      },
      "properties": {
        "time": "142885"
      }
    },
    {
      "type": "Feature",
      "id": 896,
      "geometry": {
        "type": "Point",
        "coordinates": [
          42.552505,
          47.72522
        ]
      },
      "properties": {
        "time": "142886"
      }
    },
    {
      "type": "Feature",
      "id": 897,
      "geometry": {
        "type": "Point",
        "coordinates": [
          42.552887,
          47.72538
        ]
      },
      "properties": {
        "time": "142887"
      }
    },
    {
      "type": "Feature",
      "id": 898,
      "geometry": {
        "type": "Point",
        "coordinates": [
          42.553307,
          47.725498
        ]
      },
      "properties": {
        "time": "142888"
      }
    },
    {
      "type": "Feature",
      "id": 899,
      "geometry": {
        "type": "Point",
        "coordinates": [
          42.55378,
          47.725597
        ]
      },
      "properties": {
        "time": "142889"
      }
    },
    {
      "type": "Feature",
      "id": 900,
      "geometry": {
        "type": "Point",
        "coordinates": [
          42.554245,
          47.7257
        ]
      },
      "properties": {
        "time": "142890"
      }
    },
    {
      "type": "Feature",
      "id": 901,
      "geometry": {
        "type": "Point",
        "coordinates": [
          42.554771,
          47.725773
        ]
      },
      "properties": {
        "time": "142891"
      }
    },
    {
      "type": "Feature",
      "id": 902,
      "geometry": {
        "type": "Point",
        "coordinates": [
          42.555275,
          47.725861
        ]
      },
      "properties": {
        "time": "142892"
      }
    },
    {
      "type": "Feature",
      "id": 903,
      "geometry": {
        "type": "Point",
        "coordinates": [
          42.555771,
          47.725937
        ]
      },
      "properties": {
        "time": "142893"
      }
    },
    {
      "type": "Feature",
      "id": 904,
      "geometry": {
        "type": "Point",
        "coordinates": [
          42.556263,
          47.726021
        ]
      },
      "properties": {
        "time": "142894"
      }
    },
    {
      "type": "Feature",
      "id": 905,
      "geometry": {
        "type": "Point",
        "coordinates": [
          42.556744,
          47.726112
        ]
      },
      "properties": {
        "time": "142895"
      }
    },
    {
      "type": "Feature",
      "id": 906,
      "geometry": {
        "type": "Point",
        "coordinates": [
          42.55724,
          47.726208
        ]
      },
      "properties": {
        "time": "142896"
      }
    },
    {
      "type": "Feature",
      "id": 907,
      "geometry": {
        "type": "Point",
        "coordinates": [
          42.557728,
          47.726311
        ]
      },
      "properties": {
        "time": "142897"
      }
    },
    {
      "type": "Feature",
      "id": 908,
      "geometry": {
        "type": "Point",
        "coordinates": [
          42.558212,
          47.726421
        ]
      },
      "properties": {
        "time": "142898"
      }
    },
    {
      "type": "Feature",
      "id": 909,
      "geometry": {
        "type": "Point",
        "coordinates": [
          42.558697,
          47.726536
        ]
      },
      "properties": {
        "time": "142899"
      }
    },
    {
      "type": "Feature",
      "id": 910,
      "geometry": {
        "type": "Point",
        "coordinates": [
          42.55917,
          47.726643
        ]
      },
      "properties": {
        "time": "142900"
      }
    },
    {
      "type": "Feature",
      "id": 911,
      "geometry": {
        "type": "Point",
        "coordinates": [
          42.559647,
          47.726738
        ]
      },
      "properties": {
        "time": "142901"
      }
    },
    {
      "type": "Feature",
      "id": 912,
      "geometry": {
        "type": "Point",
        "coordinates": [
          42.560131,
          47.726837
        ]
      },
      "properties": {
        "time": "142902"
      }
    },
    {
      "type": "Feature",
      "id": 913,
      "geometry": {
        "type": "Point",
        "coordinates": [
          42.560612,
          47.726933
        ]
      },
      "properties": {
        "time": "142903"
      }
    },
    {
      "type": "Feature",
      "id": 914,
      "geometry": {
        "type": "Point",
        "coordinates": [
          42.561089,
          47.727032
        ]
      },
      "properties": {
        "time": "142904"
      }
    },
    {
      "type": "Feature",
      "id": 915,
      "geometry": {
        "type": "Point",
        "coordinates": [
          42.561573,
          47.727142
        ]
      },
      "properties": {
        "time": "142905"
      }
    },
    {
      "type": "Feature",
      "id": 916,
      "geometry": {
        "type": "Point",
        "coordinates": [
          42.562042,
          47.727242
        ]
      },
      "properties": {
        "time": "142906"
      }
    },
    {
      "type": "Feature",
      "id": 917,
      "geometry": {
        "type": "Point",
        "coordinates": [
          42.562508,
          47.727348
        ]
      },
      "properties": {
        "time": "142907"
      }
    },
    {
      "type": "Feature",
      "id": 918,
      "geometry": {
        "type": "Point",
        "coordinates": [
          42.562943,
          47.72747
        ]
      },
      "properties": {
        "time": "142908"
      }
    },
    {
      "type": "Feature",
      "id": 919,
      "geometry": {
        "type": "Point",
        "coordinates": [
          42.563435,
          47.727589
        ]
      },
      "properties": {
        "time": "142909"
      }
    },
    {
      "type": "Feature",
      "id": 920,
      "geometry": {
        "type": "Point",
        "coordinates": [
          42.563911,
          47.727703
        ]
      },
      "properties": {
        "time": "142910"
      }
    },
    {
      "type": "Feature",
      "id": 921,
      "geometry": {
        "type": "Point",
        "coordinates": [
          42.564415,
          47.727837
        ]
      },
      "properties": {
        "time": "142911"
      }
    },
    {
      "type": "Feature",
      "id": 922,
      "geometry": {
        "type": "Point",
        "coordinates": [
          42.564877,
          47.727951
        ]
      },
      "properties": {
        "time": "142912"
      }
    },
    {
      "type": "Feature",
      "id": 923,
      "geometry": {
        "type": "Point",
        "coordinates": [
          42.565319,
          47.728073
        ]
      },
      "properties": {
        "time": "142913"
      }
    },
    {
      "type": "Feature",
      "id": 924,
      "geometry": {
        "type": "Point",
        "coordinates": [
          42.565758,
          47.728184
        ]
      },
      "properties": {
        "time": "142914"
      }
    },
    {
      "type": "Feature",
      "id": 925,
      "geometry": {
        "type": "Point",
        "coordinates": [
          42.566189,
          47.728291
        ]
      },
      "properties": {
        "time": "142915"
      }
    },
    {
      "type": "Feature",
      "id": 926,
      "geometry": {
        "type": "Point",
        "coordinates": [
          42.566643,
          47.728413
        ]
      },
      "properties": {
        "time": "142916"
      }
    },
    {
      "type": "Feature",
      "id": 927,
      "geometry": {
        "type": "Point",
        "coordinates": [
          42.567108,
          47.728512
        ]
      },
      "properties": {
        "time": "142917"
      }
    },
    {
      "type": "Feature",
      "id": 928,
      "geometry": {
        "type": "Point",
        "coordinates": [
          42.567535,
          47.728642
        ]
      },
      "properties": {
        "time": "142918"
      }
    },
    {
      "type": "Feature",
      "id": 929,
      "geometry": {
        "type": "Point",
        "coordinates": [
          42.567993,
          47.728748
        ]
      },
      "properties": {
        "time": "142919"
      }
    },
    {
      "type": "Feature",
      "id": 930,
      "geometry": {
        "type": "Point",
        "coordinates": [
          42.568508,
          47.728825
        ]
      },
      "properties": {
        "time": "142920"
      }
    },
    {
      "type": "Feature",
      "id": 931,
      "geometry": {
        "type": "Point",
        "coordinates": [
          42.569027,
          47.729
        ]
      },
      "properties": {
        "time": "142921"
      }
    },
    {
      "type": "Feature",
      "id": 932,
      "geometry": {
        "type": "Point",
        "coordinates": [
          42.569283,
          47.729164
        ]
      },
      "properties": {
        "time": "142922"
      }
    },
    {
      "type": "Feature",
      "id": 933,
      "geometry": {
        "type": "Point",
        "coordinates": [
          42.569981,
          47.729267
        ]
      },
      "properties": {
        "time": "142923"
      }
    },
    {
      "type": "Feature",
      "id": 934,
      "geometry": {
        "type": "Point",
        "coordinates": [
          42.570454,
          47.729275
        ]
      },
      "properties": {
        "time": "142924"
      }
    },
    {
      "type": "Feature",
      "id": 935,
      "geometry": {
        "type": "Point",
        "coordinates": [
          42.571098,
          47.729374
        ]
      },
      "properties": {
        "time": "142925"
      }
    },
    {
      "type": "Feature",
      "id": 936,
      "geometry": {
        "type": "Point",
        "coordinates": [
          42.571575,
          47.729576
        ]
      },
      "properties": {
        "time": "142926"
      }
    },
    {
      "type": "Feature",
      "id": 937,
      "geometry": {
        "type": "Point",
        "coordinates": [
          42.57201,
          47.729588
        ]
      },
      "properties": {
        "time": "142927"
      }
    },
    {
      "type": "Feature",
      "id": 938,
      "geometry": {
        "type": "Point",
        "coordinates": [
          42.572342,
          47.729687
        ]
      },
      "properties": {
        "time": "142928"
      }
    },
    {
      "type": "Feature",
      "id": 939,
      "geometry": {
        "type": "Point",
        "coordinates": [
          42.572926,
          47.729771
        ]
      },
      "properties": {
        "time": "142929"
      }
    },
    {
      "type": "Feature",
      "id": 940,
      "geometry": {
        "type": "Point",
        "coordinates": [
          42.573437,
          47.7299
        ]
      },
      "properties": {
        "time": "142930"
      }
    },
    {
      "type": "Feature",
      "id": 941,
      "geometry": {
        "type": "Point",
        "coordinates": [
          42.573841,
          47.729939
        ]
      },
      "properties": {
        "time": "142931"
      }
    },
    {
      "type": "Feature",
      "id": 942,
      "geometry": {
        "type": "Point",
        "coordinates": [
          42.574226,
          47.730057
        ]
      },
      "properties": {
        "time": "142932"
      }
    },
    {
      "type": "Feature",
      "id": 943,
      "geometry": {
        "type": "Point",
        "coordinates": [
          42.574612,
          47.73011
        ]
      },
      "properties": {
        "time": "142933"
      }
    },
    {
      "type": "Feature",
      "id": 944,
      "geometry": {
        "type": "Point",
        "coordinates": [
          42.575043,
          47.730095
        ]
      },
      "properties": {
        "time": "142934"
      }
    },
    {
      "type": "Feature",
      "id": 945,
      "geometry": {
        "type": "Point",
        "coordinates": [
          42.575523,
          47.730145
        ]
      },
      "properties": {
        "time": "142935"
      }
    },
    {
      "type": "Feature",
      "id": 946,
      "geometry": {
        "type": "Point",
        "coordinates": [
          42.576088,
          47.730347
        ]
      },
      "properties": {
        "time": "142936"
      }
    },
    {
      "type": "Feature",
      "id": 947,
      "geometry": {
        "type": "Point",
        "coordinates": [
          42.576633,
          47.730568
        ]
      },
      "properties": {
        "time": "142937"
      }
    },
    {
      "type": "Feature",
      "id": 948,
      "geometry": {
        "type": "Point",
        "coordinates": [
          42.57719,
          47.730824
        ]
      },
      "properties": {
        "time": "142938"
      }
    },
    {
      "type": "Feature",
      "id": 949,
      "geometry": {
        "type": "Point",
        "coordinates": [
          42.577644,
          47.730984
        ]
      },
      "properties": {
        "time": "142939"
      }
    },
    {
      "type": "Feature",
      "id": 950,
      "geometry": {
        "type": "Point",
        "coordinates": [
          42.578007,
          47.731087
        ]
      },
      "properties": {
        "time": "142940"
      }
    },
    {
      "type": "Feature",
      "id": 951,
      "geometry": {
        "type": "Point",
        "coordinates": [
          42.57843,
          47.731194
        ]
      },
      "properties": {
        "time": "142941"
      }
    },
    {
      "type": "Feature",
      "id": 952,
      "geometry": {
        "type": "Point",
        "coordinates": [
          42.579079,
          47.731377
        ]
      },
      "properties": {
        "time": "142942"
      }
    },
    {
      "type": "Feature",
      "id": 953,
      "geometry": {
        "type": "Point",
        "coordinates": [
          42.579807,
          47.731506
        ]
      },
      "properties": {
        "time": "142943"
      }
    },
    {
      "type": "Feature",
      "id": 954,
      "geometry": {
        "type": "Point",
        "coordinates": [
          42.580475,
          47.731621
        ]
      },
      "properties": {
        "time": "142944"
      }
    },
    {
      "type": "Feature",
      "id": 955,
      "geometry": {
        "type": "Point",
        "coordinates": [
          42.581047,
          47.731758
        ]
      },
      "properties": {
        "time": "142945"
      }
    },
    {
      "type": "Feature",
      "id": 956,
      "geometry": {
        "type": "Point",
        "coordinates": [
          42.581512,
          47.731831
        ]
      },
      "properties": {
        "time": "142946"
      }
    },
    {
      "type": "Feature",
      "id": 957,
      "geometry": {
        "type": "Point",
        "coordinates": [
          42.581959,
          47.731934
        ]
      },
      "properties": {
        "time": "142947"
      }
    },
    {
      "type": "Feature",
      "id": 958,
      "geometry": {
        "type": "Point",
        "coordinates": [
          42.58239,
          47.732037
        ]
      },
      "properties": {
        "time": "142948"
      }
    },
    {
      "type": "Feature",
      "id": 959,
      "geometry": {
        "type": "Point",
        "coordinates": [
          42.582745,
          47.732159
        ]
      },
      "properties": {
        "time": "142949"
      }
    },
    {
      "type": "Feature",
      "id": 960,
      "geometry": {
        "type": "Point",
        "coordinates": [
          42.583183,
          47.732277
        ]
      },
      "properties": {
        "time": "142950"
      }
    },
    {
      "type": "Feature",
      "id": 961,
      "geometry": {
        "type": "Point",
        "coordinates": [
          42.583591,
          47.732403
        ]
      },
      "properties": {
        "time": "142951"
      }
    },
    {
      "type": "Feature",
      "id": 962,
      "geometry": {
        "type": "Point",
        "coordinates": [
          42.583965,
          47.732536
        ]
      },
      "properties": {
        "time": "142952"
      }
    },
    {
      "type": "Feature",
      "id": 963,
      "geometry": {
        "type": "Point",
        "coordinates": [
          42.584373,
          47.732639
        ]
      },
      "properties": {
        "time": "142953"
      }
    },
    {
      "type": "Feature",
      "id": 964,
      "geometry": {
        "type": "Point",
        "coordinates": [
          42.584766,
          47.732746
        ]
      },
      "properties": {
        "time": "142954"
      }
    },
    {
      "type": "Feature",
      "id": 965,
      "geometry": {
        "type": "Point",
        "coordinates": [
          42.585278,
          47.732899
        ]
      },
      "properties": {
        "time": "142955"
      }
    },
    {
      "type": "Feature",
      "id": 966,
      "geometry": {
        "type": "Point",
        "coordinates": [
          42.585964,
          47.733059
        ]
      },
      "properties": {
        "time": "142956"
      }
    },
    {
      "type": "Feature",
      "id": 967,
      "geometry": {
        "type": "Point",
        "coordinates": [
          42.586613,
          47.733234
        ]
      },
      "properties": {
        "time": "142957"
      }
    },
    {
      "type": "Feature",
      "id": 968,
      "geometry": {
        "type": "Point",
        "coordinates": [
          42.58707,
          47.733356
        ]
      },
      "properties": {
        "time": "142958"
      }
    },
    {
      "type": "Feature",
      "id": 969,
      "geometry": {
        "type": "Point",
        "coordinates": [
          42.587543,
          47.733425
        ]
      },
      "properties": {
        "time": "142959"
      }
    },
    {
      "type": "Feature",
      "id": 970,
      "geometry": {
        "type": "Point",
        "coordinates": [
          42.587963,
          47.733498
        ]
      },
      "properties": {
        "time": "142960"
      }
    },
    {
      "type": "Feature",
      "id": 971,
      "geometry": {
        "type": "Point",
        "coordinates": [
          42.588337,
          47.733578
        ]
      },
      "properties": {
        "time": "142961"
      }
    },
    {
      "type": "Feature",
      "id": 972,
      "geometry": {
        "type": "Point",
        "coordinates": [
          42.588753,
          47.733677
        ]
      },
      "properties": {
        "time": "142962"
      }
    },
    {
      "type": "Feature",
      "id": 973,
      "geometry": {
        "type": "Point",
        "coordinates": [
          42.589226,
          47.733799
        ]
      },
      "properties": {
        "time": "142963"
      }
    },
    {
      "type": "Feature",
      "id": 974,
      "geometry": {
        "type": "Point",
        "coordinates": [
          42.589733,
          47.73394
        ]
      },
      "properties": {
        "time": "142964"
      }
    },
    {
      "type": "Feature",
      "id": 975,
      "geometry": {
        "type": "Point",
        "coordinates": [
          42.590286,
          47.734089
        ]
      },
      "properties": {
        "time": "142965"
      }
    },
    {
      "type": "Feature",
      "id": 976,
      "geometry": {
        "type": "Point",
        "coordinates": [
          42.590885,
          47.734253
        ]
      },
      "properties": {
        "time": "142966"
      }
    },
    {
      "type": "Feature",
      "id": 977,
      "geometry": {
        "type": "Point",
        "coordinates": [
          42.591438,
          47.734512
        ]
      },
      "properties": {
        "time": "142967"
      }
    },
    {
      "type": "Feature",
      "id": 978,
      "geometry": {
        "type": "Point",
        "coordinates": [
          42.59177,
          47.734612
        ]
      },
      "properties": {
        "time": "142968"
      }
    },
    {
      "type": "Feature",
      "id": 979,
      "geometry": {
        "type": "Point",
        "coordinates": [
          42.59219,
          47.734642
        ]
      },
      "properties": {
        "time": "142969"
      }
    },
    {
      "type": "Feature",
      "id": 980,
      "geometry": {
        "type": "Point",
        "coordinates": [
          42.592594,
          47.734688
        ]
      },
      "properties": {
        "time": "142970"
      }
    },
    {
      "type": "Feature",
      "id": 981,
      "geometry": {
        "type": "Point",
        "coordinates": [
          42.593014,
          47.734779
        ]
      },
      "properties": {
        "time": "142971"
      }
    },
    {
      "type": "Feature",
      "id": 982,
      "geometry": {
        "type": "Point",
        "coordinates": [
          42.593475,
          47.734859
        ]
      },
      "properties": {
        "time": "142972"
      }
    },
    {
      "type": "Feature",
      "id": 983,
      "geometry": {
        "type": "Point",
        "coordinates": [
          42.593918,
          47.734989
        ]
      },
      "properties": {
        "time": "142973"
      }
    },
    {
      "type": "Feature",
      "id": 984,
      "geometry": {
        "type": "Point",
        "coordinates": [
          42.59436,
          47.735153
        ]
      },
      "properties": {
        "time": "142974"
      }
    },
    {
      "type": "Feature",
      "id": 985,
      "geometry": {
        "type": "Point",
        "coordinates": [
          42.594849,
          47.735382
        ]
      },
      "properties": {
        "time": "142975"
      }
    },
    {
      "type": "Feature",
      "id": 986,
      "geometry": {
        "type": "Point",
        "coordinates": [
          42.595337,
          47.735451
        ]
      },
      "properties": {
        "time": "142976"
      }
    },
    {
      "type": "Feature",
      "id": 987,
      "geometry": {
        "type": "Point",
        "coordinates": [
          42.595795,
          47.735592
        ]
      },
      "properties": {
        "time": "142977"
      }
    },
    {
      "type": "Feature",
      "id": 988,
      "geometry": {
        "type": "Point",
        "coordinates": [
          42.596306,
          47.735756
        ]
      },
      "properties": {
        "time": "142978"
      }
    },
    {
      "type": "Feature",
      "id": 989,
      "geometry": {
        "type": "Point",
        "coordinates": [
          42.596817,
          47.735825
        ]
      },
      "properties": {
        "time": "142979"
      }
    },
    {
      "type": "Feature",
      "id": 990,
      "geometry": {
        "type": "Point",
        "coordinates": [
          42.597324,
          47.735859
        ]
      },
      "properties": {
        "time": "142980"
      }
    },
    {
      "type": "Feature",
      "id": 991,
      "geometry": {
        "type": "Point",
        "coordinates": [
          42.59779,
          47.735947
        ]
      },
      "properties": {
        "time": "142981"
      }
    },
    {
      "type": "Feature",
      "id": 992,
      "geometry": {
        "type": "Point",
        "coordinates": [
          42.598236,
          47.736053
        ]
      },
      "properties": {
        "time": "142982"
      }
    },
    {
      "type": "Feature",
      "id": 993,
      "geometry": {
        "type": "Point",
        "coordinates": [
          42.598679,
          47.736206
        ]
      },
      "properties": {
        "time": "142983"
      }
    },
    {
      "type": "Feature",
      "id": 994,
      "geometry": {
        "type": "Point",
        "coordinates": [
          42.598999,
          47.736259
        ]
      },
      "properties": {
        "time": "142984"
      }
    },
    {
      "type": "Feature",
      "id": 995,
      "geometry": {
        "type": "Point",
        "coordinates": [
          42.599323,
          47.73645
        ]
      },
      "properties": {
        "time": "142985"
      }
    },
    {
      "type": "Feature",
      "id": 996,
      "geometry": {
        "type": "Point",
        "coordinates": [
          42.599785,
          47.736549
        ]
      },
      "properties": {
        "time": "142986"
      }
    },
    {
      "type": "Feature",
      "id": 997,
      "geometry": {
        "type": "Point",
        "coordinates": [
          42.600285,
          47.736691
        ]
      },
      "properties": {
        "time": "142987"
      }
    },
    {
      "type": "Feature",
      "id": 998,
      "geometry": {
        "type": "Point",
        "coordinates": [
          42.600796,
          47.73695
        ]
      },
      "properties": {
        "time": "142988"
      }
    },
    {
      "type": "Feature",
      "id": 999,
      "geometry": {
        "type": "Point",
        "coordinates": [
          42.601315,
          47.737297
        ]
      },
      "properties": {
        "time": "142989"
      }
    },
    {
      "type": "Feature",
      "id": 1000,
      "geometry": {
        "type": "Point",
        "coordinates": [
          42.602013,
          47.737488
        ]
      },
      "properties": {
        "time": "142990"
      }
    },
    {
      "type": "Feature",
      "id": 1001,
      "geometry": {
        "type": "Point",
        "coordinates": [
          42.602665,
          47.737507
        ]
      },
      "properties": {
        "time": "142991"
      }
    },
    {
      "type": "Feature",
      "id": 1002,
      "geometry": {
        "type": "Point",
        "coordinates": [
          42.603073,
          47.737514
        ]
      },
      "properties": {
        "time": "142992"
      }
    },
    {
      "type": "Feature",
      "id": 1003,
      "geometry": {
        "type": "Point",
        "coordinates": [
          42.603451,
          47.737534
        ]
      },
      "properties": {
        "time": "142993"
      }
    },
    {
      "type": "Feature",
      "id": 1004,
      "geometry": {
        "type": "Point",
        "coordinates": [
          42.603863,
          47.737583
        ]
      },
      "properties": {
        "time": "142994"
      }
    },
    {
      "type": "Feature",
      "id": 1005,
      "geometry": {
        "type": "Point",
        "coordinates": [
          42.604309,
          47.737675
        ]
      },
      "properties": {
        "time": "142995"
      }
    },
    {
      "type": "Feature",
      "id": 1006,
      "geometry": {
        "type": "Point",
        "coordinates": [
          42.604816,
          47.737823
        ]
      },
      "properties": {
        "time": "142996"
      }
    },
    {
      "type": "Feature",
      "id": 1007,
      "geometry": {
        "type": "Point",
        "coordinates": [
          42.60537,
          47.738071
        ]
      },
      "properties": {
        "time": "142997"
      }
    },
    {
      "type": "Feature",
      "id": 1008,
      "geometry": {
        "type": "Point",
        "coordinates": [
          42.605789,
          47.738235
        ]
      },
      "properties": {
        "time": "142998"
      }
    },
    {
      "type": "Feature",
      "id": 1009,
      "geometry": {
        "type": "Point",
        "coordinates": [
          42.606163,
          47.738354
        ]
      },
      "properties": {
        "time": "142999"
      }
    },
    {
      "type": "Feature",
      "id": 1010,
      "geometry": {
        "type": "Point",
        "coordinates": [
          42.606632,
          47.738468
        ]
      },
      "properties": {
        "time": "143000"
      }
    },
    {
      "type": "Feature",
      "id": 1011,
      "geometry": {
        "type": "Point",
        "coordinates": [
          42.606983,
          47.738533
        ]
      },
      "properties": {
        "time": "143001"
      }
    },
    {
      "type": "Feature",
      "id": 1012,
      "geometry": {
        "type": "Point",
        "coordinates": [
          42.607456,
          47.738636
        ]
      },
      "properties": {
        "time": "143002"
      }
    },
    {
      "type": "Feature",
      "id": 1013,
      "geometry": {
        "type": "Point",
        "coordinates": [
          42.607956,
          47.738773
        ]
      },
      "properties": {
        "time": "143003"
      }
    },
    {
      "type": "Feature",
      "id": 1014,
      "geometry": {
        "type": "Point",
        "coordinates": [
          42.608395,
          47.738899
        ]
      },
      "properties": {
        "time": "143004"
      }
    },
    {
      "type": "Feature",
      "id": 1015,
      "geometry": {
        "type": "Point",
        "coordinates": [
          42.608788,
          47.738979
        ]
      },
      "properties": {
        "time": "143005"
      }
    },
    {
      "type": "Feature",
      "id": 1016,
      "geometry": {
        "type": "Point",
        "coordinates": [
          42.609577,
          47.73941
        ]
      },
      "properties": {
        "time": "143006"
      }
    },
    {
      "type": "Feature",
      "id": 1017,
      "geometry": {
        "type": "Point",
        "coordinates": [
          42.610035,
          47.739532
        ]
      },
      "properties": {
        "time": "143007"
      }
    },
    {
      "type": "Feature",
      "id": 1018,
      "geometry": {
        "type": "Point",
        "coordinates": [
          42.610439,
          47.739616
        ]
      },
      "properties": {
        "time": "143008"
      }
    },
    {
      "type": "Feature",
      "id": 1019,
      "geometry": {
        "type": "Point",
        "coordinates": [
          42.611107,
          47.739929
        ]
      },
      "properties": {
        "time": "143009"
      }
    },
    {
      "type": "Feature",
      "id": 1020,
      "geometry": {
        "type": "Point",
        "coordinates": [
          42.611301,
          47.739876
        ]
      },
      "properties": {
        "time": "143010"
      }
    },
    {
      "type": "Feature",
      "id": 1021,
      "geometry": {
        "type": "Point",
        "coordinates": [
          42.611668,
          47.739922
        ]
      },
      "properties": {
        "time": "143011"
      }
    },
    {
      "type": "Feature",
      "id": 1022,
      "geometry": {
        "type": "Point",
        "coordinates": [
          42.612144,
          47.739994
        ]
      },
      "properties": {
        "time": "143012"
      }
    },
    {
      "type": "Feature",
      "id": 1023,
      "geometry": {
        "type": "Point",
        "coordinates": [
          42.612762,
          47.740238
        ]
      },
      "properties": {
        "time": "143013"
      }
    },
    {
      "type": "Feature",
      "id": 1024,
      "geometry": {
        "type": "Point",
        "coordinates": [
          42.61311,
          47.74028
        ]
      },
      "properties": {
        "time": "143014"
      }
    },
    {
      "type": "Feature",
      "id": 1025,
      "geometry": {
        "type": "Point",
        "coordinates": [
          42.613487,
          47.740322
        ]
      },
      "properties": {
        "time": "143015"
      }
    },
    {
      "type": "Feature",
      "id": 1026,
      "geometry": {
        "type": "Point",
        "coordinates": [
          42.613865,
          47.740265
        ]
      },
      "properties": {
        "time": "143016"
      }
    },
    {
      "type": "Feature",
      "id": 1027,
      "geometry": {
        "type": "Point",
        "coordinates": [
          42.614399,
          47.740356
        ]
      },
      "properties": {
        "time": "143017"
      }
    },
    {
      "type": "Feature",
      "id": 1028,
      "geometry": {
        "type": "Point",
        "coordinates": [
          42.614876,
          47.740479
        ]
      },
      "properties": {
        "time": "143018"
      }
    },
    {
      "type": "Feature",
      "id": 1029,
      "geometry": {
        "type": "Point",
        "coordinates": [
          42.615334,
          47.740616
        ]
      },
      "properties": {
        "time": "143019"
      }
    },
    {
      "type": "Feature",
      "id": 1030,
      "geometry": {
        "type": "Point",
        "coordinates": [
          42.615814,
          47.740765
        ]
      },
      "properties": {
        "time": "143020"
      }
    },
    {
      "type": "Feature",
      "id": 1031,
      "geometry": {
        "type": "Point",
        "coordinates": [
          42.616085,
          47.740952
        ]
      },
      "properties": {
        "time": "143021"
      }
    },
    {
      "type": "Feature",
      "id": 1032,
      "geometry": {
        "type": "Point",
        "coordinates": [
          42.616577,
          47.74107
        ]
      },
      "properties": {
        "time": "143022"
      }
    },
    {
      "type": "Feature",
      "id": 0,
      "geometry": {
        "type": "LineString",
        "coordinates": [
          [
            42.376019,
            47.681076
          ],
          [
            42.376507,
            47.681168
          ],
          [
            42.377014,
            47.681248
          ],
          [
            42.377567,
            47.68132
          ],
          [
            42.378109,
            47.681404
          ],
          [
            42.378555,
            47.681503
          ],
          [
            42.379021,
            47.681595
          ],
          [
            42.379471,
            47.68169
          ],
          [
            42.379929,
            47.681808
          ],
          [
            42.380428,
            47.681934
          ],
          [
            42.380966,
            47.68206
          ],
          [
            42.381557,
            47.682152
          ],
          [
            42.381973,
            47.68227
          ],
          [
            42.382347,
            47.682419
          ],
          [
            42.382687,
            47.682571
          ],
          [
            42.383148,
            47.682705
          ],
          [
            42.383572,
            47.682835
          ],
          [
            42.383957,
            47.68298
          ],
          [
            42.384377,
            47.683086
          ],
          [
            42.384827,
            47.683178
          ],
          [
            42.385303,
            47.683296
          ],
          [
            42.385811,
            47.683422
          ],
          [
            42.386269,
            47.68354
          ],
          [
            42.386692,
            47.683655
          ],
          [
            42.387142,
            47.683777
          ],
          [
            42.387604,
            47.683907
          ],
          [
            42.388031,
            47.68404
          ],
          [
            42.388466,
            47.684174
          ],
          [
            42.38892,
            47.684292
          ],
          [
            42.389389,
            47.684422
          ],
          [
            42.389854,
            47.684555
          ],
          [
            42.390324,
            47.684685
          ],
          [
            42.390785,
            47.684807
          ],
          [
            42.391251,
            47.684929
          ],
          [
            42.391708,
            47.685036
          ],
          [
            42.392162,
            47.685143
          ],
          [
            42.392612,
            47.685253
          ],
          [
            42.393074,
            47.685375
          ],
          [
            42.393536,
            47.685501
          ],
          [
            42.394001,
            47.685623
          ],
          [
            42.394466,
            47.685745
          ],
          [
            42.394928,
            47.685871
          ],
          [
            42.395393,
            47.685993
          ],
          [
            42.395847,
            47.686111
          ],
          [
            42.396305,
            47.686234
          ],
          [
            42.396774,
            47.686363
          ],
          [
            42.397221,
            47.686508
          ],
          [
            42.397663,
            47.686649
          ],
          [
            42.398121,
            47.686752
          ],
          [
            42.398598,
            47.686882
          ],
          [
            42.399063,
            47.686989
          ],
          [
            42.399517,
            47.687084
          ],
          [
            42.399967,
            47.687183
          ],
          [
            42.400425,
            47.687286
          ],
          [
            42.400898,
            47.687401
          ],
          [
            42.401356,
            47.687519
          ],
          [
            42.401814,
            47.68763
          ],
          [
            42.402267,
            47.687737
          ],
          [
            42.402721,
            47.687843
          ],
          [
            42.403183,
            47.68795
          ],
          [
            42.403656,
            47.688053
          ],
          [
            42.404125,
            47.688152
          ],
          [
            42.404602,
            47.688251
          ],
          [
            42.405075,
            47.688332
          ],
          [
            42.405548,
            47.688416
          ],
          [
            42.406033,
            47.688496
          ],
          [
            42.406525,
            47.688541
          ],
          [
            42.407009,
            47.688576
          ],
          [
            42.407471,
            47.688663
          ],
          [
            42.407928,
            47.688778
          ],
          [
            42.40839,
            47.688869
          ],
          [
            42.408867,
            47.688915
          ],
          [
            42.40934,
            47.68898
          ],
          [
            42.409813,
            47.689049
          ],
          [
            42.410282,
            47.689129
          ],
          [
            42.410744,
            47.689198
          ],
          [
            42.411209,
            47.689266
          ],
          [
            42.411674,
            47.689346
          ],
          [
            42.412132,
            47.68943
          ],
          [
            42.412594,
            47.689514
          ],
          [
            42.413067,
            47.68961
          ],
          [
            42.413528,
            47.689716
          ],
          [
            42.41399,
            47.689831
          ],
          [
            42.414448,
            47.689957
          ],
          [
            42.414906,
            47.690083
          ],
          [
            42.415356,
            47.690205
          ],
          [
            42.415806,
            47.690327
          ],
          [
            42.416248,
            47.690441
          ],
          [
            42.416687,
            47.690567
          ],
          [
            42.41713,
            47.690693
          ],
          [
            42.417564,
            47.690823
          ],
          [
            42.418011,
            47.690952
          ],
          [
            42.418484,
            47.691078
          ],
          [
            42.418941,
            47.691196
          ],
          [
            42.419403,
            47.691315
          ],
          [
            42.419865,
            47.691429
          ],
          [
            42.42033,
            47.691544
          ],
          [
            42.420795,
            47.691662
          ],
          [
            42.421261,
            47.691788
          ],
          [
            42.42173,
            47.69191
          ],
          [
            42.422211,
            47.692028
          ],
          [
            42.42268,
            47.692142
          ],
          [
            42.423153,
            47.692257
          ],
          [
            42.423618,
            47.692379
          ],
          [
            42.424088,
            47.692497
          ],
          [
            42.424545,
            47.692631
          ],
          [
            42.425014,
            47.692757
          ],
          [
            42.425476,
            47.692886
          ],
          [
            42.425938,
            47.69302
          ],
          [
            42.426392,
            47.693165
          ],
          [
            42.426849,
            47.693287
          ],
          [
            42.427303,
            47.693413
          ],
          [
            42.427757,
            47.693539
          ],
          [
            42.428211,
            47.693668
          ],
          [
            42.42868,
            47.693783
          ],
          [
            42.42915,
            47.693893
          ],
          [
            42.429623,
            47.694004
          ],
          [
            42.430096,
            47.69413
          ],
          [
            42.430569,
            47.694248
          ],
          [
            42.431019,
            47.694382
          ],
          [
            42.43148,
            47.694496
          ],
          [
            42.431957,
            47.694611
          ],
          [
            42.432426,
            47.69474
          ],
          [
            42.432888,
            47.69487
          ],
          [
            42.43335,
            47.694988
          ],
          [
            42.433811,
            47.695114
          ],
          [
            42.434277,
            47.695236
          ],
          [
            42.434731,
            47.695385
          ],
          [
            42.435196,
            47.695518
          ],
          [
            42.435658,
            47.695641
          ],
          [
            42.436127,
            47.695766
          ],
          [
            42.4366,
            47.695889
          ],
          [
            42.437069,
            47.696011
          ],
          [
            42.437538,
            47.696125
          ],
          [
            42.438004,
            47.696247
          ],
          [
            42.438473,
            47.696384
          ],
          [
            42.438957,
            47.696507
          ],
          [
            42.439404,
            47.696625
          ],
          [
            42.439865,
            47.696785
          ],
          [
            42.44035,
            47.696922
          ],
          [
            42.440815,
            47.697048
          ],
          [
            42.441303,
            47.697189
          ],
          [
            42.441795,
            47.697346
          ],
          [
            42.44228,
            47.697475
          ],
          [
            42.442757,
            47.697601
          ],
          [
            42.443218,
            47.697701
          ],
          [
            42.443684,
            47.697803
          ],
          [
            42.444157,
            47.697903
          ],
          [
            42.444622,
            47.698009
          ],
          [
            42.445087,
            47.69812
          ],
          [
            42.445553,
            47.698231
          ],
          [
            42.446022,
            47.698338
          ],
          [
            42.446507,
            47.698444
          ],
          [
            42.447018,
            47.698578
          ],
          [
            42.447487,
            47.698685
          ],
          [
            42.447948,
            47.698769
          ],
          [
            42.448406,
            47.698853
          ],
          [
            42.448872,
            47.698944
          ],
          [
            42.449333,
            47.699047
          ],
          [
            42.44981,
            47.69915
          ],
          [
            42.450291,
            47.699272
          ],
          [
            42.450745,
            47.699394
          ],
          [
            42.451199,
            47.699516
          ],
          [
            42.45166,
            47.699627
          ],
          [
            42.452137,
            47.69973
          ],
          [
            42.45261,
            47.699848
          ],
          [
            42.453072,
            47.699989
          ],
          [
            42.453522,
            47.700123
          ],
          [
            42.453968,
            47.70026
          ],
          [
            42.45443,
            47.700386
          ],
          [
            42.454891,
            47.700512
          ],
          [
            42.455364,
            47.70063
          ],
          [
            42.455845,
            47.700748
          ],
          [
            42.456326,
            47.700867
          ],
          [
            42.456802,
            47.700993
          ],
          [
            42.457279,
            47.701115
          ],
          [
            42.457752,
            47.701229
          ],
          [
            42.458221,
            47.701351
          ],
          [
            42.458702,
            47.7015
          ],
          [
            42.459194,
            47.701645
          ],
          [
            42.459652,
            47.701805
          ],
          [
            42.460133,
            47.701916
          ],
          [
            42.460594,
            47.70203
          ],
          [
            42.461075,
            47.702129
          ],
          [
            42.461555,
            47.702244
          ],
          [
            42.462048,
            47.702347
          ],
          [
            42.462528,
            47.702473
          ],
          [
            42.462986,
            47.702583
          ],
          [
            42.463444,
            47.702698
          ],
          [
            42.463905,
            47.702808
          ],
          [
            42.46439,
            47.702953
          ],
          [
            42.46484,
            47.70306
          ],
          [
            42.465275,
            47.703167
          ],
          [
            42.46574,
            47.70332
          ],
          [
            42.466209,
            47.703461
          ],
          [
            42.466679,
            47.703575
          ],
          [
            42.46714,
            47.703693
          ],
          [
            42.467598,
            47.703812
          ],
          [
            42.468075,
            47.703949
          ],
          [
            42.468552,
            47.704063
          ],
          [
            42.469048,
            47.704182
          ],
          [
            42.469555,
            47.704292
          ],
          [
            42.470028,
            47.70443
          ],
          [
            42.47052,
            47.704571
          ],
          [
            42.470989,
            47.704697
          ],
          [
            42.471443,
            47.7048
          ],
          [
            42.471893,
            47.704922
          ],
          [
            42.472324,
            47.705051
          ],
          [
            42.472805,
            47.705177
          ],
          [
            42.473293,
            47.70528
          ],
          [
            42.473743,
            47.705387
          ],
          [
            42.474186,
            47.705475
          ],
          [
            42.474674,
            47.705597
          ],
          [
            42.475197,
            47.705723
          ],
          [
            42.475727,
            47.705906
          ],
          [
            42.476238,
            47.706043
          ],
          [
            42.47673,
            47.706173
          ],
          [
            42.477142,
            47.706257
          ],
          [
            42.477589,
            47.706348
          ],
          [
            42.478027,
            47.706444
          ],
          [
            42.478485,
            47.706554
          ],
          [
            42.478939,
            47.706676
          ],
          [
            42.479408,
            47.706833
          ],
          [
            42.479858,
            47.70694
          ],
          [
            42.480278,
            47.70702
          ],
          [
            42.480698,
            47.707073
          ],
          [
            42.48114,
            47.707211
          ],
          [
            42.481632,
            47.707367
          ],
          [
            42.482117,
            47.707497
          ],
          [
            42.482586,
            47.7076
          ],
          [
            42.483116,
            47.707699
          ],
          [
            42.483612,
            47.707794
          ],
          [
            42.484161,
            47.707905
          ],
          [
            42.484756,
            47.708019
          ],
          [
            42.485321,
            47.708145
          ],
          [
            42.48576,
            47.708241
          ],
          [
            42.486168,
            47.708321
          ],
          [
            42.486614,
            47.708397
          ],
          [
            42.487099,
            47.708469
          ],
          [
            42.487572,
            47.708565
          ],
          [
            42.488033,
            47.708664
          ],
          [
            42.488499,
            47.708763
          ],
          [
            42.488964,
            47.708866
          ],
          [
            42.489449,
            47.708961
          ],
          [
            42.489918,
            47.709064
          ],
          [
            42.490391,
            47.709179
          ],
          [
            42.490887,
            47.709309
          ],
          [
            42.491386,
            47.709431
          ],
          [
            42.491814,
            47.70953
          ],
          [
            42.492214,
            47.709621
          ],
          [
            42.492649,
            47.709724
          ],
          [
            42.493141,
            47.709843
          ],
          [
            42.49361,
            47.709965
          ],
          [
            42.49408,
            47.710102
          ],
          [
            42.494553,
            47.710232
          ],
          [
            42.495014,
            47.710361
          ],
          [
            42.495461,
            47.71048
          ],
          [
            42.495956,
            47.710648
          ],
          [
            42.496426,
            47.710819
          ],
          [
            42.496834,
            47.710922
          ],
          [
            42.497341,
            47.711098
          ],
          [
            42.497929,
            47.711349
          ],
          [
            42.498543,
            47.711536
          ],
          [
            42.498936,
            47.711582
          ],
          [
            42.499313,
            47.711742
          ],
          [
            42.49976,
            47.711903
          ],
          [
            42.500233,
            47.712074
          ],
          [
            42.500652,
            47.712139
          ],
          [
            42.501137,
            47.712204
          ],
          [
            42.50161,
            47.712238
          ],
          [
            42.502151,
            47.712276
          ],
          [
            42.502613,
            47.712414
          ],
          [
            42.503075,
            47.712559
          ],
          [
            42.503536,
            47.712677
          ],
          [
            42.504005,
            47.712784
          ],
          [
            42.504425,
            47.71278
          ],
          [
            42.50486,
            47.712845
          ],
          [
            42.505318,
            47.71294
          ],
          [
            42.505775,
            47.713062
          ],
          [
            42.506252,
            47.713184
          ],
          [
            42.506718,
            47.713299
          ],
          [
            42.507175,
            47.713406
          ],
          [
            42.507641,
            47.713516
          ],
          [
            42.50811,
            47.713612
          ],
          [
            42.508575,
            47.713718
          ],
          [
            42.509033,
            47.71386
          ],
          [
            42.509499,
            47.713982
          ],
          [
            42.509979,
            47.714092
          ],
          [
            42.510468,
            47.714214
          ],
          [
            42.510979,
            47.71431
          ],
          [
            42.511459,
            47.714417
          ],
          [
            42.511932,
            47.714535
          ],
          [
            42.512383,
            47.714642
          ],
          [
            42.512825,
            47.71476
          ],
          [
            42.513248,
            47.71489
          ],
          [
            42.513691,
            47.715023
          ],
          [
            42.51413,
            47.715149
          ],
          [
            42.514587,
            47.715282
          ],
          [
            42.515041,
            47.715412
          ],
          [
            42.51548,
            47.715561
          ],
          [
            42.515919,
            47.715694
          ],
          [
            42.516361,
            47.715809
          ],
          [
            42.516804,
            47.715939
          ],
          [
            42.517262,
            47.716042
          ],
          [
            42.517727,
            47.716156
          ],
          [
            42.518204,
            47.716278
          ],
          [
            42.518681,
            47.716404
          ],
          [
            42.519138,
            47.71653
          ],
          [
            42.519592,
            47.716663
          ],
          [
            42.520073,
            47.716808
          ],
          [
            42.520542,
            47.716953
          ],
          [
            42.521038,
            47.71714
          ],
          [
            42.521503,
            47.717274
          ],
          [
            42.521973,
            47.717407
          ],
          [
            42.522449,
            47.717518
          ],
          [
            42.52293,
            47.717628
          ],
          [
            42.523399,
            47.717747
          ],
          [
            42.523865,
            47.717865
          ],
          [
            42.524345,
            47.717995
          ],
          [
            42.524826,
            47.718117
          ],
          [
            42.525291,
            47.718235
          ],
          [
            42.525757,
            47.718365
          ],
          [
            42.526207,
            47.718494
          ],
          [
            42.526661,
            47.718628
          ],
          [
            42.527115,
            47.718765
          ],
          [
            42.527557,
            47.718895
          ],
          [
            42.528,
            47.719021
          ],
          [
            42.528458,
            47.719162
          ],
          [
            42.528893,
            47.719322
          ],
          [
            42.529316,
            47.719486
          ],
          [
            42.529778,
            47.71965
          ],
          [
            42.53019,
            47.719856
          ],
          [
            42.530613,
            47.719994
          ],
          [
            42.531002,
            47.720203
          ],
          [
            42.531418,
            47.720379
          ],
          [
            42.531853,
            47.720482
          ],
          [
            42.532291,
            47.720596
          ],
          [
            42.532745,
            47.720722
          ],
          [
            42.533203,
            47.720833
          ],
          [
            42.533642,
            47.720955
          ],
          [
            42.534084,
            47.721077
          ],
          [
            42.534527,
            47.721191
          ],
          [
            42.534977,
            47.721302
          ],
          [
            42.535427,
            47.721394
          ],
          [
            42.535927,
            47.721489
          ],
          [
            42.536388,
            47.721581
          ],
          [
            42.536812,
            47.721684
          ],
          [
            42.537224,
            47.72179
          ],
          [
            42.53767,
            47.721886
          ],
          [
            42.538109,
            47.721977
          ],
          [
            42.538563,
            47.722107
          ],
          [
            42.539009,
            47.722202
          ],
          [
            42.539459,
            47.722298
          ],
          [
            42.539951,
            47.722404
          ],
          [
            42.540466,
            47.7225
          ],
          [
            42.540936,
            47.722599
          ],
          [
            42.541393,
            47.722702
          ],
          [
            42.54187,
            47.72282
          ],
          [
            42.54229,
            47.722893
          ],
          [
            42.542767,
            47.722969
          ],
          [
            42.543285,
            47.723091
          ],
          [
            42.543808,
            47.723206
          ],
          [
            42.544346,
            47.723358
          ],
          [
            42.544857,
            47.723488
          ],
          [
            42.545322,
            47.723576
          ],
          [
            42.545845,
            47.723717
          ],
          [
            42.546242,
            47.723736
          ],
          [
            42.54665,
            47.723724
          ],
          [
            42.547173,
            47.723866
          ],
          [
            42.54768,
            47.724003
          ],
          [
            42.548264,
            47.724194
          ],
          [
            42.548698,
            47.7243
          ],
          [
            42.549202,
            47.724438
          ],
          [
            42.549721,
            47.724586
          ],
          [
            42.550163,
            47.724716
          ],
          [
            42.550587,
            47.724804
          ],
          [
            42.551064,
            47.724895
          ],
          [
            42.551559,
            47.725021
          ],
          [
            42.552013,
            47.725117
          ],
          [
            42.552505,
            47.72522
          ],
          [
            42.552887,
            47.72538
          ],
          [
            42.553307,
            47.725498
          ],
          [
            42.55378,
            47.725597
          ],
          [
            42.554245,
            47.7257
          ],
          [
            42.554771,
            47.725773
          ],
          [
            42.555275,
            47.725861
          ],
          [
            42.555771,
            47.725937
          ],
          [
            42.556263,
            47.726021
          ],
          [
            42.556744,
            47.726112
          ],
          [
            42.55724,
            47.726208
          ],
          [
            42.557728,
            47.726311
          ],
          [
            42.558212,
            47.726421
          ],
          [
            42.558697,
            47.726536
          ],
          [
            42.55917,
            47.726643
          ],
          [
            42.559647,
            47.726738
          ],
          [
            42.560131,
            47.726837
          ],
          [
            42.560612,
            47.726933
          ],
          [
            42.561089,
            47.727032
          ],
          [
            42.561573,
            47.727142
          ],
          [
            42.562042,
            47.727242
          ],
          [
            42.562508,
            47.727348
          ],
          [
            42.562943,
            47.72747
          ],
          [
            42.563435,
            47.727589
          ],
          [
            42.563911,
            47.727703
          ],
          [
            42.564415,
            47.727837
          ],
          [
            42.564877,
            47.727951
          ],
          [
            42.565319,
            47.728073
          ],
          [
            42.565758,
            47.728184
          ],
          [
            42.566189,
            47.728291
          ],
          [
            42.566643,
            47.728413
          ],
          [
            42.567108,
            47.728512
          ],
          [
            42.567535,
            47.728642
          ],
          [
            42.567993,
            47.728748
          ],
          [
            42.568508,
            47.728825
          ],
          [
            42.569027,
            47.729
          ],
          [
            42.569283,
            47.729164
          ],
          [
            42.569981,
            47.729267
          ],
          [
            42.570454,
            47.729275
          ],
          [
            42.571098,
            47.729374
          ],
          [
            42.571575,
            47.729576
          ],
          [
            42.57201,
            47.729588
          ],
          [
            42.572342,
            47.729687
          ],
          [
            42.572926,
            47.729771
          ],
          [
            42.573437,
            47.7299
          ],
          [
            42.573841,
            47.729939
          ],
          [
            42.574226,
            47.730057
          ],
          [
            42.574612,
            47.73011
          ],
          [
            42.575043,
            47.730095
          ],
          [
            42.575523,
            47.730145
          ],
          [
            42.576088,
            47.730347
          ],
          [
            42.576633,
            47.730568
          ],
          [
            42.57719,
            47.730824
          ],
          [
            42.577644,
            47.730984
          ],
          [
            42.578007,
            47.731087
          ],
          [
            42.57843,
            47.731194
          ],
          [
            42.579079,
            47.731377
          ],
          [
            42.579807,
            47.731506
          ],
          [
            42.580475,
            47.731621
          ],
          [
            42.581047,
            47.731758
          ],
          [
            42.581512,
            47.731831
          ],
          [
            42.581959,
            47.731934
          ],
          [
            42.58239,
            47.732037
          ],
          [
            42.582745,
            47.732159
          ],
          [
            42.583183,
            47.732277
          ],
          [
            42.583591,
            47.732403
          ],
          [
            42.583965,
            47.732536
          ],
          [
            42.584373,
            47.732639
          ],
          [
            42.584766,
            47.732746
          ],
          [
            42.585278,
            47.732899
          ],
          [
            42.585964,
            47.733059
          ],
          [
            42.586613,
            47.733234
          ],
          [
            42.58707,
            47.733356
          ],
          [
            42.587543,
            47.733425
          ],
          [
            42.587963,
            47.733498
          ],
          [
            42.588337,
            47.733578
          ],
          [
            42.588753,
            47.733677
          ],
          [
            42.589226,
            47.733799
          ],
          [
            42.589733,
            47.73394
          ],
          [
            42.590286,
            47.734089
          ],
          [
            42.590885,
            47.734253
          ],
          [
            42.591438,
            47.734512
          ],
          [
            42.59177,
            47.734612
          ],
          [
            42.59219,
            47.734642
          ],
          [
            42.592594,
            47.734688
          ],
          [
            42.593014,
            47.734779
          ],
          [
            42.593475,
            47.734859
          ],
          [
            42.593918,
            47.734989
          ],
          [
            42.59436,
            47.735153
          ],
          [
            42.594849,
            47.735382
          ],
          [
            42.595337,
            47.735451
          ],
          [
            42.595795,
            47.735592
          ],
          [
            42.596306,
            47.735756
          ],
          [
            42.596817,
            47.735825
          ],
          [
            42.597324,
            47.735859
          ],
          [
            42.59779,
            47.735947
          ],
          [
            42.598236,
            47.736053
          ],
          [
            42.598679,
            47.736206
          ],
          [
            42.598999,
            47.736259
          ],
          [
            42.599323,
            47.73645
          ],
          [
            42.599785,
            47.736549
          ],
          [
            42.600285,
            47.736691
          ],
          [
            42.600796,
            47.73695
          ],
          [
            42.601315,
            47.737297
          ],
          [
            42.602013,
            47.737488
          ],
          [
            42.602665,
            47.737507
          ],
          [
            42.603073,
            47.737514
          ],
          [
            42.603451,
            47.737534
          ],
          [
            42.603863,
            47.737583
          ],
          [
            42.604309,
            47.737675
          ],
          [
            42.604816,
            47.737823
          ],
          [
            42.60537,
            47.738071
          ],
          [
            42.605789,
            47.738235
          ],
          [
            42.606163,
            47.738354
          ],
          [
            42.606632,
            47.738468
          ],
          [
            42.606983,
            47.738533
          ],
          [
            42.607456,
            47.738636
          ],
          [
            42.607956,
            47.738773
          ],
          [
            42.608395,
            47.738899
          ],
          [
            42.608788,
            47.738979
          ],
          [
            42.609577,
            47.73941
          ],
          [
            42.610035,
            47.739532
          ],
          [
            42.610439,
            47.739616
          ],
          [
            42.611107,
            47.739929
          ],
          [
            42.611301,
            47.739876
          ],
          [
            42.611668,
            47.739922
          ],
          [
            42.612144,
            47.739994
          ],
          [
            42.612762,
            47.740238
          ],
          [
            42.61311,
            47.74028
          ],
          [
            42.613487,
            47.740322
          ],
          [
            42.613865,
            47.740265
          ],
          [
            42.614399,
            47.740356
          ],
          [
            42.614876,
            47.740479
          ],
          [
            42.615334,
            47.740616
          ],
          [
            42.615814,
            47.740765
          ],
          [
            42.616085,
            47.740952
          ],
          [
            42.616577,
            47.74107
          ]
        ]
      },
      "properties": {}
    }
  ]
}